13:23:15.768 debug: 2026/7/16 13:23:15
13:23:15.768 debug: Project: C:\Users\TU\Documents\Codex\2026-07-16\wo-d\PA-demo\project\NewProject
13:23:15.768 debug: Targets: editor,preview
13:23:15.770 debug: Incremental file seems great.
13:23:15.771 debug: Engine path: C:\ProgramData\cocos\editors\Creator\3.8.8\resources\resources\3d\engine
13:23:15.778 debug: Initializing target [Editor]
13:23:15.779 debug: Loading cache
13:23:15.779 debug: Loading cache costs 0.6896999999999025ms.
13:23:15.779 debug: Engine features shipped in editor: base,gfx-webgl,gfx-webgl2,gfx-empty,gfx-webgpu,3d,animation,skeletal-animation,2d,rich-text,mask,graphics,ui-skew,ui,affine-transform,sorting-2d,particle,particle-2d,physics-framework,physics-cannon,physics-physx,physics-ammo,physics-builtin,physics-2d-framework,physics-2d-box2d-jsb,physics-2d-box2d,physics-2d-builtin,physics-2d-box2d-wasm,intersection-2d,primitive,profiler,occlusion-query,geometry-renderer,debug-renderer,audio,video,xr,light-probe,terrain,webview,tween,tiled-map,vendor-google,spine-3.8,spine-4.2,dragon-bones,marionette,procedural-animation,custom-pipeline,custom-pipeline-builtin-scripts,custom-pipeline-post-process,legacy-pipeline,websocket,websocket-server,meshopt
13:23:15.780 debug: Our import map(foo:/bar): {
  "imports": {
    "cc": "cce:/internal/x/cc"
  }
}
13:23:15.780 debug: Initializing target [Preview]
13:23:15.780 debug: Loading cache
13:23:15.781 debug: Loading cache costs 0.5429000000003725ms.
13:23:15.781 debug: Our import map(foo:/bar): {
  "imports": {
    "cc": "cce:/internal/x/cc"
  }
}
13:23:15.807 debug: Sync engine features: 2d,3d,affine-transform,animation,audio,base,custom-pipeline,dragon-bones,gfx-webgl,gfx-webgl2,graphics,intersection-2d,mask,particle-2d,physics-2d-box2d,primitive,profiler,rich-text,spine-3.8,tiled-map,tween,ui,video,webview
13:23:15.810 debug: Reset databases. Enumerated domains: [
  {
    "root": "db://internal/",
    "physical": "C:\\ProgramData\\cocos\\editors\\Creator\\3.8.8\\resources\\resources\\3d\\engine\\editor\\assets"
  },
  {
    "root": "db://assets/",
    "physical": "C:\\Users\\TU\\Documents\\Codex\\2026-07-16\\wo-d\\PA-demo\\project\\NewProject\\assets"
  }
]
13:23:15.810 debug: Our import map(foo:/bar): {
  "imports": {
    "cc": "cce:/internal/x/cc",
    "db://internal/": "file:///C:/ProgramData/cocos/editors/Creator/3.8.8/resources/resources/3d/engine/editor/assets/",
    "db://assets/": "file:///C:/Users/TU/Documents/Codex/2026-07-16/wo-d/PA-demo/project/NewProject/assets/"
  }
}
13:23:15.812 debug: Our import map(foo:/bar): {
  "imports": {
    "cc": "cce:/internal/x/cc",
    "db://internal/": "file:///C:/ProgramData/cocos/editors/Creator/3.8.8/resources/resources/3d/engine/editor/assets/",
    "db://assets/": "file:///C:/Users/TU/Documents/Codex/2026-07-16/wo-d/PA-demo/project/NewProject/assets/"
  }
}
13:23:15.813 debug: Pulling asset-db.
13:23:15.816 debug: Fetch asset-db cost: 2.9119000000000597ms.
13:23:15.818 debug: Build iteration starts.
Number of accumulated asset changes: 8
Feature changed: false
13:23:15.818 debug: Target(editor) build started.
13:23:15.822 debug: Detected change: cce:/internal/x/cc. Last mtime: Thu Jan 01 1970 08:00:05 GMT+0800 (中国标准时间), Current mtime: Thu Jan 01 1970 08:00:05 GMT+0800 (中国标准时间)
13:23:15.822 debug: Inspect cce:/internal/x/cc
13:23:15.867 debug: transform url: 'cce:/internal/x/cc' costs: 45.40 ms
13:23:15.869 debug: Resolve cce:/internal/x/cc-fu/base from cce:/internal/x/cc as external dependency cce:/internal/x/cc-fu/base.
13:23:15.869 debug: Resolve cce:/internal/x/cc-fu/gfx-webgl from cce:/internal/x/cc as external dependency cce:/internal/x/cc-fu/gfx-webgl.
13:23:15.869 debug: Resolve cce:/internal/x/cc-fu/gfx-webgl2 from cce:/internal/x/cc as external dependency cce:/internal/x/cc-fu/gfx-webgl2.
13:23:15.869 debug: Resolve cce:/internal/x/cc-fu/gfx-empty from cce:/internal/x/cc as external dependency cce:/internal/x/cc-fu/gfx-empty.
13:23:15.869 debug: Resolve cce:/internal/x/cc-fu/gfx-webgpu from cce:/internal/x/cc as external dependency cce:/internal/x/cc-fu/gfx-webgpu.
13:23:15.869 debug: Resolve cce:/internal/x/cc-fu/3d from cce:/internal/x/cc as external dependency cce:/internal/x/cc-fu/3d.
13:23:15.869 debug: Resolve cce:/internal/x/cc-fu/animation from cce:/internal/x/cc as external dependency cce:/internal/x/cc-fu/animation.
13:23:15.869 debug: Resolve cce:/internal/x/cc-fu/skeletal-animation from cce:/internal/x/cc as external dependency cce:/internal/x/cc-fu/skeletal-animation.
13:23:15.869 debug: Resolve cce:/internal/x/cc-fu/2d from cce:/internal/x/cc as external dependency cce:/internal/x/cc-fu/2d.
13:23:15.869 debug: Resolve cce:/internal/x/cc-fu/sorting from cce:/internal/x/cc as external dependency cce:/internal/x/cc-fu/sorting.
13:23:15.869 debug: Resolve cce:/internal/x/cc-fu/rich-text from cce:/internal/x/cc as external dependency cce:/internal/x/cc-fu/rich-text.
13:23:15.869 debug: Resolve cce:/internal/x/cc-fu/mask from cce:/internal/x/cc as external dependency cce:/internal/x/cc-fu/mask.
13:23:15.869 debug: Resolve cce:/internal/x/cc-fu/graphics from cce:/internal/x/cc as external dependency cce:/internal/x/cc-fu/graphics.
13:23:15.869 debug: Resolve cce:/internal/x/cc-fu/ui-skew from cce:/internal/x/cc as external dependency cce:/internal/x/cc-fu/ui-skew.
13:23:15.869 debug: Resolve cce:/internal/x/cc-fu/ui from cce:/internal/x/cc as external dependency cce:/internal/x/cc-fu/ui.
13:23:15.869 debug: Resolve cce:/internal/x/cc-fu/affine-transform from cce:/internal/x/cc as external dependency cce:/internal/x/cc-fu/affine-transform.
13:23:15.869 debug: Resolve cce:/internal/x/cc-fu/sorting-2d from cce:/internal/x/cc as external dependency cce:/internal/x/cc-fu/sorting-2d.
13:23:15.869 debug: Resolve cce:/internal/x/cc-fu/particle from cce:/internal/x/cc as external dependency cce:/internal/x/cc-fu/particle.
13:23:15.869 debug: Resolve cce:/internal/x/cc-fu/particle-2d from cce:/internal/x/cc as external dependency cce:/internal/x/cc-fu/particle-2d.
13:23:15.869 debug: Resolve cce:/internal/x/cc-fu/physics-framework from cce:/internal/x/cc as external dependency cce:/internal/x/cc-fu/physics-framework.
13:23:15.869 debug: Resolve cce:/internal/x/cc-fu/physics-cannon from cce:/internal/x/cc as external dependency cce:/internal/x/cc-fu/physics-cannon.
13:23:15.869 debug: Resolve cce:/internal/x/cc-fu/physics-physx from cce:/internal/x/cc as external dependency cce:/internal/x/cc-fu/physics-physx.
13:23:15.869 debug: Resolve cce:/internal/x/cc-fu/physics-ammo from cce:/internal/x/cc as external dependency cce:/internal/x/cc-fu/physics-ammo.
13:23:15.869 debug: Resolve cce:/internal/x/cc-fu/physics-builtin from cce:/internal/x/cc as external dependency cce:/internal/x/cc-fu/physics-builtin.
13:23:15.869 debug: Resolve cce:/internal/x/cc-fu/physics-2d-framework from cce:/internal/x/cc as external dependency cce:/internal/x/cc-fu/physics-2d-framework.
13:23:15.869 debug: Resolve cce:/internal/x/cc-fu/physics-2d-box2d-jsb from cce:/internal/x/cc as external dependency cce:/internal/x/cc-fu/physics-2d-box2d-jsb.
13:23:15.869 debug: Resolve cce:/internal/x/cc-fu/physics-2d-box2d from cce:/internal/x/cc as external dependency cce:/internal/x/cc-fu/physics-2d-box2d.
13:23:15.869 debug: Resolve cce:/internal/x/cc-fu/physics-2d-builtin from cce:/internal/x/cc as external dependency cce:/internal/x/cc-fu/physics-2d-builtin.
13:23:15.869 debug: Resolve cce:/internal/x/cc-fu/physics-2d-box2d-wasm from cce:/internal/x/cc as external dependency cce:/internal/x/cc-fu/physics-2d-box2d-wasm.
13:23:15.869 debug: Resolve cce:/internal/x/cc-fu/intersection-2d from cce:/internal/x/cc as external dependency cce:/internal/x/cc-fu/intersection-2d.
13:23:15.869 debug: Resolve cce:/internal/x/cc-fu/primitive from cce:/internal/x/cc as external dependency cce:/internal/x/cc-fu/primitive.
13:23:15.869 debug: Resolve cce:/internal/x/cc-fu/profiler from cce:/internal/x/cc as external dependency cce:/internal/x/cc-fu/profiler.
13:23:15.869 debug: Resolve cce:/internal/x/cc-fu/geometry-renderer from cce:/internal/x/cc as external dependency cce:/internal/x/cc-fu/geometry-renderer.
13:23:15.869 debug: Resolve cce:/internal/x/cc-fu/audio from cce:/internal/x/cc as external dependency cce:/internal/x/cc-fu/audio.
13:23:15.869 debug: Resolve cce:/internal/x/cc-fu/video from cce:/internal/x/cc as external dependency cce:/internal/x/cc-fu/video.
13:23:15.869 debug: Resolve cce:/internal/x/cc-fu/xr from cce:/internal/x/cc as external dependency cce:/internal/x/cc-fu/xr.
13:23:15.869 debug: Resolve cce:/internal/x/cc-fu/light-probe from cce:/internal/x/cc as external dependency cce:/internal/x/cc-fu/light-probe.
13:23:15.870 debug: Resolve cce:/internal/x/cc-fu/terrain from cce:/internal/x/cc as external dependency cce:/internal/x/cc-fu/terrain.
13:23:15.870 debug: Resolve cce:/internal/x/cc-fu/webview from cce:/internal/x/cc as external dependency cce:/internal/x/cc-fu/webview.
13:23:15.870 debug: Resolve cce:/internal/x/cc-fu/tween from cce:/internal/x/cc as external dependency cce:/internal/x/cc-fu/tween.
13:23:15.870 debug: Resolve cce:/internal/x/cc-fu/tiled-map from cce:/internal/x/cc as external dependency cce:/internal/x/cc-fu/tiled-map.
13:23:15.870 debug: Resolve cce:/internal/x/cc-fu/vendor-google from cce:/internal/x/cc as external dependency cce:/internal/x/cc-fu/vendor-google.
13:23:15.870 debug: Resolve cce:/internal/x/cc-fu/spine from cce:/internal/x/cc as external dependency cce:/internal/x/cc-fu/spine.
13:23:15.870 debug: Resolve cce:/internal/x/cc-fu/dragon-bones from cce:/internal/x/cc as external dependency cce:/internal/x/cc-fu/dragon-bones.
13:23:15.870 debug: Resolve cce:/internal/x/cc-fu/custom-pipeline from cce:/internal/x/cc as external dependency cce:/internal/x/cc-fu/custom-pipeline.
13:23:15.870 debug: Resolve cce:/internal/x/cc-fu/custom-pipeline-post-process from cce:/internal/x/cc as external dependency cce:/internal/x/cc-fu/custom-pipeline-post-process.
13:23:15.870 debug: Resolve cce:/internal/x/cc-fu/legacy-pipeline from cce:/internal/x/cc as external dependency cce:/internal/x/cc-fu/legacy-pipeline.
13:23:15.870 debug: Detected change: cce:/internal/x/prerequisite-imports. Last mtime: Thu Jan 01 1970 08:00:06 GMT+0800 (中国标准时间), Current mtime: Thu Jan 01 1970 08:00:05 GMT+0800 (中国标准时间)
13:23:15.870 debug: Inspect cce:/internal/x/prerequisite-imports
13:23:15.884 debug: transform url: 'cce:/internal/x/prerequisite-imports' costs: 14.00 ms
13:23:15.886 debug: Resolve file:///C:/ProgramData/cocos/editors/Creator/3.8.8/resources/resources/3d/engine/editor/assets/default_renderpipeline/builtin-dof-pass.ts from cce:/internal/x/prerequisite-imports as file:///C:/ProgramData/cocos/editors/Creator/3.8.8/resources/resources/3d/engine/editor/assets/default_renderpipeline/builtin-dof-pass.ts.
13:23:15.887 debug: Resolve file:///C:/ProgramData/cocos/editors/Creator/3.8.8/resources/resources/3d/engine/editor/assets/default_renderpipeline/builtin-pipeline-pass.ts from cce:/internal/x/prerequisite-imports as file:///C:/ProgramData/cocos/editors/Creator/3.8.8/resources/resources/3d/engine/editor/assets/default_renderpipeline/builtin-pipeline-pass.ts.
13:23:15.888 debug: Resolve file:///C:/ProgramData/cocos/editors/Creator/3.8.8/resources/resources/3d/engine/editor/assets/default_renderpipeline/builtin-pipeline-settings.ts from cce:/internal/x/prerequisite-imports as file:///C:/ProgramData/cocos/editors/Creator/3.8.8/resources/resources/3d/engine/editor/assets/default_renderpipeline/builtin-pipeline-settings.ts.
13:23:15.888 debug: Resolve file:///C:/ProgramData/cocos/editors/Creator/3.8.8/resources/resources/3d/engine/editor/assets/default_renderpipeline/builtin-pipeline-types.ts from cce:/internal/x/prerequisite-imports as file:///C:/ProgramData/cocos/editors/Creator/3.8.8/resources/resources/3d/engine/editor/assets/default_renderpipeline/builtin-pipeline-types.ts.
13:23:15.889 debug: Resolve file:///C:/ProgramData/cocos/editors/Creator/3.8.8/resources/resources/3d/engine/editor/assets/default_renderpipeline/builtin-pipeline.ts from cce:/internal/x/prerequisite-imports as file:///C:/ProgramData/cocos/editors/Creator/3.8.8/resources/resources/3d/engine/editor/assets/default_renderpipeline/builtin-pipeline.ts.
13:23:15.890 debug: Resolve file:///C:/ProgramData/cocos/editors/Creator/3.8.8/resources/resources/3d/engine/editor/assets/tools/debug-view-runtime-control.ts from cce:/internal/x/prerequisite-imports as file:///C:/ProgramData/cocos/editors/Creator/3.8.8/resources/resources/3d/engine/editor/assets/tools/debug-view-runtime-control.ts.
13:23:15.891 debug: Resolve file:///C:/Users/TU/Documents/Codex/2026-07-16/wo-d/PA-demo/project/NewProject/assets/scripts/PADemo.ts from cce:/internal/x/prerequisite-imports as file:///C:/Users/TU/Documents/Codex/2026-07-16/wo-d/PA-demo/project/NewProject/assets/scripts/PADemo.ts.
13:23:15.891 debug: Detected change: file:///C:/Users/TU/Documents/Codex/2026-07-16/wo-d/PA-demo/project/NewProject/assets/scripts/PADemo.ts. Last mtime: Thu Jul 16 2026 13:12:41 GMT+0800 (中国标准时间)@7568f09a-6f69-4b3a-952b-2c811b6e3b4f, Current mtime: Thu Jul 16 2026 13:22:09 GMT+0800 (中国标准时间)@7568f09a-6f69-4b3a-952b-2c811b6e3b4f
13:23:15.891 debug: Inspect file:///C:/Users/TU/Documents/Codex/2026-07-16/wo-d/PA-demo/project/NewProject/assets/scripts/PADemo.ts
13:23:16.032 debug: transform url: 'file:///C:/Users/TU/Documents/Codex/2026-07-16/wo-d/PA-demo/project/NewProject/assets/scripts/PADemo.ts' costs: 141.10 ms
13:23:16.035 debug: Resolve file:///C:/Users/TU/Documents/Codex/2026-07-16/wo-d/PA-demo/project/NewProject/assets/scripts/ProceduralFactory.ts from cce:/internal/x/prerequisite-imports as file:///C:/Users/TU/Documents/Codex/2026-07-16/wo-d/PA-demo/project/NewProject/assets/scripts/ProceduralFactory.ts.
13:23:16.035 debug: Detected change: file:///C:/Users/TU/Documents/Codex/2026-07-16/wo-d/PA-demo/project/NewProject/assets/scripts/ProceduralFactory.ts. Last mtime: Thu Jul 16 2026 11:35:54 GMT+0800 (中国标准时间)@825db90b-0dc1-4f44-811e-0603a5accf9c, Current mtime: Thu Jul 16 2026 13:20:49 GMT+0800 (中国标准时间)@825db90b-0dc1-4f44-811e-0603a5accf9c
13:23:16.035 debug: Inspect file:///C:/Users/TU/Documents/Codex/2026-07-16/wo-d/PA-demo/project/NewProject/assets/scripts/ProceduralFactory.ts
13:23:16.075 debug: transform url: 'file:///C:/Users/TU/Documents/Codex/2026-07-16/wo-d/PA-demo/project/NewProject/assets/scripts/ProceduralFactory.ts' costs: 39.80 ms
13:23:16.077 debug: Resolve cce:/internal/code-quality/cr.mjs from file:///C:/ProgramData/cocos/editors/Creator/3.8.8/resources/resources/3d/engine/editor/assets/default_renderpipeline/builtin-dof-pass.ts as cce:/internal/code-quality/cr.mjs.
13:23:16.077 debug: Detected change: cce:/internal/code-quality/cr.mjs. Last mtime: Thu Jul 16 2026 13:14:15 GMT+0800 (中国标准时间), Current mtime: Thu Jul 16 2026 13:23:10 GMT+0800 (中国标准时间)
13:23:16.077 debug: Inspect cce:/internal/code-quality/cr.mjs
13:23:16.090 debug: transform url: 'cce:/internal/code-quality/cr.mjs' costs: 12.40 ms
13:23:16.091 debug: Resolve cc from file:///C:/ProgramData/cocos/editors/Creator/3.8.8/resources/resources/3d/engine/editor/assets/default_renderpipeline/builtin-dof-pass.ts as cce:/internal/x/cc.
13:23:16.091 debug: Resolve cc from file:///C:/ProgramData/cocos/editors/Creator/3.8.8/resources/resources/3d/engine/editor/assets/default_renderpipeline/builtin-dof-pass.ts as cce:/internal/x/cc.
13:23:16.091 debug: Resolve cc from file:///C:/ProgramData/cocos/editors/Creator/3.8.8/resources/resources/3d/engine/editor/assets/default_renderpipeline/builtin-dof-pass.ts as cce:/internal/x/cc.
13:23:16.091 debug: Resolve cc/env from file:///C:/ProgramData/cocos/editors/Creator/3.8.8/resources/resources/3d/engine/editor/assets/default_renderpipeline/builtin-dof-pass.ts as external dependency cc/env.
13:23:16.092 debug: Resolve ./builtin-pipeline-settings from file:///C:/ProgramData/cocos/editors/Creator/3.8.8/resources/resources/3d/engine/editor/assets/default_renderpipeline/builtin-dof-pass.ts as file:///C:/ProgramData/cocos/editors/Creator/3.8.8/resources/resources/3d/engine/editor/assets/default_renderpipeline/builtin-pipeline-settings.ts.
13:23:16.094 debug: Resolve ./builtin-pipeline-pass from file:///C:/ProgramData/cocos/editors/Creator/3.8.8/resources/resources/3d/engine/editor/assets/default_renderpipeline/builtin-dof-pass.ts as file:///C:/ProgramData/cocos/editors/Creator/3.8.8/resources/resources/3d/engine/editor/assets/default_renderpipeline/builtin-pipeline-pass.ts.
13:23:16.095 debug: Resolve ./builtin-pipeline from file:///C:/ProgramData/cocos/editors/Creator/3.8.8/resources/resources/3d/engine/editor/assets/default_renderpipeline/builtin-dof-pass.ts as file:///C:/ProgramData/cocos/editors/Creator/3.8.8/resources/resources/3d/engine/editor/assets/default_renderpipeline/builtin-pipeline.ts.
13:23:16.095 debug: Resolve cce:/internal/code-quality/cr.mjs from file:///C:/ProgramData/cocos/editors/Creator/3.8.8/resources/resources/3d/engine/editor/assets/default_renderpipeline/builtin-pipeline-settings.ts as cce:/internal/code-quality/cr.mjs.
13:23:16.095 debug: Resolve cc from file:///C:/ProgramData/cocos/editors/Creator/3.8.8/resources/resources/3d/engine/editor/assets/default_renderpipeline/builtin-pipeline-settings.ts as cce:/internal/x/cc.
13:23:16.095 debug: Resolve cc from file:///C:/ProgramData/cocos/editors/Creator/3.8.8/resources/resources/3d/engine/editor/assets/default_renderpipeline/builtin-pipeline-settings.ts as cce:/internal/x/cc.
13:23:16.095 debug: Resolve cc from file:///C:/ProgramData/cocos/editors/Creator/3.8.8/resources/resources/3d/engine/editor/assets/default_renderpipeline/builtin-pipeline-settings.ts as cce:/internal/x/cc.
13:23:16.095 debug: Resolve cc/env from file:///C:/ProgramData/cocos/editors/Creator/3.8.8/resources/resources/3d/engine/editor/assets/default_renderpipeline/builtin-pipeline-settings.ts as external dependency cc/env.
13:23:16.096 debug: Resolve ./builtin-pipeline-types from file:///C:/ProgramData/cocos/editors/Creator/3.8.8/resources/resources/3d/engine/editor/assets/default_renderpipeline/builtin-pipeline-settings.ts as file:///C:/ProgramData/cocos/editors/Creator/3.8.8/resources/resources/3d/engine/editor/assets/default_renderpipeline/builtin-pipeline-types.ts.
13:23:16.096 debug: Resolve cc from file:///C:/ProgramData/cocos/editors/Creator/3.8.8/resources/resources/3d/engine/editor/assets/default_renderpipeline/builtin-pipeline-types.ts as cce:/internal/x/cc.
13:23:16.096 debug: Resolve cc from file:///C:/ProgramData/cocos/editors/Creator/3.8.8/resources/resources/3d/engine/editor/assets/default_renderpipeline/builtin-pipeline-types.ts as cce:/internal/x/cc.
13:23:16.096 debug: Resolve cc from file:///C:/ProgramData/cocos/editors/Creator/3.8.8/resources/resources/3d/engine/editor/assets/default_renderpipeline/builtin-pipeline-types.ts as cce:/internal/x/cc.
13:23:16.096 debug: Resolve cce:/internal/code-quality/cr.mjs from file:///C:/ProgramData/cocos/editors/Creator/3.8.8/resources/resources/3d/engine/editor/assets/default_renderpipeline/builtin-pipeline-pass.ts as cce:/internal/code-quality/cr.mjs.
13:23:16.096 debug: Resolve cc from file:///C:/ProgramData/cocos/editors/Creator/3.8.8/resources/resources/3d/engine/editor/assets/default_renderpipeline/builtin-pipeline-pass.ts as cce:/internal/x/cc.
13:23:16.096 debug: Resolve cc from file:///C:/ProgramData/cocos/editors/Creator/3.8.8/resources/resources/3d/engine/editor/assets/default_renderpipeline/builtin-pipeline-pass.ts as cce:/internal/x/cc.
13:23:16.096 debug: Resolve cc from file:///C:/ProgramData/cocos/editors/Creator/3.8.8/resources/resources/3d/engine/editor/assets/default_renderpipeline/builtin-pipeline-pass.ts as cce:/internal/x/cc.
13:23:16.098 debug: Resolve ./builtin-pipeline-settings from file:///C:/ProgramData/cocos/editors/Creator/3.8.8/resources/resources/3d/engine/editor/assets/default_renderpipeline/builtin-pipeline-pass.ts as file:///C:/ProgramData/cocos/editors/Creator/3.8.8/resources/resources/3d/engine/editor/assets/default_renderpipeline/builtin-pipeline-settings.ts.
13:23:16.098 debug: Resolve cc/env from file:///C:/ProgramData/cocos/editors/Creator/3.8.8/resources/resources/3d/engine/editor/assets/default_renderpipeline/builtin-pipeline-pass.ts as external dependency cc/env.
13:23:16.098 debug: Resolve cce:/internal/code-quality/cr.mjs from file:///C:/ProgramData/cocos/editors/Creator/3.8.8/resources/resources/3d/engine/editor/assets/default_renderpipeline/builtin-pipeline.ts as cce:/internal/code-quality/cr.mjs.
13:23:16.098 debug: Resolve cc from file:///C:/ProgramData/cocos/editors/Creator/3.8.8/resources/resources/3d/engine/editor/assets/default_renderpipeline/builtin-pipeline.ts as cce:/internal/x/cc.
13:23:16.098 debug: Resolve cc from file:///C:/ProgramData/cocos/editors/Creator/3.8.8/resources/resources/3d/engine/editor/assets/default_renderpipeline/builtin-pipeline.ts as cce:/internal/x/cc.
13:23:16.098 debug: Resolve cc from file:///C:/ProgramData/cocos/editors/Creator/3.8.8/resources/resources/3d/engine/editor/assets/default_renderpipeline/builtin-pipeline.ts as cce:/internal/x/cc.
13:23:16.098 debug: Resolve cc/env from file:///C:/ProgramData/cocos/editors/Creator/3.8.8/resources/resources/3d/engine/editor/assets/default_renderpipeline/builtin-pipeline.ts as external dependency cc/env.
13:23:16.099 debug: Resolve ./builtin-pipeline-types from file:///C:/ProgramData/cocos/editors/Creator/3.8.8/resources/resources/3d/engine/editor/assets/default_renderpipeline/builtin-pipeline.ts as file:///C:/ProgramData/cocos/editors/Creator/3.8.8/resources/resources/3d/engine/editor/assets/default_renderpipeline/builtin-pipeline-types.ts.
13:23:16.099 debug: Resolve cc from file:///C:/ProgramData/cocos/editors/Creator/3.8.8/resources/resources/3d/engine/editor/assets/tools/debug-view-runtime-control.ts as cce:/internal/x/cc.
13:23:16.099 debug: Resolve cc from file:///C:/ProgramData/cocos/editors/Creator/3.8.8/resources/resources/3d/engine/editor/assets/tools/debug-view-runtime-control.ts as cce:/internal/x/cc.
13:23:16.099 debug: Resolve cc from file:///C:/ProgramData/cocos/editors/Creator/3.8.8/resources/resources/3d/engine/editor/assets/tools/debug-view-runtime-control.ts as cce:/internal/x/cc.
13:23:16.099 debug: Resolve cce:/internal/code-quality/cr.mjs from file:///C:/Users/TU/Documents/Codex/2026-07-16/wo-d/PA-demo/project/NewProject/assets/scripts/PADemo.ts as cce:/internal/code-quality/cr.mjs.
13:23:16.099 debug: Resolve cc from file:///C:/Users/TU/Documents/Codex/2026-07-16/wo-d/PA-demo/project/NewProject/assets/scripts/PADemo.ts as cce:/internal/x/cc.
13:23:16.099 debug: Resolve cc from file:///C:/Users/TU/Documents/Codex/2026-07-16/wo-d/PA-demo/project/NewProject/assets/scripts/PADemo.ts as cce:/internal/x/cc.
13:23:16.099 debug: Resolve cc from file:///C:/Users/TU/Documents/Codex/2026-07-16/wo-d/PA-demo/project/NewProject/assets/scripts/PADemo.ts as cce:/internal/x/cc.
13:23:16.100 debug: Resolve ./ProceduralFactory from file:///C:/Users/TU/Documents/Codex/2026-07-16/wo-d/PA-demo/project/NewProject/assets/scripts/PADemo.ts as file:///C:/Users/TU/Documents/Codex/2026-07-16/wo-d/PA-demo/project/NewProject/assets/scripts/ProceduralFactory.ts.
13:23:16.100 debug: Resolve cc from file:///C:/Users/TU/Documents/Codex/2026-07-16/wo-d/PA-demo/project/NewProject/assets/scripts/ProceduralFactory.ts as cce:/internal/x/cc.
13:23:16.100 debug: Resolve cc from file:///C:/Users/TU/Documents/Codex/2026-07-16/wo-d/PA-demo/project/NewProject/assets/scripts/ProceduralFactory.ts as cce:/internal/x/cc.
13:23:16.100 debug: Resolve cc from file:///C:/Users/TU/Documents/Codex/2026-07-16/wo-d/PA-demo/project/NewProject/assets/scripts/ProceduralFactory.ts as cce:/internal/x/cc.
13:23:16.112 debug: Target(editor) ends with cost 293.33219999999983ms.
13:23:16.112 debug: Target(preview) build started.
13:23:16.115 debug: Detected change: cce:/internal/x/cc. Last mtime: Thu Jan 01 1970 08:00:05 GMT+0800 (中国标准时间), Current mtime: Thu Jan 01 1970 08:00:05 GMT+0800 (中国标准时间)
13:23:16.115 debug: Inspect cce:/internal/x/cc
13:23:16.138 debug: transform url: 'cce:/internal/x/cc' costs: 22.90 ms
13:23:16.140 debug: Resolve cce:/internal/x/cc-fu/2d from cce:/internal/x/cc as external dependency cce:/internal/x/cc-fu/2d.
13:23:16.140 debug: Resolve cce:/internal/x/cc-fu/sorting from cce:/internal/x/cc as external dependency cce:/internal/x/cc-fu/sorting.
13:23:16.140 debug: Resolve cce:/internal/x/cc-fu/3d from cce:/internal/x/cc as external dependency cce:/internal/x/cc-fu/3d.
13:23:16.140 debug: Resolve cce:/internal/x/cc-fu/affine-transform from cce:/internal/x/cc as external dependency cce:/internal/x/cc-fu/affine-transform.
13:23:16.140 debug: Resolve cce:/internal/x/cc-fu/animation from cce:/internal/x/cc as external dependency cce:/internal/x/cc-fu/animation.
13:23:16.140 debug: Resolve cce:/internal/x/cc-fu/audio from cce:/internal/x/cc as external dependency cce:/internal/x/cc-fu/audio.
13:23:16.140 debug: Resolve cce:/internal/x/cc-fu/base from cce:/internal/x/cc as external dependency cce:/internal/x/cc-fu/base.
13:23:16.140 debug: Resolve cce:/internal/x/cc-fu/custom-pipeline from cce:/internal/x/cc as external dependency cce:/internal/x/cc-fu/custom-pipeline.
13:23:16.140 debug: Resolve cce:/internal/x/cc-fu/dragon-bones from cce:/internal/x/cc as external dependency cce:/internal/x/cc-fu/dragon-bones.
13:23:16.140 debug: Resolve cce:/internal/x/cc-fu/gfx-webgl from cce:/internal/x/cc as external dependency cce:/internal/x/cc-fu/gfx-webgl.
13:23:16.140 debug: Resolve cce:/internal/x/cc-fu/gfx-webgl2 from cce:/internal/x/cc as external dependency cce:/internal/x/cc-fu/gfx-webgl2.
13:23:16.140 debug: Resolve cce:/internal/x/cc-fu/graphics from cce:/internal/x/cc as external dependency cce:/internal/x/cc-fu/graphics.
13:23:16.140 debug: Resolve cce:/internal/x/cc-fu/intersection-2d from cce:/internal/x/cc as external dependency cce:/internal/x/cc-fu/intersection-2d.
13:23:16.140 debug: Resolve cce:/internal/x/cc-fu/mask from cce:/internal/x/cc as external dependency cce:/internal/x/cc-fu/mask.
13:23:16.140 debug: Resolve cce:/internal/x/cc-fu/particle-2d from cce:/internal/x/cc as external dependency cce:/internal/x/cc-fu/particle-2d.
13:23:16.140 debug: Resolve cce:/internal/x/cc-fu/physics-2d-box2d from cce:/internal/x/cc as external dependency cce:/internal/x/cc-fu/physics-2d-box2d.
13:23:16.140 debug: Resolve cce:/internal/x/cc-fu/physics-2d-framework from cce:/internal/x/cc as external dependency cce:/internal/x/cc-fu/physics-2d-framework.
13:23:16.140 debug: Resolve cce:/internal/x/cc-fu/primitive from cce:/internal/x/cc as external dependency cce:/internal/x/cc-fu/primitive.
13:23:16.140 debug: Resolve cce:/internal/x/cc-fu/profiler from cce:/internal/x/cc as external dependency cce:/internal/x/cc-fu/profiler.
13:23:16.140 debug: Resolve cce:/internal/x/cc-fu/rich-text from cce:/internal/x/cc as external dependency cce:/internal/x/cc-fu/rich-text.
13:23:16.140 debug: Resolve cce:/internal/x/cc-fu/spine from cce:/internal/x/cc as external dependency cce:/internal/x/cc-fu/spine.
13:23:16.140 debug: Resolve cce:/internal/x/cc-fu/tiled-map from cce:/internal/x/cc as external dependency cce:/internal/x/cc-fu/tiled-map.
13:23:16.140 debug: Resolve cce:/internal/x/cc-fu/tween from cce:/internal/x/cc as external dependency cce:/internal/x/cc-fu/tween.
13:23:16.140 debug: Resolve cce:/internal/x/cc-fu/ui from cce:/internal/x/cc as external dependency cce:/internal/x/cc-fu/ui.
13:23:16.140 debug: Resolve cce:/internal/x/cc-fu/video from cce:/internal/x/cc as external dependency cce:/internal/x/cc-fu/video.
13:23:16.140 debug: Resolve cce:/internal/x/cc-fu/webview from cce:/internal/x/cc as external dependency cce:/internal/x/cc-fu/webview.
13:23:16.140 debug: Detected change: cce:/internal/x/prerequisite-imports. Last mtime: Thu Jan 01 1970 08:00:06 GMT+0800 (中国标准时间), Current mtime: Thu Jan 01 1970 08:00:05 GMT+0800 (中国标准时间)
13:23:16.140 debug: Inspect cce:/internal/x/prerequisite-imports
13:23:16.152 debug: transform url: 'cce:/internal/x/prerequisite-imports' costs: 11.40 ms
13:23:16.154 debug: Resolve file:///C:/ProgramData/cocos/editors/Creator/3.8.8/resources/resources/3d/engine/editor/assets/default_renderpipeline/builtin-dof-pass.ts from cce:/internal/x/prerequisite-imports as file:///C:/ProgramData/cocos/editors/Creator/3.8.8/resources/resources/3d/engine/editor/assets/default_renderpipeline/builtin-dof-pass.ts.
13:23:16.156 debug: Resolve file:///C:/ProgramData/cocos/editors/Creator/3.8.8/resources/resources/3d/engine/editor/assets/default_renderpipeline/builtin-pipeline-pass.ts from cce:/internal/x/prerequisite-imports as file:///C:/ProgramData/cocos/editors/Creator/3.8.8/resources/resources/3d/engine/editor/assets/default_renderpipeline/builtin-pipeline-pass.ts.
13:23:16.157 debug: Resolve file:///C:/ProgramData/cocos/editors/Creator/3.8.8/resources/resources/3d/engine/editor/assets/default_renderpipeline/builtin-pipeline-settings.ts from cce:/internal/x/prerequisite-imports as file:///C:/ProgramData/cocos/editors/Creator/3.8.8/resources/resources/3d/engine/editor/assets/default_renderpipeline/builtin-pipeline-settings.ts.
13:23:16.159 debug: Resolve file:///C:/ProgramData/cocos/editors/Creator/3.8.8/resources/resources/3d/engine/editor/assets/default_renderpipeline/builtin-pipeline-types.ts from cce:/internal/x/prerequisite-imports as file:///C:/ProgramData/cocos/editors/Creator/3.8.8/resources/resources/3d/engine/editor/assets/default_renderpipeline/builtin-pipeline-types.ts.
13:23:16.161 debug: Resolve file:///C:/ProgramData/cocos/editors/Creator/3.8.8/resources/resources/3d/engine/editor/assets/default_renderpipeline/builtin-pipeline.ts from cce:/internal/x/prerequisite-imports as file:///C:/ProgramData/cocos/editors/Creator/3.8.8/resources/resources/3d/engine/editor/assets/default_renderpipeline/builtin-pipeline.ts.
13:23:16.167 debug: Resolve file:///C:/ProgramData/cocos/editors/Creator/3.8.8/resources/resources/3d/engine/editor/assets/tools/debug-view-runtime-control.ts from cce:/internal/x/prerequisite-imports as file:///C:/ProgramData/cocos/editors/Creator/3.8.8/resources/resources/3d/engine/editor/assets/tools/debug-view-runtime-control.ts.
13:23:16.168 debug: Resolve file:///C:/Users/TU/Documents/Codex/2026-07-16/wo-d/PA-demo/project/NewProject/assets/scripts/PADemo.ts from cce:/internal/x/prerequisite-imports as file:///C:/Users/TU/Documents/Codex/2026-07-16/wo-d/PA-demo/project/NewProject/assets/scripts/PADemo.ts.
13:23:16.168 debug: Detected change: file:///C:/Users/TU/Documents/Codex/2026-07-16/wo-d/PA-demo/project/NewProject/assets/scripts/PADemo.ts. Last mtime: Thu Jul 16 2026 13:12:41 GMT+0800 (中国标准时间)@7568f09a-6f69-4b3a-952b-2c811b6e3b4f, Current mtime: Thu Jul 16 2026 13:22:09 GMT+0800 (中国标准时间)@7568f09a-6f69-4b3a-952b-2c811b6e3b4f
13:23:16.168 debug: Inspect file:///C:/Users/TU/Documents/Codex/2026-07-16/wo-d/PA-demo/project/NewProject/assets/scripts/PADemo.ts
13:23:16.306 debug: transform url: 'file:///C:/Users/TU/Documents/Codex/2026-07-16/wo-d/PA-demo/project/NewProject/assets/scripts/PADemo.ts' costs: 138.00 ms
13:23:16.309 debug: Resolve file:///C:/Users/TU/Documents/Codex/2026-07-16/wo-d/PA-demo/project/NewProject/assets/scripts/ProceduralFactory.ts from cce:/internal/x/prerequisite-imports as file:///C:/Users/TU/Documents/Codex/2026-07-16/wo-d/PA-demo/project/NewProject/assets/scripts/ProceduralFactory.ts.
13:23:16.309 debug: Detected change: file:///C:/Users/TU/Documents/Codex/2026-07-16/wo-d/PA-demo/project/NewProject/assets/scripts/ProceduralFactory.ts. Last mtime: Thu Jul 16 2026 11:35:54 GMT+0800 (中国标准时间)@825db90b-0dc1-4f44-811e-0603a5accf9c, Current mtime: Thu Jul 16 2026 13:20:49 GMT+0800 (中国标准时间)@825db90b-0dc1-4f44-811e-0603a5accf9c
13:23:16.309 debug: Inspect file:///C:/Users/TU/Documents/Codex/2026-07-16/wo-d/PA-demo/project/NewProject/assets/scripts/ProceduralFactory.ts
13:23:16.349 debug: transform url: 'file:///C:/Users/TU/Documents/Codex/2026-07-16/wo-d/PA-demo/project/NewProject/assets/scripts/ProceduralFactory.ts' costs: 39.40 ms
13:23:16.350 debug: Resolve cce:/internal/code-quality/cr.mjs from file:///C:/ProgramData/cocos/editors/Creator/3.8.8/resources/resources/3d/engine/editor/assets/default_renderpipeline/builtin-dof-pass.ts as cce:/internal/code-quality/cr.mjs.
13:23:16.351 debug: Detected change: cce:/internal/code-quality/cr.mjs. Last mtime: Thu Jul 16 2026 13:14:15 GMT+0800 (中国标准时间), Current mtime: Thu Jul 16 2026 13:23:10 GMT+0800 (中国标准时间)
13:23:16.351 debug: Inspect cce:/internal/code-quality/cr.mjs
13:23:16.360 debug: transform url: 'cce:/internal/code-quality/cr.mjs' costs: 9.20 ms
13:23:16.361 debug: Resolve cc from file:///C:/ProgramData/cocos/editors/Creator/3.8.8/resources/resources/3d/engine/editor/assets/default_renderpipeline/builtin-dof-pass.ts as cce:/internal/x/cc.
13:23:16.361 debug: Resolve cc from file:///C:/ProgramData/cocos/editors/Creator/3.8.8/resources/resources/3d/engine/editor/assets/default_renderpipeline/builtin-dof-pass.ts as cce:/internal/x/cc.
13:23:16.361 debug: Resolve cc from file:///C:/ProgramData/cocos/editors/Creator/3.8.8/resources/resources/3d/engine/editor/assets/default_renderpipeline/builtin-dof-pass.ts as cce:/internal/x/cc.
13:23:16.361 debug: Resolve cc/env from file:///C:/ProgramData/cocos/editors/Creator/3.8.8/resources/resources/3d/engine/editor/assets/default_renderpipeline/builtin-dof-pass.ts as external dependency cc/env.
13:23:16.362 debug: Resolve ./builtin-pipeline-settings from file:///C:/ProgramData/cocos/editors/Creator/3.8.8/resources/resources/3d/engine/editor/assets/default_renderpipeline/builtin-dof-pass.ts as file:///C:/ProgramData/cocos/editors/Creator/3.8.8/resources/resources/3d/engine/editor/assets/default_renderpipeline/builtin-pipeline-settings.ts.
13:23:16.363 debug: Resolve ./builtin-pipeline-pass from file:///C:/ProgramData/cocos/editors/Creator/3.8.8/resources/resources/3d/engine/editor/assets/default_renderpipeline/builtin-dof-pass.ts as file:///C:/ProgramData/cocos/editors/Creator/3.8.8/resources/resources/3d/engine/editor/assets/default_renderpipeline/builtin-pipeline-pass.ts.
13:23:16.364 debug: Resolve ./builtin-pipeline from file:///C:/ProgramData/cocos/editors/Creator/3.8.8/resources/resources/3d/engine/editor/assets/default_renderpipeline/builtin-dof-pass.ts as file:///C:/ProgramData/cocos/editors/Creator/3.8.8/resources/resources/3d/engine/editor/assets/default_renderpipeline/builtin-pipeline.ts.
13:23:16.364 debug: Resolve cce:/internal/code-quality/cr.mjs from file:///C:/ProgramData/cocos/editors/Creator/3.8.8/resources/resources/3d/engine/editor/assets/default_renderpipeline/builtin-pipeline-settings.ts as cce:/internal/code-quality/cr.mjs.
13:23:16.364 debug: Resolve cc from file:///C:/ProgramData/cocos/editors/Creator/3.8.8/resources/resources/3d/engine/editor/assets/default_renderpipeline/builtin-pipeline-settings.ts as cce:/internal/x/cc.
13:23:16.364 debug: Resolve cc from file:///C:/ProgramData/cocos/editors/Creator/3.8.8/resources/resources/3d/engine/editor/assets/default_renderpipeline/builtin-pipeline-settings.ts as cce:/internal/x/cc.
13:23:16.364 debug: Resolve cc from file:///C:/ProgramData/cocos/editors/Creator/3.8.8/resources/resources/3d/engine/editor/assets/default_renderpipeline/builtin-pipeline-settings.ts as cce:/internal/x/cc.
13:23:16.364 debug: Resolve cc/env from file:///C:/ProgramData/cocos/editors/Creator/3.8.8/resources/resources/3d/engine/editor/assets/default_renderpipeline/builtin-pipeline-settings.ts as external dependency cc/env.
13:23:16.365 debug: Resolve ./builtin-pipeline-types from file:///C:/ProgramData/cocos/editors/Creator/3.8.8/resources/resources/3d/engine/editor/assets/default_renderpipeline/builtin-pipeline-settings.ts as file:///C:/ProgramData/cocos/editors/Creator/3.8.8/resources/resources/3d/engine/editor/assets/default_renderpipeline/builtin-pipeline-types.ts.
13:23:16.365 debug: Resolve cc from file:///C:/ProgramData/cocos/editors/Creator/3.8.8/resources/resources/3d/engine/editor/assets/default_renderpipeline/builtin-pipeline-types.ts as cce:/internal/x/cc.
13:23:16.365 debug: Resolve cc from file:///C:/ProgramData/cocos/editors/Creator/3.8.8/resources/resources/3d/engine/editor/assets/default_renderpipeline/builtin-pipeline-types.ts as cce:/internal/x/cc.
13:23:16.365 debug: Resolve cc from file:///C:/ProgramData/cocos/editors/Creator/3.8.8/resources/resources/3d/engine/editor/assets/default_renderpipeline/builtin-pipeline-types.ts as cce:/internal/x/cc.
13:23:16.365 debug: Resolve cce:/internal/code-quality/cr.mjs from file:///C:/ProgramData/cocos/editors/Creator/3.8.8/resources/resources/3d/engine/editor/assets/default_renderpipeline/builtin-pipeline-pass.ts as cce:/internal/code-quality/cr.mjs.
13:23:16.365 debug: Resolve cc from file:///C:/ProgramData/cocos/editors/Creator/3.8.8/resources/resources/3d/engine/editor/assets/default_renderpipeline/builtin-pipeline-pass.ts as cce:/internal/x/cc.
13:23:16.365 debug: Resolve cc from file:///C:/ProgramData/cocos/editors/Creator/3.8.8/resources/resources/3d/engine/editor/assets/default_renderpipeline/builtin-pipeline-pass.ts as cce:/internal/x/cc.
13:23:16.365 debug: Resolve cc from file:///C:/ProgramData/cocos/editors/Creator/3.8.8/resources/resources/3d/engine/editor/assets/default_renderpipeline/builtin-pipeline-pass.ts as cce:/internal/x/cc.
13:23:16.366 debug: Resolve ./builtin-pipeline-settings from file:///C:/ProgramData/cocos/editors/Creator/3.8.8/resources/resources/3d/engine/editor/assets/default_renderpipeline/builtin-pipeline-pass.ts as file:///C:/ProgramData/cocos/editors/Creator/3.8.8/resources/resources/3d/engine/editor/assets/default_renderpipeline/builtin-pipeline-settings.ts.
13:23:16.366 debug: Resolve cc/env from file:///C:/ProgramData/cocos/editors/Creator/3.8.8/resources/resources/3d/engine/editor/assets/default_renderpipeline/builtin-pipeline-pass.ts as external dependency cc/env.
13:23:16.367 debug: Resolve cce:/internal/code-quality/cr.mjs from file:///C:/ProgramData/cocos/editors/Creator/3.8.8/resources/resources/3d/engine/editor/assets/default_renderpipeline/builtin-pipeline.ts as cce:/internal/code-quality/cr.mjs.
13:23:16.367 debug: Resolve cc from file:///C:/ProgramData/cocos/editors/Creator/3.8.8/resources/resources/3d/engine/editor/assets/default_renderpipeline/builtin-pipeline.ts as cce:/internal/x/cc.
13:23:16.367 debug: Resolve cc from file:///C:/ProgramData/cocos/editors/Creator/3.8.8/resources/resources/3d/engine/editor/assets/default_renderpipeline/builtin-pipeline.ts as cce:/internal/x/cc.
13:23:16.367 debug: Resolve cc from file:///C:/ProgramData/cocos/editors/Creator/3.8.8/resources/resources/3d/engine/editor/assets/default_renderpipeline/builtin-pipeline.ts as cce:/internal/x/cc.
13:23:16.367 debug: Resolve cc/env from file:///C:/ProgramData/cocos/editors/Creator/3.8.8/resources/resources/3d/engine/editor/assets/default_renderpipeline/builtin-pipeline.ts as external dependency cc/env.
13:23:16.367 debug: Resolve ./builtin-pipeline-types from file:///C:/ProgramData/cocos/editors/Creator/3.8.8/resources/resources/3d/engine/editor/assets/default_renderpipeline/builtin-pipeline.ts as file:///C:/ProgramData/cocos/editors/Creator/3.8.8/resources/resources/3d/engine/editor/assets/default_renderpipeline/builtin-pipeline-types.ts.
13:23:16.367 debug: Resolve cc from file:///C:/ProgramData/cocos/editors/Creator/3.8.8/resources/resources/3d/engine/editor/assets/tools/debug-view-runtime-control.ts as cce:/internal/x/cc.
13:23:16.367 debug: Resolve cc from file:///C:/ProgramData/cocos/editors/Creator/3.8.8/resources/resources/3d/engine/editor/assets/tools/debug-view-runtime-control.ts as cce:/internal/x/cc.
13:23:16.367 debug: Resolve cc from file:///C:/ProgramData/cocos/editors/Creator/3.8.8/resources/resources/3d/engine/editor/assets/tools/debug-view-runtime-control.ts as cce:/internal/x/cc.
13:23:16.368 debug: Resolve cce:/internal/code-quality/cr.mjs from file:///C:/Users/TU/Documents/Codex/2026-07-16/wo-d/PA-demo/project/NewProject/assets/scripts/PADemo.ts as cce:/internal/code-quality/cr.mjs.
13:23:16.368 debug: Resolve cc from file:///C:/Users/TU/Documents/Codex/2026-07-16/wo-d/PA-demo/project/NewProject/assets/scripts/PADemo.ts as cce:/internal/x/cc.
13:23:16.368 debug: Resolve cc from file:///C:/Users/TU/Documents/Codex/2026-07-16/wo-d/PA-demo/project/NewProject/assets/scripts/PADemo.ts as cce:/internal/x/cc.
13:23:16.368 debug: Resolve cc from file:///C:/Users/TU/Documents/Codex/2026-07-16/wo-d/PA-demo/project/NewProject/assets/scripts/PADemo.ts as cce:/internal/x/cc.
13:23:16.368 debug: Resolve ./ProceduralFactory from file:///C:/Users/TU/Documents/Codex/2026-07-16/wo-d/PA-demo/project/NewProject/assets/scripts/PADemo.ts as file:///C:/Users/TU/Documents/Codex/2026-07-16/wo-d/PA-demo/project/NewProject/assets/scripts/ProceduralFactory.ts.
13:23:16.368 debug: Resolve cc from file:///C:/Users/TU/Documents/Codex/2026-07-16/wo-d/PA-demo/project/NewProject/assets/scripts/ProceduralFactory.ts as cce:/internal/x/cc.
13:23:16.368 debug: Resolve cc from file:///C:/Users/TU/Documents/Codex/2026-07-16/wo-d/PA-demo/project/NewProject/assets/scripts/ProceduralFactory.ts as cce:/internal/x/cc.
13:23:16.368 debug: Resolve cc from file:///C:/Users/TU/Documents/Codex/2026-07-16/wo-d/PA-demo/project/NewProject/assets/scripts/ProceduralFactory.ts as cce:/internal/x/cc.
13:23:16.379 debug: Target(preview) ends with cost 267.09609999999975ms.
13:23:17.085 debug: Pulling asset-db.
13:23:17.625 debug: Fetch asset-db cost: 540.0425999999998ms.
13:23:17.627 debug: Build iteration starts.
Number of accumulated asset changes: 8
Feature changed: false
13:23:17.627 debug: Target(editor) build started.
13:23:17.630 debug: Detected change: cce:/internal/x/prerequisite-imports. Last mtime: Thu Jan 01 1970 08:00:05 GMT+0800 (中国标准时间), Current mtime: Thu Jan 01 1970 08:00:06 GMT+0800 (中国标准时间)
13:23:17.630 debug: Inspect cce:/internal/x/prerequisite-imports
13:23:17.640 debug: transform url: 'cce:/internal/x/prerequisite-imports' costs: 10.00 ms
13:23:17.644 debug: Resolve file:///C:/ProgramData/cocos/editors/Creator/3.8.8/resources/resources/3d/engine/editor/assets/default_renderpipeline/builtin-dof-pass.ts from cce:/internal/x/prerequisite-imports as file:///C:/ProgramData/cocos/editors/Creator/3.8.8/resources/resources/3d/engine/editor/assets/default_renderpipeline/builtin-dof-pass.ts.
13:23:17.645 debug: Resolve file:///C:/ProgramData/cocos/editors/Creator/3.8.8/resources/resources/3d/engine/editor/assets/default_renderpipeline/builtin-pipeline-pass.ts from cce:/internal/x/prerequisite-imports as file:///C:/ProgramData/cocos/editors/Creator/3.8.8/resources/resources/3d/engine/editor/assets/default_renderpipeline/builtin-pipeline-pass.ts.
13:23:17.646 debug: Resolve file:///C:/ProgramData/cocos/editors/Creator/3.8.8/resources/resources/3d/engine/editor/assets/default_renderpipeline/builtin-pipeline-settings.ts from cce:/internal/x/prerequisite-imports as file:///C:/ProgramData/cocos/editors/Creator/3.8.8/resources/resources/3d/engine/editor/assets/default_renderpipeline/builtin-pipeline-settings.ts.
13:23:17.647 debug: Resolve file:///C:/ProgramData/cocos/editors/Creator/3.8.8/resources/resources/3d/engine/editor/assets/default_renderpipeline/builtin-pipeline-types.ts from cce:/internal/x/prerequisite-imports as file:///C:/ProgramData/cocos/editors/Creator/3.8.8/resources/resources/3d/engine/editor/assets/default_renderpipeline/builtin-pipeline-types.ts.
13:23:17.648 debug: Resolve file:///C:/ProgramData/cocos/editors/Creator/3.8.8/resources/resources/3d/engine/editor/assets/default_renderpipeline/builtin-pipeline.ts from cce:/internal/x/prerequisite-imports as file:///C:/ProgramData/cocos/editors/Creator/3.8.8/resources/resources/3d/engine/editor/assets/default_renderpipeline/builtin-pipeline.ts.
13:23:17.649 debug: Resolve file:///C:/ProgramData/cocos/editors/Creator/3.8.8/resources/resources/3d/engine/editor/assets/tools/debug-view-runtime-control.ts from cce:/internal/x/prerequisite-imports as file:///C:/ProgramData/cocos/editors/Creator/3.8.8/resources/resources/3d/engine/editor/assets/tools/debug-view-runtime-control.ts.
13:23:17.649 debug: Resolve file:///C:/Users/TU/Documents/Codex/2026-07-16/wo-d/PA-demo/project/NewProject/assets/scripts/PADemo.ts from cce:/internal/x/prerequisite-imports as file:///C:/Users/TU/Documents/Codex/2026-07-16/wo-d/PA-demo/project/NewProject/assets/scripts/PADemo.ts.
13:23:17.650 debug: Resolve file:///C:/Users/TU/Documents/Codex/2026-07-16/wo-d/PA-demo/project/NewProject/assets/scripts/ProceduralFactory.ts from cce:/internal/x/prerequisite-imports as file:///C:/Users/TU/Documents/Codex/2026-07-16/wo-d/PA-demo/project/NewProject/assets/scripts/ProceduralFactory.ts.
13:23:17.661 debug: Target(editor) ends with cost 34.1268ms.
13:23:17.662 debug: Target(preview) build started.
13:23:17.664 debug: Detected change: cce:/internal/x/prerequisite-imports. Last mtime: Thu Jan 01 1970 08:00:05 GMT+0800 (中国标准时间), Current mtime: Thu Jan 01 1970 08:00:06 GMT+0800 (中国标准时间)
13:23:17.664 debug: Inspect cce:/internal/x/prerequisite-imports
13:23:17.676 debug: transform url: 'cce:/internal/x/prerequisite-imports' costs: 11.60 ms
13:23:17.678 debug: Resolve file:///C:/ProgramData/cocos/editors/Creator/3.8.8/resources/resources/3d/engine/editor/assets/default_renderpipeline/builtin-dof-pass.ts from cce:/internal/x/prerequisite-imports as file:///C:/ProgramData/cocos/editors/Creator/3.8.8/resources/resources/3d/engine/editor/assets/default_renderpipeline/builtin-dof-pass.ts.
13:23:17.679 debug: Resolve file:///C:/ProgramData/cocos/editors/Creator/3.8.8/resources/resources/3d/engine/editor/assets/default_renderpipeline/builtin-pipeline-pass.ts from cce:/internal/x/prerequisite-imports as file:///C:/ProgramData/cocos/editors/Creator/3.8.8/resources/resources/3d/engine/editor/assets/default_renderpipeline/builtin-pipeline-pass.ts.
13:23:17.679 debug: Resolve file:///C:/ProgramData/cocos/editors/Creator/3.8.8/resources/resources/3d/engine/editor/assets/default_renderpipeline/builtin-pipeline-settings.ts from cce:/internal/x/prerequisite-imports as file:///C:/ProgramData/cocos/editors/Creator/3.8.8/resources/resources/3d/engine/editor/assets/default_renderpipeline/builtin-pipeline-settings.ts.
13:23:17.680 debug: Resolve file:///C:/ProgramData/cocos/editors/Creator/3.8.8/resources/resources/3d/engine/editor/assets/default_renderpipeline/builtin-pipeline-types.ts from cce:/internal/x/prerequisite-imports as file:///C:/ProgramData/cocos/editors/Creator/3.8.8/resources/resources/3d/engine/editor/assets/default_renderpipeline/builtin-pipeline-types.ts.
13:23:17.681 debug: Resolve file:///C:/ProgramData/cocos/editors/Creator/3.8.8/resources/resources/3d/engine/editor/assets/default_renderpipeline/builtin-pipeline.ts from cce:/internal/x/prerequisite-imports as file:///C:/ProgramData/cocos/editors/Creator/3.8.8/resources/resources/3d/engine/editor/assets/default_renderpipeline/builtin-pipeline.ts.
13:23:17.682 debug: Resolve file:///C:/ProgramData/cocos/editors/Creator/3.8.8/resources/resources/3d/engine/editor/assets/tools/debug-view-runtime-control.ts from cce:/internal/x/prerequisite-imports as file:///C:/ProgramData/cocos/editors/Creator/3.8.8/resources/resources/3d/engine/editor/assets/tools/debug-view-runtime-control.ts.
13:23:17.683 debug: Resolve file:///C:/Users/TU/Documents/Codex/2026-07-16/wo-d/PA-demo/project/NewProject/assets/scripts/PADemo.ts from cce:/internal/x/prerequisite-imports as file:///C:/Users/TU/Documents/Codex/2026-07-16/wo-d/PA-demo/project/NewProject/assets/scripts/PADemo.ts.
13:23:17.683 debug: Resolve file:///C:/Users/TU/Documents/Codex/2026-07-16/wo-d/PA-demo/project/NewProject/assets/scripts/ProceduralFactory.ts from cce:/internal/x/prerequisite-imports as file:///C:/Users/TU/Documents/Codex/2026-07-16/wo-d/PA-demo/project/NewProject/assets/scripts/ProceduralFactory.ts.
13:23:17.695 debug: Target(preview) ends with cost 32.98750000000018ms.
13:28:44.781 debug: Dispatch build request for time accumulated 1 asset changes.
13:28:44.782 debug: Build iteration starts.
Number of accumulated asset changes: 1
Feature changed: false
13:28:44.783 debug: Target(editor) build started.
13:28:44.786 debug: Detected change: cce:/internal/x/prerequisite-imports. Last mtime: Thu Jan 01 1970 08:00:06 GMT+0800 (中国标准时间), Current mtime: Thu Jan 01 1970 08:05:34 GMT+0800 (中国标准时间)
13:28:44.786 debug: Inspect cce:/internal/x/prerequisite-imports
13:28:44.798 debug: transform url: 'cce:/internal/x/prerequisite-imports' costs: 12.10 ms
13:28:44.801 debug: Resolve file:///C:/ProgramData/cocos/editors/Creator/3.8.8/resources/resources/3d/engine/editor/assets/default_renderpipeline/builtin-dof-pass.ts from cce:/internal/x/prerequisite-imports as file:///C:/ProgramData/cocos/editors/Creator/3.8.8/resources/resources/3d/engine/editor/assets/default_renderpipeline/builtin-dof-pass.ts.
13:28:44.802 debug: Resolve file:///C:/ProgramData/cocos/editors/Creator/3.8.8/resources/resources/3d/engine/editor/assets/default_renderpipeline/builtin-pipeline-pass.ts from cce:/internal/x/prerequisite-imports as file:///C:/ProgramData/cocos/editors/Creator/3.8.8/resources/resources/3d/engine/editor/assets/default_renderpipeline/builtin-pipeline-pass.ts.
13:28:44.803 debug: Resolve file:///C:/ProgramData/cocos/editors/Creator/3.8.8/resources/resources/3d/engine/editor/assets/default_renderpipeline/builtin-pipeline-settings.ts from cce:/internal/x/prerequisite-imports as file:///C:/ProgramData/cocos/editors/Creator/3.8.8/resources/resources/3d/engine/editor/assets/default_renderpipeline/builtin-pipeline-settings.ts.
13:28:44.805 debug: Resolve file:///C:/ProgramData/cocos/editors/Creator/3.8.8/resources/resources/3d/engine/editor/assets/default_renderpipeline/builtin-pipeline-types.ts from cce:/internal/x/prerequisite-imports as file:///C:/ProgramData/cocos/editors/Creator/3.8.8/resources/resources/3d/engine/editor/assets/default_renderpipeline/builtin-pipeline-types.ts.
13:28:44.805 debug: Resolve file:///C:/ProgramData/cocos/editors/Creator/3.8.8/resources/resources/3d/engine/editor/assets/default_renderpipeline/builtin-pipeline.ts from cce:/internal/x/prerequisite-imports as file:///C:/ProgramData/cocos/editors/Creator/3.8.8/resources/resources/3d/engine/editor/assets/default_renderpipeline/builtin-pipeline.ts.
13:28:44.805 debug: Resolve file:///C:/ProgramData/cocos/editors/Creator/3.8.8/resources/resources/3d/engine/editor/assets/tools/debug-view-runtime-control.ts from cce:/internal/x/prerequisite-imports as file:///C:/ProgramData/cocos/editors/Creator/3.8.8/resources/resources/3d/engine/editor/assets/tools/debug-view-runtime-control.ts.
13:28:44.806 debug: Resolve file:///C:/Users/TU/Documents/Codex/2026-07-16/wo-d/PA-demo/project/NewProject/assets/scripts/PADemo.ts from cce:/internal/x/prerequisite-imports as file:///C:/Users/TU/Documents/Codex/2026-07-16/wo-d/PA-demo/project/NewProject/assets/scripts/PADemo.ts.
13:28:44.806 debug: Detected change: file:///C:/Users/TU/Documents/Codex/2026-07-16/wo-d/PA-demo/project/NewProject/assets/scripts/PADemo.ts. Last mtime: Thu Jul 16 2026 13:22:09 GMT+0800 (中国标准时间)@7568f09a-6f69-4b3a-952b-2c811b6e3b4f, Current mtime: Thu Jul 16 2026 13:27:25 GMT+0800 (中国标准时间)@7568f09a-6f69-4b3a-952b-2c811b6e3b4f
13:28:44.806 debug: Inspect file:///C:/Users/TU/Documents/Codex/2026-07-16/wo-d/PA-demo/project/NewProject/assets/scripts/PADemo.ts
13:28:44.926 debug: transform url: 'file:///C:/Users/TU/Documents/Codex/2026-07-16/wo-d/PA-demo/project/NewProject/assets/scripts/PADemo.ts' costs: 120.40 ms
13:28:44.929 debug: Resolve file:///C:/Users/TU/Documents/Codex/2026-07-16/wo-d/PA-demo/project/NewProject/assets/scripts/ProceduralFactory.ts from cce:/internal/x/prerequisite-imports as file:///C:/Users/TU/Documents/Codex/2026-07-16/wo-d/PA-demo/project/NewProject/assets/scripts/ProceduralFactory.ts.
13:28:44.929 debug: Resolve cce:/internal/code-quality/cr.mjs from file:///C:/Users/TU/Documents/Codex/2026-07-16/wo-d/PA-demo/project/NewProject/assets/scripts/PADemo.ts as cce:/internal/code-quality/cr.mjs.
13:28:44.929 debug: Resolve cc from file:///C:/Users/TU/Documents/Codex/2026-07-16/wo-d/PA-demo/project/NewProject/assets/scripts/PADemo.ts as cce:/internal/x/cc.
13:28:44.929 debug: Resolve cc from file:///C:/Users/TU/Documents/Codex/2026-07-16/wo-d/PA-demo/project/NewProject/assets/scripts/PADemo.ts as cce:/internal/x/cc.
13:28:44.929 debug: Resolve cc from file:///C:/Users/TU/Documents/Codex/2026-07-16/wo-d/PA-demo/project/NewProject/assets/scripts/PADemo.ts as cce:/internal/x/cc.
13:28:44.930 debug: Resolve ./ProceduralFactory from file:///C:/Users/TU/Documents/Codex/2026-07-16/wo-d/PA-demo/project/NewProject/assets/scripts/PADemo.ts as file:///C:/Users/TU/Documents/Codex/2026-07-16/wo-d/PA-demo/project/NewProject/assets/scripts/ProceduralFactory.ts.
13:28:44.939 debug: Target(editor) ends with cost 156.0494999999646ms.
13:28:44.939 debug: Target(preview) build started.
13:28:44.941 debug: Detected change: cce:/internal/x/prerequisite-imports. Last mtime: Thu Jan 01 1970 08:00:06 GMT+0800 (中国标准时间), Current mtime: Thu Jan 01 1970 08:05:34 GMT+0800 (中国标准时间)
13:28:44.941 debug: Inspect cce:/internal/x/prerequisite-imports
13:28:44.953 debug: transform url: 'cce:/internal/x/prerequisite-imports' costs: 11.80 ms
13:28:44.955 debug: Resolve file:///C:/ProgramData/cocos/editors/Creator/3.8.8/resources/resources/3d/engine/editor/assets/default_renderpipeline/builtin-dof-pass.ts from cce:/internal/x/prerequisite-imports as file:///C:/ProgramData/cocos/editors/Creator/3.8.8/resources/resources/3d/engine/editor/assets/default_renderpipeline/builtin-dof-pass.ts.
13:28:44.956 debug: Resolve file:///C:/ProgramData/cocos/editors/Creator/3.8.8/resources/resources/3d/engine/editor/assets/default_renderpipeline/builtin-pipeline-pass.ts from cce:/internal/x/prerequisite-imports as file:///C:/ProgramData/cocos/editors/Creator/3.8.8/resources/resources/3d/engine/editor/assets/default_renderpipeline/builtin-pipeline-pass.ts.
13:28:44.957 debug: Resolve file:///C:/ProgramData/cocos/editors/Creator/3.8.8/resources/resources/3d/engine/editor/assets/default_renderpipeline/builtin-pipeline-settings.ts from cce:/internal/x/prerequisite-imports as file:///C:/ProgramData/cocos/editors/Creator/3.8.8/resources/resources/3d/engine/editor/assets/default_renderpipeline/builtin-pipeline-settings.ts.
13:28:44.958 debug: Resolve file:///C:/ProgramData/cocos/editors/Creator/3.8.8/resources/resources/3d/engine/editor/assets/default_renderpipeline/builtin-pipeline-types.ts from cce:/internal/x/prerequisite-imports as file:///C:/ProgramData/cocos/editors/Creator/3.8.8/resources/resources/3d/engine/editor/assets/default_renderpipeline/builtin-pipeline-types.ts.
13:28:44.959 debug: Resolve file:///C:/ProgramData/cocos/editors/Creator/3.8.8/resources/resources/3d/engine/editor/assets/default_renderpipeline/builtin-pipeline.ts from cce:/internal/x/prerequisite-imports as file:///C:/ProgramData/cocos/editors/Creator/3.8.8/resources/resources/3d/engine/editor/assets/default_renderpipeline/builtin-pipeline.ts.
13:28:44.959 debug: Resolve file:///C:/ProgramData/cocos/editors/Creator/3.8.8/resources/resources/3d/engine/editor/assets/tools/debug-view-runtime-control.ts from cce:/internal/x/prerequisite-imports as file:///C:/ProgramData/cocos/editors/Creator/3.8.8/resources/resources/3d/engine/editor/assets/tools/debug-view-runtime-control.ts.
13:28:44.960 debug: Resolve file:///C:/Users/TU/Documents/Codex/2026-07-16/wo-d/PA-demo/project/NewProject/assets/scripts/PADemo.ts from cce:/internal/x/prerequisite-imports as file:///C:/Users/TU/Documents/Codex/2026-07-16/wo-d/PA-demo/project/NewProject/assets/scripts/PADemo.ts.
13:28:44.960 debug: Detected change: file:///C:/Users/TU/Documents/Codex/2026-07-16/wo-d/PA-demo/project/NewProject/assets/scripts/PADemo.ts. Last mtime: Thu Jul 16 2026 13:22:09 GMT+0800 (中国标准时间)@7568f09a-6f69-4b3a-952b-2c811b6e3b4f, Current mtime: Thu Jul 16 2026 13:27:25 GMT+0800 (中国标准时间)@7568f09a-6f69-4b3a-952b-2c811b6e3b4f
13:28:44.960 debug: Inspect file:///C:/Users/TU/Documents/Codex/2026-07-16/wo-d/PA-demo/project/NewProject/assets/scripts/PADemo.ts
13:28:45.108 debug: transform url: 'file:///C:/Users/TU/Documents/Codex/2026-07-16/wo-d/PA-demo/project/NewProject/assets/scripts/PADemo.ts' costs: 147.40 ms
13:28:45.111 debug: Resolve file:///C:/Users/TU/Documents/Codex/2026-07-16/wo-d/PA-demo/project/NewProject/assets/scripts/ProceduralFactory.ts from cce:/internal/x/prerequisite-imports as file:///C:/Users/TU/Documents/Codex/2026-07-16/wo-d/PA-demo/project/NewProject/assets/scripts/ProceduralFactory.ts.
13:28:45.111 debug: Resolve cce:/internal/code-quality/cr.mjs from file:///C:/Users/TU/Documents/Codex/2026-07-16/wo-d/PA-demo/project/NewProject/assets/scripts/PADemo.ts as cce:/internal/code-quality/cr.mjs.
13:28:45.111 debug: Resolve cc from file:///C:/Users/TU/Documents/Codex/2026-07-16/wo-d/PA-demo/project/NewProject/assets/scripts/PADemo.ts as cce:/internal/x/cc.
13:28:45.111 debug: Resolve cc from file:///C:/Users/TU/Documents/Codex/2026-07-16/wo-d/PA-demo/project/NewProject/assets/scripts/PADemo.ts as cce:/internal/x/cc.
13:28:45.111 debug: Resolve cc from file:///C:/Users/TU/Documents/Codex/2026-07-16/wo-d/PA-demo/project/NewProject/assets/scripts/PADemo.ts as cce:/internal/x/cc.
13:28:45.112 debug: Resolve ./ProceduralFactory from file:///C:/Users/TU/Documents/Codex/2026-07-16/wo-d/PA-demo/project/NewProject/assets/scripts/PADemo.ts as file:///C:/Users/TU/Documents/Codex/2026-07-16/wo-d/PA-demo/project/NewProject/assets/scripts/ProceduralFactory.ts.
13:28:45.120 debug: Target(preview) ends with cost 181.04870000004303ms.
13:33:49.156 debug: Dispatch build request for time accumulated 1 asset changes.
13:33:49.157 debug: Build iteration starts.
Number of accumulated asset changes: 1
Feature changed: false
13:33:49.157 debug: Target(editor) build started.
13:33:49.160 debug: Detected change: cce:/internal/x/prerequisite-imports. Last mtime: Thu Jan 01 1970 08:05:34 GMT+0800 (中国标准时间), Current mtime: Thu Jan 01 1970 08:10:38 GMT+0800 (中国标准时间)
13:33:49.160 debug: Inspect cce:/internal/x/prerequisite-imports
13:33:49.173 debug: transform url: 'cce:/internal/x/prerequisite-imports' costs: 12.90 ms
13:33:49.175 debug: Resolve file:///C:/ProgramData/cocos/editors/Creator/3.8.8/resources/resources/3d/engine/editor/assets/default_renderpipeline/builtin-dof-pass.ts from cce:/internal/x/prerequisite-imports as file:///C:/ProgramData/cocos/editors/Creator/3.8.8/resources/resources/3d/engine/editor/assets/default_renderpipeline/builtin-dof-pass.ts.
13:33:49.176 debug: Resolve file:///C:/ProgramData/cocos/editors/Creator/3.8.8/resources/resources/3d/engine/editor/assets/default_renderpipeline/builtin-pipeline-pass.ts from cce:/internal/x/prerequisite-imports as file:///C:/ProgramData/cocos/editors/Creator/3.8.8/resources/resources/3d/engine/editor/assets/default_renderpipeline/builtin-pipeline-pass.ts.
13:33:49.176 debug: Resolve file:///C:/ProgramData/cocos/editors/Creator/3.8.8/resources/resources/3d/engine/editor/assets/default_renderpipeline/builtin-pipeline-settings.ts from cce:/internal/x/prerequisite-imports as file:///C:/ProgramData/cocos/editors/Creator/3.8.8/resources/resources/3d/engine/editor/assets/default_renderpipeline/builtin-pipeline-settings.ts.
13:33:49.177 debug: Resolve file:///C:/ProgramData/cocos/editors/Creator/3.8.8/resources/resources/3d/engine/editor/assets/default_renderpipeline/builtin-pipeline-types.ts from cce:/internal/x/prerequisite-imports as file:///C:/ProgramData/cocos/editors/Creator/3.8.8/resources/resources/3d/engine/editor/assets/default_renderpipeline/builtin-pipeline-types.ts.
13:33:49.178 debug: Resolve file:///C:/ProgramData/cocos/editors/Creator/3.8.8/resources/resources/3d/engine/editor/assets/default_renderpipeline/builtin-pipeline.ts from cce:/internal/x/prerequisite-imports as file:///C:/ProgramData/cocos/editors/Creator/3.8.8/resources/resources/3d/engine/editor/assets/default_renderpipeline/builtin-pipeline.ts.
13:33:49.178 debug: Resolve file:///C:/ProgramData/cocos/editors/Creator/3.8.8/resources/resources/3d/engine/editor/assets/tools/debug-view-runtime-control.ts from cce:/internal/x/prerequisite-imports as file:///C:/ProgramData/cocos/editors/Creator/3.8.8/resources/resources/3d/engine/editor/assets/tools/debug-view-runtime-control.ts.
13:33:49.179 debug: Resolve file:///C:/Users/TU/Documents/Codex/2026-07-16/wo-d/PA-demo/project/NewProject/assets/scripts/PADemo.ts from cce:/internal/x/prerequisite-imports as file:///C:/Users/TU/Documents/Codex/2026-07-16/wo-d/PA-demo/project/NewProject/assets/scripts/PADemo.ts.
13:33:49.179 debug: Detected change: file:///C:/Users/TU/Documents/Codex/2026-07-16/wo-d/PA-demo/project/NewProject/assets/scripts/PADemo.ts. Last mtime: Thu Jul 16 2026 13:27:25 GMT+0800 (中国标准时间)@7568f09a-6f69-4b3a-952b-2c811b6e3b4f, Current mtime: Thu Jul 16 2026 13:32:38 GMT+0800 (中国标准时间)@7568f09a-6f69-4b3a-952b-2c811b6e3b4f
13:33:49.179 debug: Inspect file:///C:/Users/TU/Documents/Codex/2026-07-16/wo-d/PA-demo/project/NewProject/assets/scripts/PADemo.ts
13:33:49.282 debug: transform url: 'file:///C:/Users/TU/Documents/Codex/2026-07-16/wo-d/PA-demo/project/NewProject/assets/scripts/PADemo.ts' costs: 103.30 ms
13:33:49.285 debug: Resolve file:///C:/Users/TU/Documents/Codex/2026-07-16/wo-d/PA-demo/project/NewProject/assets/scripts/ProceduralFactory.ts from cce:/internal/x/prerequisite-imports as file:///C:/Users/TU/Documents/Codex/2026-07-16/wo-d/PA-demo/project/NewProject/assets/scripts/ProceduralFactory.ts.
13:33:49.285 debug: Resolve cce:/internal/code-quality/cr.mjs from file:///C:/Users/TU/Documents/Codex/2026-07-16/wo-d/PA-demo/project/NewProject/assets/scripts/PADemo.ts as cce:/internal/code-quality/cr.mjs.
13:33:49.285 debug: Resolve cc from file:///C:/Users/TU/Documents/Codex/2026-07-16/wo-d/PA-demo/project/NewProject/assets/scripts/PADemo.ts as cce:/internal/x/cc.
13:33:49.285 debug: Resolve cc from file:///C:/Users/TU/Documents/Codex/2026-07-16/wo-d/PA-demo/project/NewProject/assets/scripts/PADemo.ts as cce:/internal/x/cc.
13:33:49.285 debug: Resolve cc from file:///C:/Users/TU/Documents/Codex/2026-07-16/wo-d/PA-demo/project/NewProject/assets/scripts/PADemo.ts as cce:/internal/x/cc.
13:33:49.286 debug: Resolve ./ProceduralFactory from file:///C:/Users/TU/Documents/Codex/2026-07-16/wo-d/PA-demo/project/NewProject/assets/scripts/PADemo.ts as file:///C:/Users/TU/Documents/Codex/2026-07-16/wo-d/PA-demo/project/NewProject/assets/scripts/ProceduralFactory.ts.
13:33:49.295 debug: Target(editor) ends with cost 137.57319999998435ms.
13:33:49.295 debug: Target(preview) build started.
13:33:49.299 debug: Detected change: cce:/internal/x/prerequisite-imports. Last mtime: Thu Jan 01 1970 08:05:34 GMT+0800 (中国标准时间), Current mtime: Thu Jan 01 1970 08:10:38 GMT+0800 (中国标准时间)
13:33:49.299 debug: Inspect cce:/internal/x/prerequisite-imports
13:33:49.310 debug: transform url: 'cce:/internal/x/prerequisite-imports' costs: 10.80 ms
13:33:49.312 debug: Resolve file:///C:/ProgramData/cocos/editors/Creator/3.8.8/resources/resources/3d/engine/editor/assets/default_renderpipeline/builtin-dof-pass.ts from cce:/internal/x/prerequisite-imports as file:///C:/ProgramData/cocos/editors/Creator/3.8.8/resources/resources/3d/engine/editor/assets/default_renderpipeline/builtin-dof-pass.ts.
13:33:49.313 debug: Resolve file:///C:/ProgramData/cocos/editors/Creator/3.8.8/resources/resources/3d/engine/editor/assets/default_renderpipeline/builtin-pipeline-pass.ts from cce:/internal/x/prerequisite-imports as file:///C:/ProgramData/cocos/editors/Creator/3.8.8/resources/resources/3d/engine/editor/assets/default_renderpipeline/builtin-pipeline-pass.ts.
13:33:49.314 debug: Resolve file:///C:/ProgramData/cocos/editors/Creator/3.8.8/resources/resources/3d/engine/editor/assets/default_renderpipeline/builtin-pipeline-settings.ts from cce:/internal/x/prerequisite-imports as file:///C:/ProgramData/cocos/editors/Creator/3.8.8/resources/resources/3d/engine/editor/assets/default_renderpipeline/builtin-pipeline-settings.ts.
13:33:49.315 debug: Resolve file:///C:/ProgramData/cocos/editors/Creator/3.8.8/resources/resources/3d/engine/editor/assets/default_renderpipeline/builtin-pipeline-types.ts from cce:/internal/x/prerequisite-imports as file:///C:/ProgramData/cocos/editors/Creator/3.8.8/resources/resources/3d/engine/editor/assets/default_renderpipeline/builtin-pipeline-types.ts.
13:33:49.316 debug: Resolve file:///C:/ProgramData/cocos/editors/Creator/3.8.8/resources/resources/3d/engine/editor/assets/default_renderpipeline/builtin-pipeline.ts from cce:/internal/x/prerequisite-imports as file:///C:/ProgramData/cocos/editors/Creator/3.8.8/resources/resources/3d/engine/editor/assets/default_renderpipeline/builtin-pipeline.ts.
13:33:49.317 debug: Resolve file:///C:/ProgramData/cocos/editors/Creator/3.8.8/resources/resources/3d/engine/editor/assets/tools/debug-view-runtime-control.ts from cce:/internal/x/prerequisite-imports as file:///C:/ProgramData/cocos/editors/Creator/3.8.8/resources/resources/3d/engine/editor/assets/tools/debug-view-runtime-control.ts.
13:33:49.318 debug: Resolve file:///C:/Users/TU/Documents/Codex/2026-07-16/wo-d/PA-demo/project/NewProject/assets/scripts/PADemo.ts from cce:/internal/x/prerequisite-imports as file:///C:/Users/TU/Documents/Codex/2026-07-16/wo-d/PA-demo/project/NewProject/assets/scripts/PADemo.ts.
13:33:49.318 debug: Detected change: file:///C:/Users/TU/Documents/Codex/2026-07-16/wo-d/PA-demo/project/NewProject/assets/scripts/PADemo.ts. Last mtime: Thu Jul 16 2026 13:27:25 GMT+0800 (中国标准时间)@7568f09a-6f69-4b3a-952b-2c811b6e3b4f, Current mtime: Thu Jul 16 2026 13:32:38 GMT+0800 (中国标准时间)@7568f09a-6f69-4b3a-952b-2c811b6e3b4f
13:33:49.318 debug: Inspect file:///C:/Users/TU/Documents/Codex/2026-07-16/wo-d/PA-demo/project/NewProject/assets/scripts/PADemo.ts
13:33:49.480 debug: transform url: 'file:///C:/Users/TU/Documents/Codex/2026-07-16/wo-d/PA-demo/project/NewProject/assets/scripts/PADemo.ts' costs: 162.10 ms
13:33:49.483 debug: Resolve file:///C:/Users/TU/Documents/Codex/2026-07-16/wo-d/PA-demo/project/NewProject/assets/scripts/ProceduralFactory.ts from cce:/internal/x/prerequisite-imports as file:///C:/Users/TU/Documents/Codex/2026-07-16/wo-d/PA-demo/project/NewProject/assets/scripts/ProceduralFactory.ts.
13:33:49.484 debug: Resolve cce:/internal/code-quality/cr.mjs from file:///C:/Users/TU/Documents/Codex/2026-07-16/wo-d/PA-demo/project/NewProject/assets/scripts/PADemo.ts as cce:/internal/code-quality/cr.mjs.
13:33:49.484 debug: Resolve cc from file:///C:/Users/TU/Documents/Codex/2026-07-16/wo-d/PA-demo/project/NewProject/assets/scripts/PADemo.ts as cce:/internal/x/cc.
13:33:49.484 debug: Resolve cc from file:///C:/Users/TU/Documents/Codex/2026-07-16/wo-d/PA-demo/project/NewProject/assets/scripts/PADemo.ts as cce:/internal/x/cc.
13:33:49.484 debug: Resolve cc from file:///C:/Users/TU/Documents/Codex/2026-07-16/wo-d/PA-demo/project/NewProject/assets/scripts/PADemo.ts as cce:/internal/x/cc.
13:33:49.485 debug: Resolve ./ProceduralFactory from file:///C:/Users/TU/Documents/Codex/2026-07-16/wo-d/PA-demo/project/NewProject/assets/scripts/PADemo.ts as file:///C:/Users/TU/Documents/Codex/2026-07-16/wo-d/PA-demo/project/NewProject/assets/scripts/ProceduralFactory.ts.
13:33:49.492 debug: Target(preview) ends with cost 196.80099999997765ms.
13:41:02.956 debug: Dispatch build request for time accumulated 2 asset changes.
13:41:02.957 debug: Build iteration starts.
Number of accumulated asset changes: 2
Feature changed: false
13:41:02.957 debug: Target(editor) build started.
13:41:02.960 debug: Detected change: cce:/internal/x/prerequisite-imports. Last mtime: Thu Jan 01 1970 08:10:38 GMT+0800 (中国标准时间), Current mtime: Thu Jan 01 1970 08:17:52 GMT+0800 (中国标准时间)
13:41:02.960 debug: Inspect cce:/internal/x/prerequisite-imports
13:41:02.969 debug: transform url: 'cce:/internal/x/prerequisite-imports' costs: 9.40 ms
13:41:02.971 debug: Resolve file:///C:/ProgramData/cocos/editors/Creator/3.8.8/resources/resources/3d/engine/editor/assets/default_renderpipeline/builtin-dof-pass.ts from cce:/internal/x/prerequisite-imports as file:///C:/ProgramData/cocos/editors/Creator/3.8.8/resources/resources/3d/engine/editor/assets/default_renderpipeline/builtin-dof-pass.ts.
13:41:02.972 debug: Resolve file:///C:/ProgramData/cocos/editors/Creator/3.8.8/resources/resources/3d/engine/editor/assets/default_renderpipeline/builtin-pipeline-pass.ts from cce:/internal/x/prerequisite-imports as file:///C:/ProgramData/cocos/editors/Creator/3.8.8/resources/resources/3d/engine/editor/assets/default_renderpipeline/builtin-pipeline-pass.ts.
13:41:02.973 debug: Resolve file:///C:/ProgramData/cocos/editors/Creator/3.8.8/resources/resources/3d/engine/editor/assets/default_renderpipeline/builtin-pipeline-settings.ts from cce:/internal/x/prerequisite-imports as file:///C:/ProgramData/cocos/editors/Creator/3.8.8/resources/resources/3d/engine/editor/assets/default_renderpipeline/builtin-pipeline-settings.ts.
13:41:02.973 debug: Resolve file:///C:/ProgramData/cocos/editors/Creator/3.8.8/resources/resources/3d/engine/editor/assets/default_renderpipeline/builtin-pipeline-types.ts from cce:/internal/x/prerequisite-imports as file:///C:/ProgramData/cocos/editors/Creator/3.8.8/resources/resources/3d/engine/editor/assets/default_renderpipeline/builtin-pipeline-types.ts.
13:41:02.974 debug: Resolve file:///C:/ProgramData/cocos/editors/Creator/3.8.8/resources/resources/3d/engine/editor/assets/default_renderpipeline/builtin-pipeline.ts from cce:/internal/x/prerequisite-imports as file:///C:/ProgramData/cocos/editors/Creator/3.8.8/resources/resources/3d/engine/editor/assets/default_renderpipeline/builtin-pipeline.ts.
13:41:02.975 debug: Resolve file:///C:/ProgramData/cocos/editors/Creator/3.8.8/resources/resources/3d/engine/editor/assets/tools/debug-view-runtime-control.ts from cce:/internal/x/prerequisite-imports as file:///C:/ProgramData/cocos/editors/Creator/3.8.8/resources/resources/3d/engine/editor/assets/tools/debug-view-runtime-control.ts.
13:41:02.976 debug: Resolve file:///C:/Users/TU/Documents/Codex/2026-07-16/wo-d/PA-demo/project/NewProject/assets/scripts/PADemo.ts from cce:/internal/x/prerequisite-imports as file:///C:/Users/TU/Documents/Codex/2026-07-16/wo-d/PA-demo/project/NewProject/assets/scripts/PADemo.ts.
13:41:02.976 debug: Detected change: file:///C:/Users/TU/Documents/Codex/2026-07-16/wo-d/PA-demo/project/NewProject/assets/scripts/PADemo.ts. Last mtime: Thu Jul 16 2026 13:32:38 GMT+0800 (中国标准时间)@7568f09a-6f69-4b3a-952b-2c811b6e3b4f, Current mtime: Thu Jul 16 2026 13:39:32 GMT+0800 (中国标准时间)@7568f09a-6f69-4b3a-952b-2c811b6e3b4f
13:41:02.976 debug: Inspect file:///C:/Users/TU/Documents/Codex/2026-07-16/wo-d/PA-demo/project/NewProject/assets/scripts/PADemo.ts
13:41:03.081 debug: transform url: 'file:///C:/Users/TU/Documents/Codex/2026-07-16/wo-d/PA-demo/project/NewProject/assets/scripts/PADemo.ts' costs: 104.80 ms
13:41:03.084 debug: Resolve file:///C:/Users/TU/Documents/Codex/2026-07-16/wo-d/PA-demo/project/NewProject/assets/scripts/ProceduralFactory.ts from cce:/internal/x/prerequisite-imports as file:///C:/Users/TU/Documents/Codex/2026-07-16/wo-d/PA-demo/project/NewProject/assets/scripts/ProceduralFactory.ts.
13:41:03.084 debug: Detected change: file:///C:/Users/TU/Documents/Codex/2026-07-16/wo-d/PA-demo/project/NewProject/assets/scripts/ProceduralFactory.ts. Last mtime: Thu Jul 16 2026 13:20:49 GMT+0800 (中国标准时间)@825db90b-0dc1-4f44-811e-0603a5accf9c, Current mtime: Thu Jul 16 2026 13:36:54 GMT+0800 (中国标准时间)@825db90b-0dc1-4f44-811e-0603a5accf9c
13:41:03.084 debug: Inspect file:///C:/Users/TU/Documents/Codex/2026-07-16/wo-d/PA-demo/project/NewProject/assets/scripts/ProceduralFactory.ts
13:41:03.131 debug: transform url: 'file:///C:/Users/TU/Documents/Codex/2026-07-16/wo-d/PA-demo/project/NewProject/assets/scripts/ProceduralFactory.ts' costs: 47.60 ms
13:41:03.134 debug: Resolve cce:/internal/code-quality/cr.mjs from file:///C:/Users/TU/Documents/Codex/2026-07-16/wo-d/PA-demo/project/NewProject/assets/scripts/PADemo.ts as cce:/internal/code-quality/cr.mjs.
13:41:03.134 debug: Resolve cc from file:///C:/Users/TU/Documents/Codex/2026-07-16/wo-d/PA-demo/project/NewProject/assets/scripts/PADemo.ts as cce:/internal/x/cc.
13:41:03.134 debug: Resolve cc from file:///C:/Users/TU/Documents/Codex/2026-07-16/wo-d/PA-demo/project/NewProject/assets/scripts/PADemo.ts as cce:/internal/x/cc.
13:41:03.134 debug: Resolve cc from file:///C:/Users/TU/Documents/Codex/2026-07-16/wo-d/PA-demo/project/NewProject/assets/scripts/PADemo.ts as cce:/internal/x/cc.
13:41:03.135 debug: Resolve ./ProceduralFactory from file:///C:/Users/TU/Documents/Codex/2026-07-16/wo-d/PA-demo/project/NewProject/assets/scripts/PADemo.ts as file:///C:/Users/TU/Documents/Codex/2026-07-16/wo-d/PA-demo/project/NewProject/assets/scripts/ProceduralFactory.ts.
13:41:03.135 debug: Resolve cc from file:///C:/Users/TU/Documents/Codex/2026-07-16/wo-d/PA-demo/project/NewProject/assets/scripts/ProceduralFactory.ts as cce:/internal/x/cc.
13:41:03.135 debug: Resolve cc from file:///C:/Users/TU/Documents/Codex/2026-07-16/wo-d/PA-demo/project/NewProject/assets/scripts/ProceduralFactory.ts as cce:/internal/x/cc.
13:41:03.135 debug: Resolve cc from file:///C:/Users/TU/Documents/Codex/2026-07-16/wo-d/PA-demo/project/NewProject/assets/scripts/ProceduralFactory.ts as cce:/internal/x/cc.
13:41:03.145 debug: Target(editor) ends with cost 187.89529999997467ms.
13:41:03.146 debug: Target(preview) build started.
13:41:03.148 debug: Detected change: cce:/internal/x/prerequisite-imports. Last mtime: Thu Jan 01 1970 08:10:38 GMT+0800 (中国标准时间), Current mtime: Thu Jan 01 1970 08:17:52 GMT+0800 (中国标准时间)
13:41:03.148 debug: Inspect cce:/internal/x/prerequisite-imports
13:41:03.158 debug: transform url: 'cce:/internal/x/prerequisite-imports' costs: 9.60 ms
13:41:03.160 debug: Resolve file:///C:/ProgramData/cocos/editors/Creator/3.8.8/resources/resources/3d/engine/editor/assets/default_renderpipeline/builtin-dof-pass.ts from cce:/internal/x/prerequisite-imports as file:///C:/ProgramData/cocos/editors/Creator/3.8.8/resources/resources/3d/engine/editor/assets/default_renderpipeline/builtin-dof-pass.ts.
13:41:03.161 debug: Resolve file:///C:/ProgramData/cocos/editors/Creator/3.8.8/resources/resources/3d/engine/editor/assets/default_renderpipeline/builtin-pipeline-pass.ts from cce:/internal/x/prerequisite-imports as file:///C:/ProgramData/cocos/editors/Creator/3.8.8/resources/resources/3d/engine/editor/assets/default_renderpipeline/builtin-pipeline-pass.ts.
13:41:03.161 debug: Resolve file:///C:/ProgramData/cocos/editors/Creator/3.8.8/resources/resources/3d/engine/editor/assets/default_renderpipeline/builtin-pipeline-settings.ts from cce:/internal/x/prerequisite-imports as file:///C:/ProgramData/cocos/editors/Creator/3.8.8/resources/resources/3d/engine/editor/assets/default_renderpipeline/builtin-pipeline-settings.ts.
13:41:03.162 debug: Resolve file:///C:/ProgramData/cocos/editors/Creator/3.8.8/resources/resources/3d/engine/editor/assets/default_renderpipeline/builtin-pipeline-types.ts from cce:/internal/x/prerequisite-imports as file:///C:/ProgramData/cocos/editors/Creator/3.8.8/resources/resources/3d/engine/editor/assets/default_renderpipeline/builtin-pipeline-types.ts.
13:41:03.163 debug: Resolve file:///C:/ProgramData/cocos/editors/Creator/3.8.8/resources/resources/3d/engine/editor/assets/default_renderpipeline/builtin-pipeline.ts from cce:/internal/x/prerequisite-imports as file:///C:/ProgramData/cocos/editors/Creator/3.8.8/resources/resources/3d/engine/editor/assets/default_renderpipeline/builtin-pipeline.ts.
13:41:03.164 debug: Resolve file:///C:/ProgramData/cocos/editors/Creator/3.8.8/resources/resources/3d/engine/editor/assets/tools/debug-view-runtime-control.ts from cce:/internal/x/prerequisite-imports as file:///C:/ProgramData/cocos/editors/Creator/3.8.8/resources/resources/3d/engine/editor/assets/tools/debug-view-runtime-control.ts.
13:41:03.164 debug: Resolve file:///C:/Users/TU/Documents/Codex/2026-07-16/wo-d/PA-demo/project/NewProject/assets/scripts/PADemo.ts from cce:/internal/x/prerequisite-imports as file:///C:/Users/TU/Documents/Codex/2026-07-16/wo-d/PA-demo/project/NewProject/assets/scripts/PADemo.ts.
13:41:03.165 debug: Detected change: file:///C:/Users/TU/Documents/Codex/2026-07-16/wo-d/PA-demo/project/NewProject/assets/scripts/PADemo.ts. Last mtime: Thu Jul 16 2026 13:32:38 GMT+0800 (中国标准时间)@7568f09a-6f69-4b3a-952b-2c811b6e3b4f, Current mtime: Thu Jul 16 2026 13:39:32 GMT+0800 (中国标准时间)@7568f09a-6f69-4b3a-952b-2c811b6e3b4f
13:41:03.165 debug: Inspect file:///C:/Users/TU/Documents/Codex/2026-07-16/wo-d/PA-demo/project/NewProject/assets/scripts/PADemo.ts
13:41:03.287 debug: transform url: 'file:///C:/Users/TU/Documents/Codex/2026-07-16/wo-d/PA-demo/project/NewProject/assets/scripts/PADemo.ts' costs: 122.10 ms
13:41:03.289 debug: Resolve file:///C:/Users/TU/Documents/Codex/2026-07-16/wo-d/PA-demo/project/NewProject/assets/scripts/ProceduralFactory.ts from cce:/internal/x/prerequisite-imports as file:///C:/Users/TU/Documents/Codex/2026-07-16/wo-d/PA-demo/project/NewProject/assets/scripts/ProceduralFactory.ts.
13:41:03.289 debug: Detected change: file:///C:/Users/TU/Documents/Codex/2026-07-16/wo-d/PA-demo/project/NewProject/assets/scripts/ProceduralFactory.ts. Last mtime: Thu Jul 16 2026 13:20:49 GMT+0800 (中国标准时间)@825db90b-0dc1-4f44-811e-0603a5accf9c, Current mtime: Thu Jul 16 2026 13:36:54 GMT+0800 (中国标准时间)@825db90b-0dc1-4f44-811e-0603a5accf9c
13:41:03.289 debug: Inspect file:///C:/Users/TU/Documents/Codex/2026-07-16/wo-d/PA-demo/project/NewProject/assets/scripts/ProceduralFactory.ts
13:41:03.322 debug: transform url: 'file:///C:/Users/TU/Documents/Codex/2026-07-16/wo-d/PA-demo/project/NewProject/assets/scripts/ProceduralFactory.ts' costs: 32.00 ms
13:41:03.324 debug: Resolve cce:/internal/code-quality/cr.mjs from file:///C:/Users/TU/Documents/Codex/2026-07-16/wo-d/PA-demo/project/NewProject/assets/scripts/PADemo.ts as cce:/internal/code-quality/cr.mjs.
13:41:03.324 debug: Resolve cc from file:///C:/Users/TU/Documents/Codex/2026-07-16/wo-d/PA-demo/project/NewProject/assets/scripts/PADemo.ts as cce:/internal/x/cc.
13:41:03.324 debug: Resolve cc from file:///C:/Users/TU/Documents/Codex/2026-07-16/wo-d/PA-demo/project/NewProject/assets/scripts/PADemo.ts as cce:/internal/x/cc.
13:41:03.324 debug: Resolve cc from file:///C:/Users/TU/Documents/Codex/2026-07-16/wo-d/PA-demo/project/NewProject/assets/scripts/PADemo.ts as cce:/internal/x/cc.
13:41:03.324 debug: Resolve ./ProceduralFactory from file:///C:/Users/TU/Documents/Codex/2026-07-16/wo-d/PA-demo/project/NewProject/assets/scripts/PADemo.ts as file:///C:/Users/TU/Documents/Codex/2026-07-16/wo-d/PA-demo/project/NewProject/assets/scripts/ProceduralFactory.ts.
13:41:03.324 debug: Resolve cc from file:///C:/Users/TU/Documents/Codex/2026-07-16/wo-d/PA-demo/project/NewProject/assets/scripts/ProceduralFactory.ts as cce:/internal/x/cc.
13:41:03.325 debug: Resolve cc from file:///C:/Users/TU/Documents/Codex/2026-07-16/wo-d/PA-demo/project/NewProject/assets/scripts/ProceduralFactory.ts as cce:/internal/x/cc.
13:41:03.325 debug: Resolve cc from file:///C:/Users/TU/Documents/Codex/2026-07-16/wo-d/PA-demo/project/NewProject/assets/scripts/ProceduralFactory.ts as cce:/internal/x/cc.
13:41:03.333 debug: Target(preview) ends with cost 187.88029999984428ms.
13:46:20.962 debug: Dispatch build request for time accumulated 2 asset changes.
13:46:20.964 debug: Build iteration starts.
Number of accumulated asset changes: 2
Feature changed: false
13:46:20.964 debug: Target(editor) build started.
13:46:20.967 debug: Detected change: cce:/internal/x/prerequisite-imports. Last mtime: Thu Jan 01 1970 08:17:52 GMT+0800 (中国标准时间), Current mtime: Thu Jan 01 1970 08:23:10 GMT+0800 (中国标准时间)
13:46:20.967 debug: Inspect cce:/internal/x/prerequisite-imports
13:46:20.975 debug: transform url: 'cce:/internal/x/prerequisite-imports' costs: 8.50 ms
13:46:20.977 debug: Resolve file:///C:/ProgramData/cocos/editors/Creator/3.8.8/resources/resources/3d/engine/editor/assets/default_renderpipeline/builtin-dof-pass.ts from cce:/internal/x/prerequisite-imports as file:///C:/ProgramData/cocos/editors/Creator/3.8.8/resources/resources/3d/engine/editor/assets/default_renderpipeline/builtin-dof-pass.ts.
13:46:20.978 debug: Resolve file:///C:/ProgramData/cocos/editors/Creator/3.8.8/resources/resources/3d/engine/editor/assets/default_renderpipeline/builtin-pipeline-pass.ts from cce:/internal/x/prerequisite-imports as file:///C:/ProgramData/cocos/editors/Creator/3.8.8/resources/resources/3d/engine/editor/assets/default_renderpipeline/builtin-pipeline-pass.ts.
13:46:20.978 debug: Resolve file:///C:/ProgramData/cocos/editors/Creator/3.8.8/resources/resources/3d/engine/editor/assets/default_renderpipeline/builtin-pipeline-settings.ts from cce:/internal/x/prerequisite-imports as file:///C:/ProgramData/cocos/editors/Creator/3.8.8/resources/resources/3d/engine/editor/assets/default_renderpipeline/builtin-pipeline-settings.ts.
13:46:20.979 debug: Resolve file:///C:/ProgramData/cocos/editors/Creator/3.8.8/resources/resources/3d/engine/editor/assets/default_renderpipeline/builtin-pipeline-types.ts from cce:/internal/x/prerequisite-imports as file:///C:/ProgramData/cocos/editors/Creator/3.8.8/resources/resources/3d/engine/editor/assets/default_renderpipeline/builtin-pipeline-types.ts.
13:46:20.979 debug: Resolve file:///C:/ProgramData/cocos/editors/Creator/3.8.8/resources/resources/3d/engine/editor/assets/default_renderpipeline/builtin-pipeline.ts from cce:/internal/x/prerequisite-imports as file:///C:/ProgramData/cocos/editors/Creator/3.8.8/resources/resources/3d/engine/editor/assets/default_renderpipeline/builtin-pipeline.ts.
13:46:20.980 debug: Resolve file:///C:/ProgramData/cocos/editors/Creator/3.8.8/resources/resources/3d/engine/editor/assets/tools/debug-view-runtime-control.ts from cce:/internal/x/prerequisite-imports as file:///C:/ProgramData/cocos/editors/Creator/3.8.8/resources/resources/3d/engine/editor/assets/tools/debug-view-runtime-control.ts.
13:46:20.980 debug: Resolve file:///C:/Users/TU/Documents/Codex/2026-07-16/wo-d/PA-demo/project/NewProject/assets/scripts/PADemo.ts from cce:/internal/x/prerequisite-imports as file:///C:/Users/TU/Documents/Codex/2026-07-16/wo-d/PA-demo/project/NewProject/assets/scripts/PADemo.ts.
13:46:20.980 debug: Detected change: file:///C:/Users/TU/Documents/Codex/2026-07-16/wo-d/PA-demo/project/NewProject/assets/scripts/PADemo.ts. Last mtime: Thu Jul 16 2026 13:39:32 GMT+0800 (中国标准时间)@7568f09a-6f69-4b3a-952b-2c811b6e3b4f, Current mtime: Thu Jul 16 2026 13:45:05 GMT+0800 (中国标准时间)@7568f09a-6f69-4b3a-952b-2c811b6e3b4f
13:46:20.980 debug: Inspect file:///C:/Users/TU/Documents/Codex/2026-07-16/wo-d/PA-demo/project/NewProject/assets/scripts/PADemo.ts
13:46:21.132 debug: transform url: 'file:///C:/Users/TU/Documents/Codex/2026-07-16/wo-d/PA-demo/project/NewProject/assets/scripts/PADemo.ts' costs: 152.00 ms
13:46:21.135 debug: Resolve file:///C:/Users/TU/Documents/Codex/2026-07-16/wo-d/PA-demo/project/NewProject/assets/scripts/ProceduralFactory.ts from cce:/internal/x/prerequisite-imports as file:///C:/Users/TU/Documents/Codex/2026-07-16/wo-d/PA-demo/project/NewProject/assets/scripts/ProceduralFactory.ts.
13:46:21.136 debug: Detected change: file:///C:/Users/TU/Documents/Codex/2026-07-16/wo-d/PA-demo/project/NewProject/assets/scripts/ProceduralFactory.ts. Last mtime: Thu Jul 16 2026 13:36:54 GMT+0800 (中国标准时间)@825db90b-0dc1-4f44-811e-0603a5accf9c, Current mtime: Thu Jul 16 2026 13:45:26 GMT+0800 (中国标准时间)@825db90b-0dc1-4f44-811e-0603a5accf9c
13:46:21.136 debug: Inspect file:///C:/Users/TU/Documents/Codex/2026-07-16/wo-d/PA-demo/project/NewProject/assets/scripts/ProceduralFactory.ts
13:46:21.170 debug: transform url: 'file:///C:/Users/TU/Documents/Codex/2026-07-16/wo-d/PA-demo/project/NewProject/assets/scripts/ProceduralFactory.ts' costs: 34.80 ms
13:46:21.172 debug: Resolve cce:/internal/code-quality/cr.mjs from file:///C:/Users/TU/Documents/Codex/2026-07-16/wo-d/PA-demo/project/NewProject/assets/scripts/PADemo.ts as cce:/internal/code-quality/cr.mjs.
13:46:21.172 debug: Resolve cc from file:///C:/Users/TU/Documents/Codex/2026-07-16/wo-d/PA-demo/project/NewProject/assets/scripts/PADemo.ts as cce:/internal/x/cc.
13:46:21.172 debug: Resolve cc from file:///C:/Users/TU/Documents/Codex/2026-07-16/wo-d/PA-demo/project/NewProject/assets/scripts/PADemo.ts as cce:/internal/x/cc.
13:46:21.172 debug: Resolve cc from file:///C:/Users/TU/Documents/Codex/2026-07-16/wo-d/PA-demo/project/NewProject/assets/scripts/PADemo.ts as cce:/internal/x/cc.
13:46:21.173 debug: Resolve ./ProceduralFactory from file:///C:/Users/TU/Documents/Codex/2026-07-16/wo-d/PA-demo/project/NewProject/assets/scripts/PADemo.ts as file:///C:/Users/TU/Documents/Codex/2026-07-16/wo-d/PA-demo/project/NewProject/assets/scripts/ProceduralFactory.ts.
13:46:21.173 debug: Resolve cc from file:///C:/Users/TU/Documents/Codex/2026-07-16/wo-d/PA-demo/project/NewProject/assets/scripts/ProceduralFactory.ts as cce:/internal/x/cc.
13:46:21.173 debug: Resolve cc from file:///C:/Users/TU/Documents/Codex/2026-07-16/wo-d/PA-demo/project/NewProject/assets/scripts/ProceduralFactory.ts as cce:/internal/x/cc.
13:46:21.173 debug: Resolve cc from file:///C:/Users/TU/Documents/Codex/2026-07-16/wo-d/PA-demo/project/NewProject/assets/scripts/ProceduralFactory.ts as cce:/internal/x/cc.
13:46:21.184 debug: Target(editor) ends with cost 219.82669999985956ms.
13:46:21.184 debug: Target(preview) build started.
13:46:21.187 debug: Detected change: cce:/internal/x/prerequisite-imports. Last mtime: Thu Jan 01 1970 08:17:52 GMT+0800 (中国标准时间), Current mtime: Thu Jan 01 1970 08:23:10 GMT+0800 (中国标准时间)
13:46:21.187 debug: Inspect cce:/internal/x/prerequisite-imports
13:46:21.196 debug: transform url: 'cce:/internal/x/prerequisite-imports' costs: 9.40 ms
13:46:21.199 debug: Resolve file:///C:/ProgramData/cocos/editors/Creator/3.8.8/resources/resources/3d/engine/editor/assets/default_renderpipeline/builtin-dof-pass.ts from cce:/internal/x/prerequisite-imports as file:///C:/ProgramData/cocos/editors/Creator/3.8.8/resources/resources/3d/engine/editor/assets/default_renderpipeline/builtin-dof-pass.ts.
13:46:21.200 debug: Resolve file:///C:/ProgramData/cocos/editors/Creator/3.8.8/resources/resources/3d/engine/editor/assets/default_renderpipeline/builtin-pipeline-pass.ts from cce:/internal/x/prerequisite-imports as file:///C:/ProgramData/cocos/editors/Creator/3.8.8/resources/resources/3d/engine/editor/assets/default_renderpipeline/builtin-pipeline-pass.ts.
13:46:21.201 debug: Resolve file:///C:/ProgramData/cocos/editors/Creator/3.8.8/resources/resources/3d/engine/editor/assets/default_renderpipeline/builtin-pipeline-settings.ts from cce:/internal/x/prerequisite-imports as file:///C:/ProgramData/cocos/editors/Creator/3.8.8/resources/resources/3d/engine/editor/assets/default_renderpipeline/builtin-pipeline-settings.ts.
13:46:21.202 debug: Resolve file:///C:/ProgramData/cocos/editors/Creator/3.8.8/resources/resources/3d/engine/editor/assets/default_renderpipeline/builtin-pipeline-types.ts from cce:/internal/x/prerequisite-imports as file:///C:/ProgramData/cocos/editors/Creator/3.8.8/resources/resources/3d/engine/editor/assets/default_renderpipeline/builtin-pipeline-types.ts.
13:46:21.203 debug: Resolve file:///C:/ProgramData/cocos/editors/Creator/3.8.8/resources/resources/3d/engine/editor/assets/default_renderpipeline/builtin-pipeline.ts from cce:/internal/x/prerequisite-imports as file:///C:/ProgramData/cocos/editors/Creator/3.8.8/resources/resources/3d/engine/editor/assets/default_renderpipeline/builtin-pipeline.ts.
13:46:21.203 debug: Resolve file:///C:/ProgramData/cocos/editors/Creator/3.8.8/resources/resources/3d/engine/editor/assets/tools/debug-view-runtime-control.ts from cce:/internal/x/prerequisite-imports as file:///C:/ProgramData/cocos/editors/Creator/3.8.8/resources/resources/3d/engine/editor/assets/tools/debug-view-runtime-control.ts.
13:46:21.204 debug: Resolve file:///C:/Users/TU/Documents/Codex/2026-07-16/wo-d/PA-demo/project/NewProject/assets/scripts/PADemo.ts from cce:/internal/x/prerequisite-imports as file:///C:/Users/TU/Documents/Codex/2026-07-16/wo-d/PA-demo/project/NewProject/assets/scripts/PADemo.ts.
13:46:21.204 debug: Detected change: file:///C:/Users/TU/Documents/Codex/2026-07-16/wo-d/PA-demo/project/NewProject/assets/scripts/PADemo.ts. Last mtime: Thu Jul 16 2026 13:39:32 GMT+0800 (中国标准时间)@7568f09a-6f69-4b3a-952b-2c811b6e3b4f, Current mtime: Thu Jul 16 2026 13:45:05 GMT+0800 (中国标准时间)@7568f09a-6f69-4b3a-952b-2c811b6e3b4f
13:46:21.204 debug: Inspect file:///C:/Users/TU/Documents/Codex/2026-07-16/wo-d/PA-demo/project/NewProject/assets/scripts/PADemo.ts
13:46:21.327 debug: transform url: 'file:///C:/Users/TU/Documents/Codex/2026-07-16/wo-d/PA-demo/project/NewProject/assets/scripts/PADemo.ts' costs: 123.00 ms
13:46:21.330 debug: Resolve file:///C:/Users/TU/Documents/Codex/2026-07-16/wo-d/PA-demo/project/NewProject/assets/scripts/ProceduralFactory.ts from cce:/internal/x/prerequisite-imports as file:///C:/Users/TU/Documents/Codex/2026-07-16/wo-d/PA-demo/project/NewProject/assets/scripts/ProceduralFactory.ts.
13:46:21.330 debug: Detected change: file:///C:/Users/TU/Documents/Codex/2026-07-16/wo-d/PA-demo/project/NewProject/assets/scripts/ProceduralFactory.ts. Last mtime: Thu Jul 16 2026 13:36:54 GMT+0800 (中国标准时间)@825db90b-0dc1-4f44-811e-0603a5accf9c, Current mtime: Thu Jul 16 2026 13:45:26 GMT+0800 (中国标准时间)@825db90b-0dc1-4f44-811e-0603a5accf9c
13:46:21.330 debug: Inspect file:///C:/Users/TU/Documents/Codex/2026-07-16/wo-d/PA-demo/project/NewProject/assets/scripts/ProceduralFactory.ts
13:46:21.389 debug: transform url: 'file:///C:/Users/TU/Documents/Codex/2026-07-16/wo-d/PA-demo/project/NewProject/assets/scripts/ProceduralFactory.ts' costs: 59.40 ms
13:46:21.391 debug: Resolve cce:/internal/code-quality/cr.mjs from file:///C:/Users/TU/Documents/Codex/2026-07-16/wo-d/PA-demo/project/NewProject/assets/scripts/PADemo.ts as cce:/internal/code-quality/cr.mjs.
13:46:21.391 debug: Resolve cc from file:///C:/Users/TU/Documents/Codex/2026-07-16/wo-d/PA-demo/project/NewProject/assets/scripts/PADemo.ts as cce:/internal/x/cc.
13:46:21.391 debug: Resolve cc from file:///C:/Users/TU/Documents/Codex/2026-07-16/wo-d/PA-demo/project/NewProject/assets/scripts/PADemo.ts as cce:/internal/x/cc.
13:46:21.391 debug: Resolve cc from file:///C:/Users/TU/Documents/Codex/2026-07-16/wo-d/PA-demo/project/NewProject/assets/scripts/PADemo.ts as cce:/internal/x/cc.
13:46:21.392 debug: Resolve ./ProceduralFactory from file:///C:/Users/TU/Documents/Codex/2026-07-16/wo-d/PA-demo/project/NewProject/assets/scripts/PADemo.ts as file:///C:/Users/TU/Documents/Codex/2026-07-16/wo-d/PA-demo/project/NewProject/assets/scripts/ProceduralFactory.ts.
13:46:21.392 debug: Resolve cc from file:///C:/Users/TU/Documents/Codex/2026-07-16/wo-d/PA-demo/project/NewProject/assets/scripts/ProceduralFactory.ts as cce:/internal/x/cc.
13:46:21.392 debug: Resolve cc from file:///C:/Users/TU/Documents/Codex/2026-07-16/wo-d/PA-demo/project/NewProject/assets/scripts/ProceduralFactory.ts as cce:/internal/x/cc.
13:46:21.392 debug: Resolve cc from file:///C:/Users/TU/Documents/Codex/2026-07-16/wo-d/PA-demo/project/NewProject/assets/scripts/ProceduralFactory.ts as cce:/internal/x/cc.
13:46:21.401 debug: Target(preview) ends with cost 216.90709999995306ms.
13:54:00.602 debug: Dispatch build request for time accumulated 2 asset changes.
13:54:00.604 debug: Build iteration starts.
Number of accumulated asset changes: 2
Feature changed: false
13:54:00.604 debug: Target(editor) build started.
13:54:00.606 debug: Detected change: cce:/internal/x/prerequisite-imports. Last mtime: Thu Jan 01 1970 08:23:10 GMT+0800 (中国标准时间), Current mtime: Thu Jan 01 1970 08:30:49 GMT+0800 (中国标准时间)
13:54:00.606 debug: Inspect cce:/internal/x/prerequisite-imports
13:54:00.615 debug: transform url: 'cce:/internal/x/prerequisite-imports' costs: 8.50 ms
13:54:00.616 debug: Resolve file:///C:/ProgramData/cocos/editors/Creator/3.8.8/resources/resources/3d/engine/editor/assets/default_renderpipeline/builtin-dof-pass.ts from cce:/internal/x/prerequisite-imports as file:///C:/ProgramData/cocos/editors/Creator/3.8.8/resources/resources/3d/engine/editor/assets/default_renderpipeline/builtin-dof-pass.ts.
13:54:00.617 debug: Resolve file:///C:/ProgramData/cocos/editors/Creator/3.8.8/resources/resources/3d/engine/editor/assets/default_renderpipeline/builtin-pipeline-pass.ts from cce:/internal/x/prerequisite-imports as file:///C:/ProgramData/cocos/editors/Creator/3.8.8/resources/resources/3d/engine/editor/assets/default_renderpipeline/builtin-pipeline-pass.ts.
13:54:00.618 debug: Resolve file:///C:/ProgramData/cocos/editors/Creator/3.8.8/resources/resources/3d/engine/editor/assets/default_renderpipeline/builtin-pipeline-settings.ts from cce:/internal/x/prerequisite-imports as file:///C:/ProgramData/cocos/editors/Creator/3.8.8/resources/resources/3d/engine/editor/assets/default_renderpipeline/builtin-pipeline-settings.ts.
13:54:00.619 debug: Resolve file:///C:/ProgramData/cocos/editors/Creator/3.8.8/resources/resources/3d/engine/editor/assets/default_renderpipeline/builtin-pipeline-types.ts from cce:/internal/x/prerequisite-imports as file:///C:/ProgramData/cocos/editors/Creator/3.8.8/resources/resources/3d/engine/editor/assets/default_renderpipeline/builtin-pipeline-types.ts.
13:54:00.619 debug: Resolve file:///C:/ProgramData/cocos/editors/Creator/3.8.8/resources/resources/3d/engine/editor/assets/default_renderpipeline/builtin-pipeline.ts from cce:/internal/x/prerequisite-imports as file:///C:/ProgramData/cocos/editors/Creator/3.8.8/resources/resources/3d/engine/editor/assets/default_renderpipeline/builtin-pipeline.ts.
13:54:00.620 debug: Resolve file:///C:/ProgramData/cocos/editors/Creator/3.8.8/resources/resources/3d/engine/editor/assets/tools/debug-view-runtime-control.ts from cce:/internal/x/prerequisite-imports as file:///C:/ProgramData/cocos/editors/Creator/3.8.8/resources/resources/3d/engine/editor/assets/tools/debug-view-runtime-control.ts.
13:54:00.621 debug: Resolve file:///C:/Users/TU/Documents/Codex/2026-07-16/wo-d/PA-demo/project/NewProject/assets/scripts/PADemo.ts from cce:/internal/x/prerequisite-imports as file:///C:/Users/TU/Documents/Codex/2026-07-16/wo-d/PA-demo/project/NewProject/assets/scripts/PADemo.ts.
13:54:00.621 debug: Detected change: file:///C:/Users/TU/Documents/Codex/2026-07-16/wo-d/PA-demo/project/NewProject/assets/scripts/PADemo.ts. Last mtime: Thu Jul 16 2026 13:45:05 GMT+0800 (中国标准时间)@7568f09a-6f69-4b3a-952b-2c811b6e3b4f, Current mtime: Thu Jul 16 2026 13:52:05 GMT+0800 (中国标准时间)@7568f09a-6f69-4b3a-952b-2c811b6e3b4f
13:54:00.621 debug: Inspect file:///C:/Users/TU/Documents/Codex/2026-07-16/wo-d/PA-demo/project/NewProject/assets/scripts/PADemo.ts
13:54:00.717 debug: transform url: 'file:///C:/Users/TU/Documents/Codex/2026-07-16/wo-d/PA-demo/project/NewProject/assets/scripts/PADemo.ts' costs: 96.20 ms
13:54:00.720 debug: Resolve file:///C:/Users/TU/Documents/Codex/2026-07-16/wo-d/PA-demo/project/NewProject/assets/scripts/ProceduralFactory.ts from cce:/internal/x/prerequisite-imports as file:///C:/Users/TU/Documents/Codex/2026-07-16/wo-d/PA-demo/project/NewProject/assets/scripts/ProceduralFactory.ts.
13:54:00.720 debug: Detected change: file:///C:/Users/TU/Documents/Codex/2026-07-16/wo-d/PA-demo/project/NewProject/assets/scripts/ProceduralFactory.ts. Last mtime: Thu Jul 16 2026 13:45:26 GMT+0800 (中国标准时间)@825db90b-0dc1-4f44-811e-0603a5accf9c, Current mtime: Thu Jul 16 2026 13:51:38 GMT+0800 (中国标准时间)@825db90b-0dc1-4f44-811e-0603a5accf9c
13:54:00.720 debug: Inspect file:///C:/Users/TU/Documents/Codex/2026-07-16/wo-d/PA-demo/project/NewProject/assets/scripts/ProceduralFactory.ts
13:54:00.746 debug: transform url: 'file:///C:/Users/TU/Documents/Codex/2026-07-16/wo-d/PA-demo/project/NewProject/assets/scripts/ProceduralFactory.ts' costs: 26.20 ms
13:54:00.748 debug: Resolve cce:/internal/code-quality/cr.mjs from file:///C:/Users/TU/Documents/Codex/2026-07-16/wo-d/PA-demo/project/NewProject/assets/scripts/PADemo.ts as cce:/internal/code-quality/cr.mjs.
13:54:00.748 debug: Resolve cc from file:///C:/Users/TU/Documents/Codex/2026-07-16/wo-d/PA-demo/project/NewProject/assets/scripts/PADemo.ts as cce:/internal/x/cc.
13:54:00.748 debug: Resolve cc from file:///C:/Users/TU/Documents/Codex/2026-07-16/wo-d/PA-demo/project/NewProject/assets/scripts/PADemo.ts as cce:/internal/x/cc.
13:54:00.748 debug: Resolve cc from file:///C:/Users/TU/Documents/Codex/2026-07-16/wo-d/PA-demo/project/NewProject/assets/scripts/PADemo.ts as cce:/internal/x/cc.
13:54:00.749 debug: Resolve ./ProceduralFactory from file:///C:/Users/TU/Documents/Codex/2026-07-16/wo-d/PA-demo/project/NewProject/assets/scripts/PADemo.ts as file:///C:/Users/TU/Documents/Codex/2026-07-16/wo-d/PA-demo/project/NewProject/assets/scripts/ProceduralFactory.ts.
13:54:00.749 debug: Resolve cc from file:///C:/Users/TU/Documents/Codex/2026-07-16/wo-d/PA-demo/project/NewProject/assets/scripts/ProceduralFactory.ts as cce:/internal/x/cc.
13:54:00.749 debug: Resolve cc from file:///C:/Users/TU/Documents/Codex/2026-07-16/wo-d/PA-demo/project/NewProject/assets/scripts/ProceduralFactory.ts as cce:/internal/x/cc.
13:54:00.749 debug: Resolve cc from file:///C:/Users/TU/Documents/Codex/2026-07-16/wo-d/PA-demo/project/NewProject/assets/scripts/ProceduralFactory.ts as cce:/internal/x/cc.
13:54:00.760 debug: Target(editor) ends with cost 155.65529999998398ms.
13:54:00.760 debug: Target(preview) build started.
13:54:00.779 debug: Detected change: cce:/internal/x/prerequisite-imports. Last mtime: Thu Jan 01 1970 08:23:10 GMT+0800 (中国标准时间), Current mtime: Thu Jan 01 1970 08:30:50 GMT+0800 (中国标准时间)
13:54:00.780 debug: Inspect cce:/internal/x/prerequisite-imports
13:54:00.795 debug: transform url: 'cce:/internal/x/prerequisite-imports' costs: 15.50 ms
13:54:00.799 debug: Resolve file:///C:/ProgramData/cocos/editors/Creator/3.8.8/resources/resources/3d/engine/editor/assets/default_renderpipeline/builtin-dof-pass.ts from cce:/internal/x/prerequisite-imports as file:///C:/ProgramData/cocos/editors/Creator/3.8.8/resources/resources/3d/engine/editor/assets/default_renderpipeline/builtin-dof-pass.ts.
13:54:00.800 debug: Resolve file:///C:/ProgramData/cocos/editors/Creator/3.8.8/resources/resources/3d/engine/editor/assets/default_renderpipeline/builtin-pipeline-pass.ts from cce:/internal/x/prerequisite-imports as file:///C:/ProgramData/cocos/editors/Creator/3.8.8/resources/resources/3d/engine/editor/assets/default_renderpipeline/builtin-pipeline-pass.ts.
13:54:00.801 debug: Resolve file:///C:/ProgramData/cocos/editors/Creator/3.8.8/resources/resources/3d/engine/editor/assets/default_renderpipeline/builtin-pipeline-settings.ts from cce:/internal/x/prerequisite-imports as file:///C:/ProgramData/cocos/editors/Creator/3.8.8/resources/resources/3d/engine/editor/assets/default_renderpipeline/builtin-pipeline-settings.ts.
13:54:00.802 debug: Resolve file:///C:/ProgramData/cocos/editors/Creator/3.8.8/resources/resources/3d/engine/editor/assets/default_renderpipeline/builtin-pipeline-types.ts from cce:/internal/x/prerequisite-imports as file:///C:/ProgramData/cocos/editors/Creator/3.8.8/resources/resources/3d/engine/editor/assets/default_renderpipeline/builtin-pipeline-types.ts.
13:54:00.803 debug: Resolve file:///C:/ProgramData/cocos/editors/Creator/3.8.8/resources/resources/3d/engine/editor/assets/default_renderpipeline/builtin-pipeline.ts from cce:/internal/x/prerequisite-imports as file:///C:/ProgramData/cocos/editors/Creator/3.8.8/resources/resources/3d/engine/editor/assets/default_renderpipeline/builtin-pipeline.ts.
13:54:00.804 debug: Resolve file:///C:/ProgramData/cocos/editors/Creator/3.8.8/resources/resources/3d/engine/editor/assets/tools/debug-view-runtime-control.ts from cce:/internal/x/prerequisite-imports as file:///C:/ProgramData/cocos/editors/Creator/3.8.8/resources/resources/3d/engine/editor/assets/tools/debug-view-runtime-control.ts.
13:54:00.805 debug: Resolve file:///C:/Users/TU/Documents/Codex/2026-07-16/wo-d/PA-demo/project/NewProject/assets/scripts/PADemo.ts from cce:/internal/x/prerequisite-imports as file:///C:/Users/TU/Documents/Codex/2026-07-16/wo-d/PA-demo/project/NewProject/assets/scripts/PADemo.ts.
13:54:00.805 debug: Detected change: file:///C:/Users/TU/Documents/Codex/2026-07-16/wo-d/PA-demo/project/NewProject/assets/scripts/PADemo.ts. Last mtime: Thu Jul 16 2026 13:45:05 GMT+0800 (中国标准时间)@7568f09a-6f69-4b3a-952b-2c811b6e3b4f, Current mtime: Thu Jul 16 2026 13:52:05 GMT+0800 (中国标准时间)@7568f09a-6f69-4b3a-952b-2c811b6e3b4f
13:54:00.805 debug: Inspect file:///C:/Users/TU/Documents/Codex/2026-07-16/wo-d/PA-demo/project/NewProject/assets/scripts/PADemo.ts
13:54:00.951 debug: transform url: 'file:///C:/Users/TU/Documents/Codex/2026-07-16/wo-d/PA-demo/project/NewProject/assets/scripts/PADemo.ts' costs: 145.80 ms
13:54:00.954 debug: Resolve file:///C:/Users/TU/Documents/Codex/2026-07-16/wo-d/PA-demo/project/NewProject/assets/scripts/ProceduralFactory.ts from cce:/internal/x/prerequisite-imports as file:///C:/Users/TU/Documents/Codex/2026-07-16/wo-d/PA-demo/project/NewProject/assets/scripts/ProceduralFactory.ts.
13:54:00.954 debug: Detected change: file:///C:/Users/TU/Documents/Codex/2026-07-16/wo-d/PA-demo/project/NewProject/assets/scripts/ProceduralFactory.ts. Last mtime: Thu Jul 16 2026 13:45:26 GMT+0800 (中国标准时间)@825db90b-0dc1-4f44-811e-0603a5accf9c, Current mtime: Thu Jul 16 2026 13:51:38 GMT+0800 (中国标准时间)@825db90b-0dc1-4f44-811e-0603a5accf9c
13:54:00.954 debug: Inspect file:///C:/Users/TU/Documents/Codex/2026-07-16/wo-d/PA-demo/project/NewProject/assets/scripts/ProceduralFactory.ts
13:54:00.996 debug: transform url: 'file:///C:/Users/TU/Documents/Codex/2026-07-16/wo-d/PA-demo/project/NewProject/assets/scripts/ProceduralFactory.ts' costs: 41.30 ms
13:54:00.998 debug: Resolve cce:/internal/code-quality/cr.mjs from file:///C:/Users/TU/Documents/Codex/2026-07-16/wo-d/PA-demo/project/NewProject/assets/scripts/PADemo.ts as cce:/internal/code-quality/cr.mjs.
13:54:00.998 debug: Resolve cc from file:///C:/Users/TU/Documents/Codex/2026-07-16/wo-d/PA-demo/project/NewProject/assets/scripts/PADemo.ts as cce:/internal/x/cc.
13:54:00.998 debug: Resolve cc from file:///C:/Users/TU/Documents/Codex/2026-07-16/wo-d/PA-demo/project/NewProject/assets/scripts/PADemo.ts as cce:/internal/x/cc.
13:54:00.998 debug: Resolve cc from file:///C:/Users/TU/Documents/Codex/2026-07-16/wo-d/PA-demo/project/NewProject/assets/scripts/PADemo.ts as cce:/internal/x/cc.
13:54:00.999 debug: Resolve ./ProceduralFactory from file:///C:/Users/TU/Documents/Codex/2026-07-16/wo-d/PA-demo/project/NewProject/assets/scripts/PADemo.ts as file:///C:/Users/TU/Documents/Codex/2026-07-16/wo-d/PA-demo/project/NewProject/assets/scripts/ProceduralFactory.ts.
13:54:00.999 debug: Resolve cc from file:///C:/Users/TU/Documents/Codex/2026-07-16/wo-d/PA-demo/project/NewProject/assets/scripts/ProceduralFactory.ts as cce:/internal/x/cc.
13:54:00.999 debug: Resolve cc from file:///C:/Users/TU/Documents/Codex/2026-07-16/wo-d/PA-demo/project/NewProject/assets/scripts/ProceduralFactory.ts as cce:/internal/x/cc.
13:54:00.999 debug: Resolve cc from file:///C:/Users/TU/Documents/Codex/2026-07-16/wo-d/PA-demo/project/NewProject/assets/scripts/ProceduralFactory.ts as cce:/internal/x/cc.
13:54:01.007 debug: Target(preview) ends with cost 247.37669999990612ms.
13:57:55.307 debug: Dispatch build request for time accumulated 2 asset changes.
13:57:55.308 debug: Build iteration starts.
Number of accumulated asset changes: 2
Feature changed: false
13:57:55.309 debug: Target(editor) build started.
13:57:55.312 debug: Detected change: cce:/internal/x/prerequisite-imports. Last mtime: Thu Jan 01 1970 08:30:49 GMT+0800 (中国标准时间), Current mtime: Thu Jan 01 1970 08:34:44 GMT+0800 (中国标准时间)
13:57:55.312 debug: Inspect cce:/internal/x/prerequisite-imports
13:57:55.320 debug: transform url: 'cce:/internal/x/prerequisite-imports' costs: 7.80 ms
13:57:55.323 debug: Resolve file:///C:/ProgramData/cocos/editors/Creator/3.8.8/resources/resources/3d/engine/editor/assets/default_renderpipeline/builtin-dof-pass.ts from cce:/internal/x/prerequisite-imports as file:///C:/ProgramData/cocos/editors/Creator/3.8.8/resources/resources/3d/engine/editor/assets/default_renderpipeline/builtin-dof-pass.ts.
13:57:55.323 debug: Resolve file:///C:/ProgramData/cocos/editors/Creator/3.8.8/resources/resources/3d/engine/editor/assets/default_renderpipeline/builtin-pipeline-pass.ts from cce:/internal/x/prerequisite-imports as file:///C:/ProgramData/cocos/editors/Creator/3.8.8/resources/resources/3d/engine/editor/assets/default_renderpipeline/builtin-pipeline-pass.ts.
13:57:55.324 debug: Resolve file:///C:/ProgramData/cocos/editors/Creator/3.8.8/resources/resources/3d/engine/editor/assets/default_renderpipeline/builtin-pipeline-settings.ts from cce:/internal/x/prerequisite-imports as file:///C:/ProgramData/cocos/editors/Creator/3.8.8/resources/resources/3d/engine/editor/assets/default_renderpipeline/builtin-pipeline-settings.ts.
13:57:55.325 debug: Resolve file:///C:/ProgramData/cocos/editors/Creator/3.8.8/resources/resources/3d/engine/editor/assets/default_renderpipeline/builtin-pipeline-types.ts from cce:/internal/x/prerequisite-imports as file:///C:/ProgramData/cocos/editors/Creator/3.8.8/resources/resources/3d/engine/editor/assets/default_renderpipeline/builtin-pipeline-types.ts.
13:57:55.325 debug: Resolve file:///C:/ProgramData/cocos/editors/Creator/3.8.8/resources/resources/3d/engine/editor/assets/default_renderpipeline/builtin-pipeline.ts from cce:/internal/x/prerequisite-imports as file:///C:/ProgramData/cocos/editors/Creator/3.8.8/resources/resources/3d/engine/editor/assets/default_renderpipeline/builtin-pipeline.ts.
13:57:55.326 debug: Resolve file:///C:/ProgramData/cocos/editors/Creator/3.8.8/resources/resources/3d/engine/editor/assets/tools/debug-view-runtime-control.ts from cce:/internal/x/prerequisite-imports as file:///C:/ProgramData/cocos/editors/Creator/3.8.8/resources/resources/3d/engine/editor/assets/tools/debug-view-runtime-control.ts.
13:57:55.326 debug: Resolve file:///C:/Users/TU/Documents/Codex/2026-07-16/wo-d/PA-demo/project/NewProject/assets/scripts/PADemo.ts from cce:/internal/x/prerequisite-imports as file:///C:/Users/TU/Documents/Codex/2026-07-16/wo-d/PA-demo/project/NewProject/assets/scripts/PADemo.ts.
13:57:55.326 debug: Detected change: file:///C:/Users/TU/Documents/Codex/2026-07-16/wo-d/PA-demo/project/NewProject/assets/scripts/PADemo.ts. Last mtime: Thu Jul 16 2026 13:52:05 GMT+0800 (中国标准时间)@7568f09a-6f69-4b3a-952b-2c811b6e3b4f, Current mtime: Thu Jul 16 2026 13:56:10 GMT+0800 (中国标准时间)@7568f09a-6f69-4b3a-952b-2c811b6e3b4f
13:57:55.326 debug: Inspect file:///C:/Users/TU/Documents/Codex/2026-07-16/wo-d/PA-demo/project/NewProject/assets/scripts/PADemo.ts
13:57:55.485 debug: transform url: 'file:///C:/Users/TU/Documents/Codex/2026-07-16/wo-d/PA-demo/project/NewProject/assets/scripts/PADemo.ts' costs: 158.80 ms
13:57:55.488 debug: Resolve file:///C:/Users/TU/Documents/Codex/2026-07-16/wo-d/PA-demo/project/NewProject/assets/scripts/ProceduralFactory.ts from cce:/internal/x/prerequisite-imports as file:///C:/Users/TU/Documents/Codex/2026-07-16/wo-d/PA-demo/project/NewProject/assets/scripts/ProceduralFactory.ts.
13:57:55.488 debug: Detected change: file:///C:/Users/TU/Documents/Codex/2026-07-16/wo-d/PA-demo/project/NewProject/assets/scripts/ProceduralFactory.ts. Last mtime: Thu Jul 16 2026 13:51:38 GMT+0800 (中国标准时间)@825db90b-0dc1-4f44-811e-0603a5accf9c, Current mtime: Thu Jul 16 2026 13:56:44 GMT+0800 (中国标准时间)@825db90b-0dc1-4f44-811e-0603a5accf9c
13:57:55.488 debug: Inspect file:///C:/Users/TU/Documents/Codex/2026-07-16/wo-d/PA-demo/project/NewProject/assets/scripts/ProceduralFactory.ts
13:57:55.520 debug: transform url: 'file:///C:/Users/TU/Documents/Codex/2026-07-16/wo-d/PA-demo/project/NewProject/assets/scripts/ProceduralFactory.ts' costs: 31.50 ms
13:57:55.522 debug: Resolve cce:/internal/code-quality/cr.mjs from file:///C:/Users/TU/Documents/Codex/2026-07-16/wo-d/PA-demo/project/NewProject/assets/scripts/PADemo.ts as cce:/internal/code-quality/cr.mjs.
13:57:55.522 debug: Resolve cc from file:///C:/Users/TU/Documents/Codex/2026-07-16/wo-d/PA-demo/project/NewProject/assets/scripts/PADemo.ts as cce:/internal/x/cc.
13:57:55.522 debug: Resolve cc from file:///C:/Users/TU/Documents/Codex/2026-07-16/wo-d/PA-demo/project/NewProject/assets/scripts/PADemo.ts as cce:/internal/x/cc.
13:57:55.522 debug: Resolve cc from file:///C:/Users/TU/Documents/Codex/2026-07-16/wo-d/PA-demo/project/NewProject/assets/scripts/PADemo.ts as cce:/internal/x/cc.
13:57:55.523 debug: Resolve ./ProceduralFactory from file:///C:/Users/TU/Documents/Codex/2026-07-16/wo-d/PA-demo/project/NewProject/assets/scripts/PADemo.ts as file:///C:/Users/TU/Documents/Codex/2026-07-16/wo-d/PA-demo/project/NewProject/assets/scripts/ProceduralFactory.ts.
13:57:55.523 debug: Resolve cc from file:///C:/Users/TU/Documents/Codex/2026-07-16/wo-d/PA-demo/project/NewProject/assets/scripts/ProceduralFactory.ts as cce:/internal/x/cc.
13:57:55.523 debug: Resolve cc from file:///C:/Users/TU/Documents/Codex/2026-07-16/wo-d/PA-demo/project/NewProject/assets/scripts/ProceduralFactory.ts as cce:/internal/x/cc.
13:57:55.523 debug: Resolve cc from file:///C:/Users/TU/Documents/Codex/2026-07-16/wo-d/PA-demo/project/NewProject/assets/scripts/ProceduralFactory.ts as cce:/internal/x/cc.
13:57:55.533 debug: Target(editor) ends with cost 223.20100000011735ms.
13:57:55.533 debug: Target(preview) build started.
13:57:55.535 debug: Detected change: cce:/internal/x/prerequisite-imports. Last mtime: Thu Jan 01 1970 08:30:50 GMT+0800 (中国标准时间), Current mtime: Thu Jan 01 1970 08:34:44 GMT+0800 (中国标准时间)
13:57:55.535 debug: Inspect cce:/internal/x/prerequisite-imports
13:57:55.546 debug: transform url: 'cce:/internal/x/prerequisite-imports' costs: 11.40 ms
13:57:55.548 debug: Resolve file:///C:/ProgramData/cocos/editors/Creator/3.8.8/resources/resources/3d/engine/editor/assets/default_renderpipeline/builtin-dof-pass.ts from cce:/internal/x/prerequisite-imports as file:///C:/ProgramData/cocos/editors/Creator/3.8.8/resources/resources/3d/engine/editor/assets/default_renderpipeline/builtin-dof-pass.ts.
13:57:55.548 debug: Resolve file:///C:/ProgramData/cocos/editors/Creator/3.8.8/resources/resources/3d/engine/editor/assets/default_renderpipeline/builtin-pipeline-pass.ts from cce:/internal/x/prerequisite-imports as file:///C:/ProgramData/cocos/editors/Creator/3.8.8/resources/resources/3d/engine/editor/assets/default_renderpipeline/builtin-pipeline-pass.ts.
13:57:55.548 debug: Resolve file:///C:/ProgramData/cocos/editors/Creator/3.8.8/resources/resources/3d/engine/editor/assets/default_renderpipeline/builtin-pipeline-settings.ts from cce:/internal/x/prerequisite-imports as file:///C:/ProgramData/cocos/editors/Creator/3.8.8/resources/resources/3d/engine/editor/assets/default_renderpipeline/builtin-pipeline-settings.ts.
13:57:55.549 debug: Resolve file:///C:/ProgramData/cocos/editors/Creator/3.8.8/resources/resources/3d/engine/editor/assets/default_renderpipeline/builtin-pipeline-types.ts from cce:/internal/x/prerequisite-imports as file:///C:/ProgramData/cocos/editors/Creator/3.8.8/resources/resources/3d/engine/editor/assets/default_renderpipeline/builtin-pipeline-types.ts.
13:57:55.549 debug: Resolve file:///C:/ProgramData/cocos/editors/Creator/3.8.8/resources/resources/3d/engine/editor/assets/default_renderpipeline/builtin-pipeline.ts from cce:/internal/x/prerequisite-imports as file:///C:/ProgramData/cocos/editors/Creator/3.8.8/resources/resources/3d/engine/editor/assets/default_renderpipeline/builtin-pipeline.ts.
13:57:55.550 debug: Resolve file:///C:/ProgramData/cocos/editors/Creator/3.8.8/resources/resources/3d/engine/editor/assets/tools/debug-view-runtime-control.ts from cce:/internal/x/prerequisite-imports as file:///C:/ProgramData/cocos/editors/Creator/3.8.8/resources/resources/3d/engine/editor/assets/tools/debug-view-runtime-control.ts.
13:57:55.551 debug: Resolve file:///C:/Users/TU/Documents/Codex/2026-07-16/wo-d/PA-demo/project/NewProject/assets/scripts/PADemo.ts from cce:/internal/x/prerequisite-imports as file:///C:/Users/TU/Documents/Codex/2026-07-16/wo-d/PA-demo/project/NewProject/assets/scripts/PADemo.ts.
13:57:55.551 debug: Detected change: file:///C:/Users/TU/Documents/Codex/2026-07-16/wo-d/PA-demo/project/NewProject/assets/scripts/PADemo.ts. Last mtime: Thu Jul 16 2026 13:52:05 GMT+0800 (中国标准时间)@7568f09a-6f69-4b3a-952b-2c811b6e3b4f, Current mtime: Thu Jul 16 2026 13:56:10 GMT+0800 (中国标准时间)@7568f09a-6f69-4b3a-952b-2c811b6e3b4f
13:57:55.551 debug: Inspect file:///C:/Users/TU/Documents/Codex/2026-07-16/wo-d/PA-demo/project/NewProject/assets/scripts/PADemo.ts
13:57:55.704 debug: transform url: 'file:///C:/Users/TU/Documents/Codex/2026-07-16/wo-d/PA-demo/project/NewProject/assets/scripts/PADemo.ts' costs: 153.00 ms
13:57:55.706 debug: Resolve file:///C:/Users/TU/Documents/Codex/2026-07-16/wo-d/PA-demo/project/NewProject/assets/scripts/ProceduralFactory.ts from cce:/internal/x/prerequisite-imports as file:///C:/Users/TU/Documents/Codex/2026-07-16/wo-d/PA-demo/project/NewProject/assets/scripts/ProceduralFactory.ts.
13:57:55.706 debug: Detected change: file:///C:/Users/TU/Documents/Codex/2026-07-16/wo-d/PA-demo/project/NewProject/assets/scripts/ProceduralFactory.ts. Last mtime: Thu Jul 16 2026 13:51:38 GMT+0800 (中国标准时间)@825db90b-0dc1-4f44-811e-0603a5accf9c, Current mtime: Thu Jul 16 2026 13:56:44 GMT+0800 (中国标准时间)@825db90b-0dc1-4f44-811e-0603a5accf9c
13:57:55.707 debug: Inspect file:///C:/Users/TU/Documents/Codex/2026-07-16/wo-d/PA-demo/project/NewProject/assets/scripts/ProceduralFactory.ts
13:57:55.746 debug: transform url: 'file:///C:/Users/TU/Documents/Codex/2026-07-16/wo-d/PA-demo/project/NewProject/assets/scripts/ProceduralFactory.ts' costs: 39.80 ms
13:57:55.749 debug: Resolve cce:/internal/code-quality/cr.mjs from file:///C:/Users/TU/Documents/Codex/2026-07-16/wo-d/PA-demo/project/NewProject/assets/scripts/PADemo.ts as cce:/internal/code-quality/cr.mjs.
13:57:55.749 debug: Resolve cc from file:///C:/Users/TU/Documents/Codex/2026-07-16/wo-d/PA-demo/project/NewProject/assets/scripts/PADemo.ts as cce:/internal/x/cc.
13:57:55.749 debug: Resolve cc from file:///C:/Users/TU/Documents/Codex/2026-07-16/wo-d/PA-demo/project/NewProject/assets/scripts/PADemo.ts as cce:/internal/x/cc.
13:57:55.749 debug: Resolve cc from file:///C:/Users/TU/Documents/Codex/2026-07-16/wo-d/PA-demo/project/NewProject/assets/scripts/PADemo.ts as cce:/internal/x/cc.
13:57:55.750 debug: Resolve ./ProceduralFactory from file:///C:/Users/TU/Documents/Codex/2026-07-16/wo-d/PA-demo/project/NewProject/assets/scripts/PADemo.ts as file:///C:/Users/TU/Documents/Codex/2026-07-16/wo-d/PA-demo/project/NewProject/assets/scripts/ProceduralFactory.ts.
13:57:55.750 debug: Resolve cc from file:///C:/Users/TU/Documents/Codex/2026-07-16/wo-d/PA-demo/project/NewProject/assets/scripts/ProceduralFactory.ts as cce:/internal/x/cc.
13:57:55.750 debug: Resolve cc from file:///C:/Users/TU/Documents/Codex/2026-07-16/wo-d/PA-demo/project/NewProject/assets/scripts/ProceduralFactory.ts as cce:/internal/x/cc.
13:57:55.750 debug: Resolve cc from file:///C:/Users/TU/Documents/Codex/2026-07-16/wo-d/PA-demo/project/NewProject/assets/scripts/ProceduralFactory.ts as cce:/internal/x/cc.
13:57:55.760 debug: Target(preview) ends with cost 226.8540000000503ms.
14:01:18.189 debug: Dispatch build request for time accumulated 1 asset changes.
14:01:18.191 debug: Build iteration starts.
Number of accumulated asset changes: 1
Feature changed: false
14:01:18.191 debug: Target(editor) build started.
14:01:18.194 debug: Detected change: cce:/internal/x/prerequisite-imports. Last mtime: Thu Jan 01 1970 08:34:44 GMT+0800 (中国标准时间), Current mtime: Thu Jan 01 1970 08:38:07 GMT+0800 (中国标准时间)
14:01:18.194 debug: Inspect cce:/internal/x/prerequisite-imports
14:01:18.202 debug: transform url: 'cce:/internal/x/prerequisite-imports' costs: 8.30 ms
14:01:18.204 debug: Resolve file:///C:/ProgramData/cocos/editors/Creator/3.8.8/resources/resources/3d/engine/editor/assets/default_renderpipeline/builtin-dof-pass.ts from cce:/internal/x/prerequisite-imports as file:///C:/ProgramData/cocos/editors/Creator/3.8.8/resources/resources/3d/engine/editor/assets/default_renderpipeline/builtin-dof-pass.ts.
14:01:18.205 debug: Resolve file:///C:/ProgramData/cocos/editors/Creator/3.8.8/resources/resources/3d/engine/editor/assets/default_renderpipeline/builtin-pipeline-pass.ts from cce:/internal/x/prerequisite-imports as file:///C:/ProgramData/cocos/editors/Creator/3.8.8/resources/resources/3d/engine/editor/assets/default_renderpipeline/builtin-pipeline-pass.ts.
14:01:18.206 debug: Resolve file:///C:/ProgramData/cocos/editors/Creator/3.8.8/resources/resources/3d/engine/editor/assets/default_renderpipeline/builtin-pipeline-settings.ts from cce:/internal/x/prerequisite-imports as file:///C:/ProgramData/cocos/editors/Creator/3.8.8/resources/resources/3d/engine/editor/assets/default_renderpipeline/builtin-pipeline-settings.ts.
14:01:18.207 debug: Resolve file:///C:/ProgramData/cocos/editors/Creator/3.8.8/resources/resources/3d/engine/editor/assets/default_renderpipeline/builtin-pipeline-types.ts from cce:/internal/x/prerequisite-imports as file:///C:/ProgramData/cocos/editors/Creator/3.8.8/resources/resources/3d/engine/editor/assets/default_renderpipeline/builtin-pipeline-types.ts.
14:01:18.207 debug: Resolve file:///C:/ProgramData/cocos/editors/Creator/3.8.8/resources/resources/3d/engine/editor/assets/default_renderpipeline/builtin-pipeline.ts from cce:/internal/x/prerequisite-imports as file:///C:/ProgramData/cocos/editors/Creator/3.8.8/resources/resources/3d/engine/editor/assets/default_renderpipeline/builtin-pipeline.ts.
14:01:18.208 debug: Resolve file:///C:/ProgramData/cocos/editors/Creator/3.8.8/resources/resources/3d/engine/editor/assets/tools/debug-view-runtime-control.ts from cce:/internal/x/prerequisite-imports as file:///C:/ProgramData/cocos/editors/Creator/3.8.8/resources/resources/3d/engine/editor/assets/tools/debug-view-runtime-control.ts.
14:01:18.208 debug: Resolve file:///C:/Users/TU/Documents/Codex/2026-07-16/wo-d/PA-demo/project/NewProject/assets/scripts/PADemo.ts from cce:/internal/x/prerequisite-imports as file:///C:/Users/TU/Documents/Codex/2026-07-16/wo-d/PA-demo/project/NewProject/assets/scripts/PADemo.ts.
14:01:18.209 debug: Detected change: file:///C:/Users/TU/Documents/Codex/2026-07-16/wo-d/PA-demo/project/NewProject/assets/scripts/PADemo.ts. Last mtime: Thu Jul 16 2026 13:56:10 GMT+0800 (中国标准时间)@7568f09a-6f69-4b3a-952b-2c811b6e3b4f, Current mtime: Thu Jul 16 2026 14:00:22 GMT+0800 (中国标准时间)@7568f09a-6f69-4b3a-952b-2c811b6e3b4f
14:01:18.209 debug: Inspect file:///C:/Users/TU/Documents/Codex/2026-07-16/wo-d/PA-demo/project/NewProject/assets/scripts/PADemo.ts
14:01:18.323 debug: transform url: 'file:///C:/Users/TU/Documents/Codex/2026-07-16/wo-d/PA-demo/project/NewProject/assets/scripts/PADemo.ts' costs: 114.20 ms
14:01:18.326 debug: Resolve file:///C:/Users/TU/Documents/Codex/2026-07-16/wo-d/PA-demo/project/NewProject/assets/scripts/ProceduralFactory.ts from cce:/internal/x/prerequisite-imports as file:///C:/Users/TU/Documents/Codex/2026-07-16/wo-d/PA-demo/project/NewProject/assets/scripts/ProceduralFactory.ts.
14:01:18.327 debug: Resolve cce:/internal/code-quality/cr.mjs from file:///C:/Users/TU/Documents/Codex/2026-07-16/wo-d/PA-demo/project/NewProject/assets/scripts/PADemo.ts as cce:/internal/code-quality/cr.mjs.
14:01:18.327 debug: Resolve cc from file:///C:/Users/TU/Documents/Codex/2026-07-16/wo-d/PA-demo/project/NewProject/assets/scripts/PADemo.ts as cce:/internal/x/cc.
14:01:18.327 debug: Resolve cc from file:///C:/Users/TU/Documents/Codex/2026-07-16/wo-d/PA-demo/project/NewProject/assets/scripts/PADemo.ts as cce:/internal/x/cc.
14:01:18.327 debug: Resolve cc from file:///C:/Users/TU/Documents/Codex/2026-07-16/wo-d/PA-demo/project/NewProject/assets/scripts/PADemo.ts as cce:/internal/x/cc.
14:01:18.328 debug: Resolve ./ProceduralFactory from file:///C:/Users/TU/Documents/Codex/2026-07-16/wo-d/PA-demo/project/NewProject/assets/scripts/PADemo.ts as file:///C:/Users/TU/Documents/Codex/2026-07-16/wo-d/PA-demo/project/NewProject/assets/scripts/ProceduralFactory.ts.
14:01:18.342 debug: Target(editor) ends with cost 150.84530000016093ms.
14:01:18.342 debug: Target(preview) build started.
14:01:18.345 debug: Detected change: cce:/internal/x/prerequisite-imports. Last mtime: Thu Jan 01 1970 08:34:44 GMT+0800 (中国标准时间), Current mtime: Thu Jan 01 1970 08:38:07 GMT+0800 (中国标准时间)
14:01:18.345 debug: Inspect cce:/internal/x/prerequisite-imports
14:01:18.356 debug: transform url: 'cce:/internal/x/prerequisite-imports' costs: 11.40 ms
14:01:18.358 debug: Resolve file:///C:/ProgramData/cocos/editors/Creator/3.8.8/resources/resources/3d/engine/editor/assets/default_renderpipeline/builtin-dof-pass.ts from cce:/internal/x/prerequisite-imports as file:///C:/ProgramData/cocos/editors/Creator/3.8.8/resources/resources/3d/engine/editor/assets/default_renderpipeline/builtin-dof-pass.ts.
14:01:18.359 debug: Resolve file:///C:/ProgramData/cocos/editors/Creator/3.8.8/resources/resources/3d/engine/editor/assets/default_renderpipeline/builtin-pipeline-pass.ts from cce:/internal/x/prerequisite-imports as file:///C:/ProgramData/cocos/editors/Creator/3.8.8/resources/resources/3d/engine/editor/assets/default_renderpipeline/builtin-pipeline-pass.ts.
14:01:18.360 debug: Resolve file:///C:/ProgramData/cocos/editors/Creator/3.8.8/resources/resources/3d/engine/editor/assets/default_renderpipeline/builtin-pipeline-settings.ts from cce:/internal/x/prerequisite-imports as file:///C:/ProgramData/cocos/editors/Creator/3.8.8/resources/resources/3d/engine/editor/assets/default_renderpipeline/builtin-pipeline-settings.ts.
14:01:18.361 debug: Resolve file:///C:/ProgramData/cocos/editors/Creator/3.8.8/resources/resources/3d/engine/editor/assets/default_renderpipeline/builtin-pipeline-types.ts from cce:/internal/x/prerequisite-imports as file:///C:/ProgramData/cocos/editors/Creator/3.8.8/resources/resources/3d/engine/editor/assets/default_renderpipeline/builtin-pipeline-types.ts.
14:01:18.362 debug: Resolve file:///C:/ProgramData/cocos/editors/Creator/3.8.8/resources/resources/3d/engine/editor/assets/default_renderpipeline/builtin-pipeline.ts from cce:/internal/x/prerequisite-imports as file:///C:/ProgramData/cocos/editors/Creator/3.8.8/resources/resources/3d/engine/editor/assets/default_renderpipeline/builtin-pipeline.ts.
14:01:18.363 debug: Resolve file:///C:/ProgramData/cocos/editors/Creator/3.8.8/resources/resources/3d/engine/editor/assets/tools/debug-view-runtime-control.ts from cce:/internal/x/prerequisite-imports as file:///C:/ProgramData/cocos/editors/Creator/3.8.8/resources/resources/3d/engine/editor/assets/tools/debug-view-runtime-control.ts.
14:01:18.364 debug: Resolve file:///C:/Users/TU/Documents/Codex/2026-07-16/wo-d/PA-demo/project/NewProject/assets/scripts/PADemo.ts from cce:/internal/x/prerequisite-imports as file:///C:/Users/TU/Documents/Codex/2026-07-16/wo-d/PA-demo/project/NewProject/assets/scripts/PADemo.ts.
14:01:18.364 debug: Detected change: file:///C:/Users/TU/Documents/Codex/2026-07-16/wo-d/PA-demo/project/NewProject/assets/scripts/PADemo.ts. Last mtime: Thu Jul 16 2026 13:56:10 GMT+0800 (中国标准时间)@7568f09a-6f69-4b3a-952b-2c811b6e3b4f, Current mtime: Thu Jul 16 2026 14:00:22 GMT+0800 (中国标准时间)@7568f09a-6f69-4b3a-952b-2c811b6e3b4f
14:01:18.364 debug: Inspect file:///C:/Users/TU/Documents/Codex/2026-07-16/wo-d/PA-demo/project/NewProject/assets/scripts/PADemo.ts
14:01:18.495 debug: transform url: 'file:///C:/Users/TU/Documents/Codex/2026-07-16/wo-d/PA-demo/project/NewProject/assets/scripts/PADemo.ts' costs: 130.30 ms
14:01:18.498 debug: Resolve file:///C:/Users/TU/Documents/Codex/2026-07-16/wo-d/PA-demo/project/NewProject/assets/scripts/ProceduralFactory.ts from cce:/internal/x/prerequisite-imports as file:///C:/Users/TU/Documents/Codex/2026-07-16/wo-d/PA-demo/project/NewProject/assets/scripts/ProceduralFactory.ts.
14:01:18.498 debug: Resolve cce:/internal/code-quality/cr.mjs from file:///C:/Users/TU/Documents/Codex/2026-07-16/wo-d/PA-demo/project/NewProject/assets/scripts/PADemo.ts as cce:/internal/code-quality/cr.mjs.
14:01:18.498 debug: Resolve cc from file:///C:/Users/TU/Documents/Codex/2026-07-16/wo-d/PA-demo/project/NewProject/assets/scripts/PADemo.ts as cce:/internal/x/cc.
14:01:18.498 debug: Resolve cc from file:///C:/Users/TU/Documents/Codex/2026-07-16/wo-d/PA-demo/project/NewProject/assets/scripts/PADemo.ts as cce:/internal/x/cc.
14:01:18.498 debug: Resolve cc from file:///C:/Users/TU/Documents/Codex/2026-07-16/wo-d/PA-demo/project/NewProject/assets/scripts/PADemo.ts as cce:/internal/x/cc.
14:01:18.499 debug: Resolve ./ProceduralFactory from file:///C:/Users/TU/Documents/Codex/2026-07-16/wo-d/PA-demo/project/NewProject/assets/scripts/PADemo.ts as file:///C:/Users/TU/Documents/Codex/2026-07-16/wo-d/PA-demo/project/NewProject/assets/scripts/ProceduralFactory.ts.
14:01:18.510 debug: Target(preview) ends with cost 167.32129999995232ms.
14:04:33.445 debug: Dispatch build request for time accumulated 1 asset changes.
14:04:33.446 debug: Build iteration starts.
Number of accumulated asset changes: 1
Feature changed: false
14:04:33.446 debug: Target(editor) build started.
14:04:33.449 debug: Detected change: cce:/internal/x/prerequisite-imports. Last mtime: Thu Jan 01 1970 08:38:07 GMT+0800 (中国标准时间), Current mtime: Thu Jan 01 1970 08:41:22 GMT+0800 (中国标准时间)
14:04:33.449 debug: Inspect cce:/internal/x/prerequisite-imports
14:04:33.460 debug: transform url: 'cce:/internal/x/prerequisite-imports' costs: 10.70 ms
14:04:33.462 debug: Resolve file:///C:/ProgramData/cocos/editors/Creator/3.8.8/resources/resources/3d/engine/editor/assets/default_renderpipeline/builtin-dof-pass.ts from cce:/internal/x/prerequisite-imports as file:///C:/ProgramData/cocos/editors/Creator/3.8.8/resources/resources/3d/engine/editor/assets/default_renderpipeline/builtin-dof-pass.ts.
14:04:33.463 debug: Resolve file:///C:/ProgramData/cocos/editors/Creator/3.8.8/resources/resources/3d/engine/editor/assets/default_renderpipeline/builtin-pipeline-pass.ts from cce:/internal/x/prerequisite-imports as file:///C:/ProgramData/cocos/editors/Creator/3.8.8/resources/resources/3d/engine/editor/assets/default_renderpipeline/builtin-pipeline-pass.ts.
14:04:33.464 debug: Resolve file:///C:/ProgramData/cocos/editors/Creator/3.8.8/resources/resources/3d/engine/editor/assets/default_renderpipeline/builtin-pipeline-settings.ts from cce:/internal/x/prerequisite-imports as file:///C:/ProgramData/cocos/editors/Creator/3.8.8/resources/resources/3d/engine/editor/assets/default_renderpipeline/builtin-pipeline-settings.ts.
14:04:33.464 debug: Resolve file:///C:/ProgramData/cocos/editors/Creator/3.8.8/resources/resources/3d/engine/editor/assets/default_renderpipeline/builtin-pipeline-types.ts from cce:/internal/x/prerequisite-imports as file:///C:/ProgramData/cocos/editors/Creator/3.8.8/resources/resources/3d/engine/editor/assets/default_renderpipeline/builtin-pipeline-types.ts.
14:04:33.466 debug: Resolve file:///C:/ProgramData/cocos/editors/Creator/3.8.8/resources/resources/3d/engine/editor/assets/default_renderpipeline/builtin-pipeline.ts from cce:/internal/x/prerequisite-imports as file:///C:/ProgramData/cocos/editors/Creator/3.8.8/resources/resources/3d/engine/editor/assets/default_renderpipeline/builtin-pipeline.ts.
14:04:33.466 debug: Resolve file:///C:/ProgramData/cocos/editors/Creator/3.8.8/resources/resources/3d/engine/editor/assets/tools/debug-view-runtime-control.ts from cce:/internal/x/prerequisite-imports as file:///C:/ProgramData/cocos/editors/Creator/3.8.8/resources/resources/3d/engine/editor/assets/tools/debug-view-runtime-control.ts.
14:04:33.467 debug: Resolve file:///C:/Users/TU/Documents/Codex/2026-07-16/wo-d/PA-demo/project/NewProject/assets/scripts/PADemo.ts from cce:/internal/x/prerequisite-imports as file:///C:/Users/TU/Documents/Codex/2026-07-16/wo-d/PA-demo/project/NewProject/assets/scripts/PADemo.ts.
14:04:33.467 debug: Detected change: file:///C:/Users/TU/Documents/Codex/2026-07-16/wo-d/PA-demo/project/NewProject/assets/scripts/PADemo.ts. Last mtime: Thu Jul 16 2026 14:00:22 GMT+0800 (中国标准时间)@7568f09a-6f69-4b3a-952b-2c811b6e3b4f, Current mtime: Thu Jul 16 2026 14:03:48 GMT+0800 (中国标准时间)@7568f09a-6f69-4b3a-952b-2c811b6e3b4f
14:04:33.467 debug: Inspect file:///C:/Users/TU/Documents/Codex/2026-07-16/wo-d/PA-demo/project/NewProject/assets/scripts/PADemo.ts
14:04:33.610 debug: transform url: 'file:///C:/Users/TU/Documents/Codex/2026-07-16/wo-d/PA-demo/project/NewProject/assets/scripts/PADemo.ts' costs: 143.20 ms
14:04:33.613 debug: Resolve file:///C:/Users/TU/Documents/Codex/2026-07-16/wo-d/PA-demo/project/NewProject/assets/scripts/ProceduralFactory.ts from cce:/internal/x/prerequisite-imports as file:///C:/Users/TU/Documents/Codex/2026-07-16/wo-d/PA-demo/project/NewProject/assets/scripts/ProceduralFactory.ts.
14:04:33.614 debug: Resolve cce:/internal/code-quality/cr.mjs from file:///C:/Users/TU/Documents/Codex/2026-07-16/wo-d/PA-demo/project/NewProject/assets/scripts/PADemo.ts as cce:/internal/code-quality/cr.mjs.
14:04:33.614 debug: Resolve cc from file:///C:/Users/TU/Documents/Codex/2026-07-16/wo-d/PA-demo/project/NewProject/assets/scripts/PADemo.ts as cce:/internal/x/cc.
14:04:33.614 debug: Resolve cc from file:///C:/Users/TU/Documents/Codex/2026-07-16/wo-d/PA-demo/project/NewProject/assets/scripts/PADemo.ts as cce:/internal/x/cc.
14:04:33.614 debug: Resolve cc from file:///C:/Users/TU/Documents/Codex/2026-07-16/wo-d/PA-demo/project/NewProject/assets/scripts/PADemo.ts as cce:/internal/x/cc.
14:04:33.615 debug: Resolve ./ProceduralFactory from file:///C:/Users/TU/Documents/Codex/2026-07-16/wo-d/PA-demo/project/NewProject/assets/scripts/PADemo.ts as file:///C:/Users/TU/Documents/Codex/2026-07-16/wo-d/PA-demo/project/NewProject/assets/scripts/ProceduralFactory.ts.
14:04:33.624 debug: Target(editor) ends with cost 177.2628000001423ms.
14:04:33.624 debug: Target(preview) build started.
14:04:33.626 debug: Detected change: cce:/internal/x/prerequisite-imports. Last mtime: Thu Jan 01 1970 08:38:07 GMT+0800 (中国标准时间), Current mtime: Thu Jan 01 1970 08:41:22 GMT+0800 (中国标准时间)
14:04:33.626 debug: Inspect cce:/internal/x/prerequisite-imports
14:04:33.637 debug: transform url: 'cce:/internal/x/prerequisite-imports' costs: 10.60 ms
14:04:33.639 debug: Resolve file:///C:/ProgramData/cocos/editors/Creator/3.8.8/resources/resources/3d/engine/editor/assets/default_renderpipeline/builtin-dof-pass.ts from cce:/internal/x/prerequisite-imports as file:///C:/ProgramData/cocos/editors/Creator/3.8.8/resources/resources/3d/engine/editor/assets/default_renderpipeline/builtin-dof-pass.ts.
14:04:33.639 debug: Resolve file:///C:/ProgramData/cocos/editors/Creator/3.8.8/resources/resources/3d/engine/editor/assets/default_renderpipeline/builtin-pipeline-pass.ts from cce:/internal/x/prerequisite-imports as file:///C:/ProgramData/cocos/editors/Creator/3.8.8/resources/resources/3d/engine/editor/assets/default_renderpipeline/builtin-pipeline-pass.ts.
14:04:33.640 debug: Resolve file:///C:/ProgramData/cocos/editors/Creator/3.8.8/resources/resources/3d/engine/editor/assets/default_renderpipeline/builtin-pipeline-settings.ts from cce:/internal/x/prerequisite-imports as file:///C:/ProgramData/cocos/editors/Creator/3.8.8/resources/resources/3d/engine/editor/assets/default_renderpipeline/builtin-pipeline-settings.ts.
14:04:33.640 debug: Resolve file:///C:/ProgramData/cocos/editors/Creator/3.8.8/resources/resources/3d/engine/editor/assets/default_renderpipeline/builtin-pipeline-types.ts from cce:/internal/x/prerequisite-imports as file:///C:/ProgramData/cocos/editors/Creator/3.8.8/resources/resources/3d/engine/editor/assets/default_renderpipeline/builtin-pipeline-types.ts.
14:04:33.641 debug: Resolve file:///C:/ProgramData/cocos/editors/Creator/3.8.8/resources/resources/3d/engine/editor/assets/default_renderpipeline/builtin-pipeline.ts from cce:/internal/x/prerequisite-imports as file:///C:/ProgramData/cocos/editors/Creator/3.8.8/resources/resources/3d/engine/editor/assets/default_renderpipeline/builtin-pipeline.ts.
14:04:33.642 debug: Resolve file:///C:/ProgramData/cocos/editors/Creator/3.8.8/resources/resources/3d/engine/editor/assets/tools/debug-view-runtime-control.ts from cce:/internal/x/prerequisite-imports as file:///C:/ProgramData/cocos/editors/Creator/3.8.8/resources/resources/3d/engine/editor/assets/tools/debug-view-runtime-control.ts.
14:04:33.642 debug: Resolve file:///C:/Users/TU/Documents/Codex/2026-07-16/wo-d/PA-demo/project/NewProject/assets/scripts/PADemo.ts from cce:/internal/x/prerequisite-imports as file:///C:/Users/TU/Documents/Codex/2026-07-16/wo-d/PA-demo/project/NewProject/assets/scripts/PADemo.ts.
14:04:33.642 debug: Detected change: file:///C:/Users/TU/Documents/Codex/2026-07-16/wo-d/PA-demo/project/NewProject/assets/scripts/PADemo.ts. Last mtime: Thu Jul 16 2026 14:00:22 GMT+0800 (中国标准时间)@7568f09a-6f69-4b3a-952b-2c811b6e3b4f, Current mtime: Thu Jul 16 2026 14:03:48 GMT+0800 (中国标准时间)@7568f09a-6f69-4b3a-952b-2c811b6e3b4f
14:04:33.642 debug: Inspect file:///C:/Users/TU/Documents/Codex/2026-07-16/wo-d/PA-demo/project/NewProject/assets/scripts/PADemo.ts
14:04:33.814 debug: transform url: 'file:///C:/Users/TU/Documents/Codex/2026-07-16/wo-d/PA-demo/project/NewProject/assets/scripts/PADemo.ts' costs: 171.20 ms
14:04:33.816 debug: Resolve file:///C:/Users/TU/Documents/Codex/2026-07-16/wo-d/PA-demo/project/NewProject/assets/scripts/ProceduralFactory.ts from cce:/internal/x/prerequisite-imports as file:///C:/Users/TU/Documents/Codex/2026-07-16/wo-d/PA-demo/project/NewProject/assets/scripts/ProceduralFactory.ts.
14:04:33.816 debug: Resolve cce:/internal/code-quality/cr.mjs from file:///C:/Users/TU/Documents/Codex/2026-07-16/wo-d/PA-demo/project/NewProject/assets/scripts/PADemo.ts as cce:/internal/code-quality/cr.mjs.
14:04:33.816 debug: Resolve cc from file:///C:/Users/TU/Documents/Codex/2026-07-16/wo-d/PA-demo/project/NewProject/assets/scripts/PADemo.ts as cce:/internal/x/cc.
14:04:33.816 debug: Resolve cc from file:///C:/Users/TU/Documents/Codex/2026-07-16/wo-d/PA-demo/project/NewProject/assets/scripts/PADemo.ts as cce:/internal/x/cc.
14:04:33.816 debug: Resolve cc from file:///C:/Users/TU/Documents/Codex/2026-07-16/wo-d/PA-demo/project/NewProject/assets/scripts/PADemo.ts as cce:/internal/x/cc.
14:04:33.817 debug: Resolve ./ProceduralFactory from file:///C:/Users/TU/Documents/Codex/2026-07-16/wo-d/PA-demo/project/NewProject/assets/scripts/PADemo.ts as file:///C:/Users/TU/Documents/Codex/2026-07-16/wo-d/PA-demo/project/NewProject/assets/scripts/ProceduralFactory.ts.
14:04:33.826 debug: Target(preview) ends with cost 201.48650000011548ms.
14:07:45.604 debug: Dispatch build request for time accumulated 1 asset changes.
14:07:45.607 debug: Build iteration starts.
Number of accumulated asset changes: 1
Feature changed: false
14:07:45.607 debug: Target(editor) build started.
14:07:45.610 debug: Detected change: cce:/internal/x/prerequisite-imports. Last mtime: Thu Jan 01 1970 08:41:22 GMT+0800 (中国标准时间), Current mtime: Thu Jan 01 1970 08:44:34 GMT+0800 (中国标准时间)
14:07:45.610 debug: Inspect cce:/internal/x/prerequisite-imports
14:07:45.624 debug: transform url: 'cce:/internal/x/prerequisite-imports' costs: 14.40 ms
14:07:45.626 debug: Resolve file:///C:/ProgramData/cocos/editors/Creator/3.8.8/resources/resources/3d/engine/editor/assets/default_renderpipeline/builtin-dof-pass.ts from cce:/internal/x/prerequisite-imports as file:///C:/ProgramData/cocos/editors/Creator/3.8.8/resources/resources/3d/engine/editor/assets/default_renderpipeline/builtin-dof-pass.ts.
14:07:45.627 debug: Resolve file:///C:/ProgramData/cocos/editors/Creator/3.8.8/resources/resources/3d/engine/editor/assets/default_renderpipeline/builtin-pipeline-pass.ts from cce:/internal/x/prerequisite-imports as file:///C:/ProgramData/cocos/editors/Creator/3.8.8/resources/resources/3d/engine/editor/assets/default_renderpipeline/builtin-pipeline-pass.ts.
14:07:45.627 debug: Resolve file:///C:/ProgramData/cocos/editors/Creator/3.8.8/resources/resources/3d/engine/editor/assets/default_renderpipeline/builtin-pipeline-settings.ts from cce:/internal/x/prerequisite-imports as file:///C:/ProgramData/cocos/editors/Creator/3.8.8/resources/resources/3d/engine/editor/assets/default_renderpipeline/builtin-pipeline-settings.ts.
14:07:45.628 debug: Resolve file:///C:/ProgramData/cocos/editors/Creator/3.8.8/resources/resources/3d/engine/editor/assets/default_renderpipeline/builtin-pipeline-types.ts from cce:/internal/x/prerequisite-imports as file:///C:/ProgramData/cocos/editors/Creator/3.8.8/resources/resources/3d/engine/editor/assets/default_renderpipeline/builtin-pipeline-types.ts.
14:07:45.629 debug: Resolve file:///C:/ProgramData/cocos/editors/Creator/3.8.8/resources/resources/3d/engine/editor/assets/default_renderpipeline/builtin-pipeline.ts from cce:/internal/x/prerequisite-imports as file:///C:/ProgramData/cocos/editors/Creator/3.8.8/resources/resources/3d/engine/editor/assets/default_renderpipeline/builtin-pipeline.ts.
14:07:45.630 debug: Resolve file:///C:/ProgramData/cocos/editors/Creator/3.8.8/resources/resources/3d/engine/editor/assets/tools/debug-view-runtime-control.ts from cce:/internal/x/prerequisite-imports as file:///C:/ProgramData/cocos/editors/Creator/3.8.8/resources/resources/3d/engine/editor/assets/tools/debug-view-runtime-control.ts.
14:07:45.631 debug: Resolve file:///C:/Users/TU/Documents/Codex/2026-07-16/wo-d/PA-demo/project/NewProject/assets/scripts/PADemo.ts from cce:/internal/x/prerequisite-imports as file:///C:/Users/TU/Documents/Codex/2026-07-16/wo-d/PA-demo/project/NewProject/assets/scripts/PADemo.ts.
14:07:45.631 debug: Detected change: file:///C:/Users/TU/Documents/Codex/2026-07-16/wo-d/PA-demo/project/NewProject/assets/scripts/PADemo.ts. Last mtime: Thu Jul 16 2026 14:03:48 GMT+0800 (中国标准时间)@7568f09a-6f69-4b3a-952b-2c811b6e3b4f, Current mtime: Thu Jul 16 2026 14:06:17 GMT+0800 (中国标准时间)@7568f09a-6f69-4b3a-952b-2c811b6e3b4f
14:07:45.631 debug: Inspect file:///C:/Users/TU/Documents/Codex/2026-07-16/wo-d/PA-demo/project/NewProject/assets/scripts/PADemo.ts
14:07:45.726 debug: transform url: 'file:///C:/Users/TU/Documents/Codex/2026-07-16/wo-d/PA-demo/project/NewProject/assets/scripts/PADemo.ts' costs: 95.10 ms
14:07:45.730 debug: Resolve file:///C:/Users/TU/Documents/Codex/2026-07-16/wo-d/PA-demo/project/NewProject/assets/scripts/ProceduralFactory.ts from cce:/internal/x/prerequisite-imports as file:///C:/Users/TU/Documents/Codex/2026-07-16/wo-d/PA-demo/project/NewProject/assets/scripts/ProceduralFactory.ts.
14:07:45.730 debug: Resolve cce:/internal/code-quality/cr.mjs from file:///C:/Users/TU/Documents/Codex/2026-07-16/wo-d/PA-demo/project/NewProject/assets/scripts/PADemo.ts as cce:/internal/code-quality/cr.mjs.
14:07:45.730 debug: Resolve cc from file:///C:/Users/TU/Documents/Codex/2026-07-16/wo-d/PA-demo/project/NewProject/assets/scripts/PADemo.ts as cce:/internal/x/cc.
14:07:45.730 debug: Resolve cc from file:///C:/Users/TU/Documents/Codex/2026-07-16/wo-d/PA-demo/project/NewProject/assets/scripts/PADemo.ts as cce:/internal/x/cc.
14:07:45.730 debug: Resolve cc from file:///C:/Users/TU/Documents/Codex/2026-07-16/wo-d/PA-demo/project/NewProject/assets/scripts/PADemo.ts as cce:/internal/x/cc.
14:07:45.731 debug: Resolve ./ProceduralFactory from file:///C:/Users/TU/Documents/Codex/2026-07-16/wo-d/PA-demo/project/NewProject/assets/scripts/PADemo.ts as file:///C:/Users/TU/Documents/Codex/2026-07-16/wo-d/PA-demo/project/NewProject/assets/scripts/ProceduralFactory.ts.
14:07:45.748 debug: Target(editor) ends with cost 140.20959999971092ms.
14:07:45.748 debug: Target(preview) build started.
14:07:45.750 debug: Detected change: cce:/internal/x/prerequisite-imports. Last mtime: Thu Jan 01 1970 08:41:22 GMT+0800 (中国标准时间), Current mtime: Thu Jan 01 1970 08:44:35 GMT+0800 (中国标准时间)
14:07:45.750 debug: Inspect cce:/internal/x/prerequisite-imports
14:07:45.762 debug: transform url: 'cce:/internal/x/prerequisite-imports' costs: 11.40 ms
14:07:45.764 debug: Resolve file:///C:/ProgramData/cocos/editors/Creator/3.8.8/resources/resources/3d/engine/editor/assets/default_renderpipeline/builtin-dof-pass.ts from cce:/internal/x/prerequisite-imports as file:///C:/ProgramData/cocos/editors/Creator/3.8.8/resources/resources/3d/engine/editor/assets/default_renderpipeline/builtin-dof-pass.ts.
14:07:45.765 debug: Resolve file:///C:/ProgramData/cocos/editors/Creator/3.8.8/resources/resources/3d/engine/editor/assets/default_renderpipeline/builtin-pipeline-pass.ts from cce:/internal/x/prerequisite-imports as file:///C:/ProgramData/cocos/editors/Creator/3.8.8/resources/resources/3d/engine/editor/assets/default_renderpipeline/builtin-pipeline-pass.ts.
14:07:45.766 debug: Resolve file:///C:/ProgramData/cocos/editors/Creator/3.8.8/resources/resources/3d/engine/editor/assets/default_renderpipeline/builtin-pipeline-settings.ts from cce:/internal/x/prerequisite-imports as file:///C:/ProgramData/cocos/editors/Creator/3.8.8/resources/resources/3d/engine/editor/assets/default_renderpipeline/builtin-pipeline-settings.ts.
14:07:45.766 debug: Resolve file:///C:/ProgramData/cocos/editors/Creator/3.8.8/resources/resources/3d/engine/editor/assets/default_renderpipeline/builtin-pipeline-types.ts from cce:/internal/x/prerequisite-imports as file:///C:/ProgramData/cocos/editors/Creator/3.8.8/resources/resources/3d/engine/editor/assets/default_renderpipeline/builtin-pipeline-types.ts.
14:07:45.767 debug: Resolve file:///C:/ProgramData/cocos/editors/Creator/3.8.8/resources/resources/3d/engine/editor/assets/default_renderpipeline/builtin-pipeline.ts from cce:/internal/x/prerequisite-imports as file:///C:/ProgramData/cocos/editors/Creator/3.8.8/resources/resources/3d/engine/editor/assets/default_renderpipeline/builtin-pipeline.ts.
14:07:45.768 debug: Resolve file:///C:/ProgramData/cocos/editors/Creator/3.8.8/resources/resources/3d/engine/editor/assets/tools/debug-view-runtime-control.ts from cce:/internal/x/prerequisite-imports as file:///C:/ProgramData/cocos/editors/Creator/3.8.8/resources/resources/3d/engine/editor/assets/tools/debug-view-runtime-control.ts.
14:07:45.768 debug: Resolve file:///C:/Users/TU/Documents/Codex/2026-07-16/wo-d/PA-demo/project/NewProject/assets/scripts/PADemo.ts from cce:/internal/x/prerequisite-imports as file:///C:/Users/TU/Documents/Codex/2026-07-16/wo-d/PA-demo/project/NewProject/assets/scripts/PADemo.ts.
14:07:45.768 debug: Detected change: file:///C:/Users/TU/Documents/Codex/2026-07-16/wo-d/PA-demo/project/NewProject/assets/scripts/PADemo.ts. Last mtime: Thu Jul 16 2026 14:03:48 GMT+0800 (中国标准时间)@7568f09a-6f69-4b3a-952b-2c811b6e3b4f, Current mtime: Thu Jul 16 2026 14:06:17 GMT+0800 (中国标准时间)@7568f09a-6f69-4b3a-952b-2c811b6e3b4f
14:07:45.768 debug: Inspect file:///C:/Users/TU/Documents/Codex/2026-07-16/wo-d/PA-demo/project/NewProject/assets/scripts/PADemo.ts
14:07:45.911 debug: transform url: 'file:///C:/Users/TU/Documents/Codex/2026-07-16/wo-d/PA-demo/project/NewProject/assets/scripts/PADemo.ts' costs: 142.60 ms
14:07:45.915 debug: Resolve file:///C:/Users/TU/Documents/Codex/2026-07-16/wo-d/PA-demo/project/NewProject/assets/scripts/ProceduralFactory.ts from cce:/internal/x/prerequisite-imports as file:///C:/Users/TU/Documents/Codex/2026-07-16/wo-d/PA-demo/project/NewProject/assets/scripts/ProceduralFactory.ts.
14:07:45.915 debug: Resolve cce:/internal/code-quality/cr.mjs from file:///C:/Users/TU/Documents/Codex/2026-07-16/wo-d/PA-demo/project/NewProject/assets/scripts/PADemo.ts as cce:/internal/code-quality/cr.mjs.
14:07:45.916 debug: Resolve cc from file:///C:/Users/TU/Documents/Codex/2026-07-16/wo-d/PA-demo/project/NewProject/assets/scripts/PADemo.ts as cce:/internal/x/cc.
14:07:45.916 debug: Resolve cc from file:///C:/Users/TU/Documents/Codex/2026-07-16/wo-d/PA-demo/project/NewProject/assets/scripts/PADemo.ts as cce:/internal/x/cc.
14:07:45.916 debug: Resolve cc from file:///C:/Users/TU/Documents/Codex/2026-07-16/wo-d/PA-demo/project/NewProject/assets/scripts/PADemo.ts as cce:/internal/x/cc.
14:07:45.917 debug: Resolve ./ProceduralFactory from file:///C:/Users/TU/Documents/Codex/2026-07-16/wo-d/PA-demo/project/NewProject/assets/scripts/PADemo.ts as file:///C:/Users/TU/Documents/Codex/2026-07-16/wo-d/PA-demo/project/NewProject/assets/scripts/ProceduralFactory.ts.
14:07:45.923 debug: Target(preview) ends with cost 175.2833000002429ms.
14:11:00.237 debug: Dispatch build request for time accumulated 1 asset changes.
14:11:00.240 debug: Build iteration starts.
Number of accumulated asset changes: 1
Feature changed: false
14:11:00.240 debug: Target(editor) build started.
14:11:00.242 debug: Detected change: cce:/internal/x/prerequisite-imports. Last mtime: Thu Jan 01 1970 08:44:34 GMT+0800 (中国标准时间), Current mtime: Thu Jan 01 1970 08:47:49 GMT+0800 (中国标准时间)
14:11:00.242 debug: Inspect cce:/internal/x/prerequisite-imports
14:11:00.251 debug: transform url: 'cce:/internal/x/prerequisite-imports' costs: 8.60 ms
14:11:00.253 debug: Resolve file:///C:/ProgramData/cocos/editors/Creator/3.8.8/resources/resources/3d/engine/editor/assets/default_renderpipeline/builtin-dof-pass.ts from cce:/internal/x/prerequisite-imports as file:///C:/ProgramData/cocos/editors/Creator/3.8.8/resources/resources/3d/engine/editor/assets/default_renderpipeline/builtin-dof-pass.ts.
14:11:00.254 debug: Resolve file:///C:/ProgramData/cocos/editors/Creator/3.8.8/resources/resources/3d/engine/editor/assets/default_renderpipeline/builtin-pipeline-pass.ts from cce:/internal/x/prerequisite-imports as file:///C:/ProgramData/cocos/editors/Creator/3.8.8/resources/resources/3d/engine/editor/assets/default_renderpipeline/builtin-pipeline-pass.ts.
14:11:00.254 debug: Resolve file:///C:/ProgramData/cocos/editors/Creator/3.8.8/resources/resources/3d/engine/editor/assets/default_renderpipeline/builtin-pipeline-settings.ts from cce:/internal/x/prerequisite-imports as file:///C:/ProgramData/cocos/editors/Creator/3.8.8/resources/resources/3d/engine/editor/assets/default_renderpipeline/builtin-pipeline-settings.ts.
14:11:00.255 debug: Resolve file:///C:/ProgramData/cocos/editors/Creator/3.8.8/resources/resources/3d/engine/editor/assets/default_renderpipeline/builtin-pipeline-types.ts from cce:/internal/x/prerequisite-imports as file:///C:/ProgramData/cocos/editors/Creator/3.8.8/resources/resources/3d/engine/editor/assets/default_renderpipeline/builtin-pipeline-types.ts.
14:11:00.256 debug: Resolve file:///C:/ProgramData/cocos/editors/Creator/3.8.8/resources/resources/3d/engine/editor/assets/default_renderpipeline/builtin-pipeline.ts from cce:/internal/x/prerequisite-imports as file:///C:/ProgramData/cocos/editors/Creator/3.8.8/resources/resources/3d/engine/editor/assets/default_renderpipeline/builtin-pipeline.ts.
14:11:00.256 debug: Resolve file:///C:/ProgramData/cocos/editors/Creator/3.8.8/resources/resources/3d/engine/editor/assets/tools/debug-view-runtime-control.ts from cce:/internal/x/prerequisite-imports as file:///C:/ProgramData/cocos/editors/Creator/3.8.8/resources/resources/3d/engine/editor/assets/tools/debug-view-runtime-control.ts.
14:11:00.257 debug: Resolve file:///C:/Users/TU/Documents/Codex/2026-07-16/wo-d/PA-demo/project/NewProject/assets/scripts/PADemo.ts from cce:/internal/x/prerequisite-imports as file:///C:/Users/TU/Documents/Codex/2026-07-16/wo-d/PA-demo/project/NewProject/assets/scripts/PADemo.ts.
14:11:00.257 debug: Detected change: file:///C:/Users/TU/Documents/Codex/2026-07-16/wo-d/PA-demo/project/NewProject/assets/scripts/PADemo.ts. Last mtime: Thu Jul 16 2026 14:06:17 GMT+0800 (中国标准时间)@7568f09a-6f69-4b3a-952b-2c811b6e3b4f, Current mtime: Thu Jul 16 2026 14:10:54 GMT+0800 (中国标准时间)@7568f09a-6f69-4b3a-952b-2c811b6e3b4f
14:11:00.257 debug: Inspect file:///C:/Users/TU/Documents/Codex/2026-07-16/wo-d/PA-demo/project/NewProject/assets/scripts/PADemo.ts
14:11:00.402 debug: transform url: 'file:///C:/Users/TU/Documents/Codex/2026-07-16/wo-d/PA-demo/project/NewProject/assets/scripts/PADemo.ts' costs: 144.50 ms
14:11:00.404 debug: Resolve file:///C:/Users/TU/Documents/Codex/2026-07-16/wo-d/PA-demo/project/NewProject/assets/scripts/ProceduralFactory.ts from cce:/internal/x/prerequisite-imports as file:///C:/Users/TU/Documents/Codex/2026-07-16/wo-d/PA-demo/project/NewProject/assets/scripts/ProceduralFactory.ts.
14:11:00.404 debug: Resolve cce:/internal/code-quality/cr.mjs from file:///C:/Users/TU/Documents/Codex/2026-07-16/wo-d/PA-demo/project/NewProject/assets/scripts/PADemo.ts as cce:/internal/code-quality/cr.mjs.
14:11:00.405 debug: Resolve cc from file:///C:/Users/TU/Documents/Codex/2026-07-16/wo-d/PA-demo/project/NewProject/assets/scripts/PADemo.ts as cce:/internal/x/cc.
14:11:00.405 debug: Resolve cc from file:///C:/Users/TU/Documents/Codex/2026-07-16/wo-d/PA-demo/project/NewProject/assets/scripts/PADemo.ts as cce:/internal/x/cc.
14:11:00.405 debug: Resolve cc from file:///C:/Users/TU/Documents/Codex/2026-07-16/wo-d/PA-demo/project/NewProject/assets/scripts/PADemo.ts as cce:/internal/x/cc.
14:11:00.405 debug: Resolve ./ProceduralFactory from file:///C:/Users/TU/Documents/Codex/2026-07-16/wo-d/PA-demo/project/NewProject/assets/scripts/PADemo.ts as file:///C:/Users/TU/Documents/Codex/2026-07-16/wo-d/PA-demo/project/NewProject/assets/scripts/ProceduralFactory.ts.
14:11:00.414 debug: Target(editor) ends with cost 174.37699999986216ms.
14:11:00.414 debug: Target(preview) build started.
14:11:00.416 debug: Detected change: cce:/internal/x/prerequisite-imports. Last mtime: Thu Jan 01 1970 08:44:35 GMT+0800 (中国标准时间), Current mtime: Thu Jan 01 1970 08:47:49 GMT+0800 (中国标准时间)
14:11:00.416 debug: Inspect cce:/internal/x/prerequisite-imports
14:11:00.430 debug: transform url: 'cce:/internal/x/prerequisite-imports' costs: 13.20 ms
14:11:00.432 debug: Resolve file:///C:/ProgramData/cocos/editors/Creator/3.8.8/resources/resources/3d/engine/editor/assets/default_renderpipeline/builtin-dof-pass.ts from cce:/internal/x/prerequisite-imports as file:///C:/ProgramData/cocos/editors/Creator/3.8.8/resources/resources/3d/engine/editor/assets/default_renderpipeline/builtin-dof-pass.ts.
14:11:00.432 debug: Resolve file:///C:/ProgramData/cocos/editors/Creator/3.8.8/resources/resources/3d/engine/editor/assets/default_renderpipeline/builtin-pipeline-pass.ts from cce:/internal/x/prerequisite-imports as file:///C:/ProgramData/cocos/editors/Creator/3.8.8/resources/resources/3d/engine/editor/assets/default_renderpipeline/builtin-pipeline-pass.ts.
14:11:00.433 debug: Resolve file:///C:/ProgramData/cocos/editors/Creator/3.8.8/resources/resources/3d/engine/editor/assets/default_renderpipeline/builtin-pipeline-settings.ts from cce:/internal/x/prerequisite-imports as file:///C:/ProgramData/cocos/editors/Creator/3.8.8/resources/resources/3d/engine/editor/assets/default_renderpipeline/builtin-pipeline-settings.ts.
14:11:00.434 debug: Resolve file:///C:/ProgramData/cocos/editors/Creator/3.8.8/resources/resources/3d/engine/editor/assets/default_renderpipeline/builtin-pipeline-types.ts from cce:/internal/x/prerequisite-imports as file:///C:/ProgramData/cocos/editors/Creator/3.8.8/resources/resources/3d/engine/editor/assets/default_renderpipeline/builtin-pipeline-types.ts.
14:11:00.434 debug: Resolve file:///C:/ProgramData/cocos/editors/Creator/3.8.8/resources/resources/3d/engine/editor/assets/default_renderpipeline/builtin-pipeline.ts from cce:/internal/x/prerequisite-imports as file:///C:/ProgramData/cocos/editors/Creator/3.8.8/resources/resources/3d/engine/editor/assets/default_renderpipeline/builtin-pipeline.ts.
14:11:00.435 debug: Resolve file:///C:/ProgramData/cocos/editors/Creator/3.8.8/resources/resources/3d/engine/editor/assets/tools/debug-view-runtime-control.ts from cce:/internal/x/prerequisite-imports as file:///C:/ProgramData/cocos/editors/Creator/3.8.8/resources/resources/3d/engine/editor/assets/tools/debug-view-runtime-control.ts.
14:11:00.436 debug: Resolve file:///C:/Users/TU/Documents/Codex/2026-07-16/wo-d/PA-demo/project/NewProject/assets/scripts/PADemo.ts from cce:/internal/x/prerequisite-imports as file:///C:/Users/TU/Documents/Codex/2026-07-16/wo-d/PA-demo/project/NewProject/assets/scripts/PADemo.ts.
14:11:00.436 debug: Detected change: file:///C:/Users/TU/Documents/Codex/2026-07-16/wo-d/PA-demo/project/NewProject/assets/scripts/PADemo.ts. Last mtime: Thu Jul 16 2026 14:06:17 GMT+0800 (中国标准时间)@7568f09a-6f69-4b3a-952b-2c811b6e3b4f, Current mtime: Thu Jul 16 2026 14:10:54 GMT+0800 (中国标准时间)@7568f09a-6f69-4b3a-952b-2c811b6e3b4f
14:11:00.436 debug: Inspect file:///C:/Users/TU/Documents/Codex/2026-07-16/wo-d/PA-demo/project/NewProject/assets/scripts/PADemo.ts
14:11:00.567 debug: transform url: 'file:///C:/Users/TU/Documents/Codex/2026-07-16/wo-d/PA-demo/project/NewProject/assets/scripts/PADemo.ts' costs: 131.10 ms
14:11:00.570 debug: Resolve file:///C:/Users/TU/Documents/Codex/2026-07-16/wo-d/PA-demo/project/NewProject/assets/scripts/ProceduralFactory.ts from cce:/internal/x/prerequisite-imports as file:///C:/Users/TU/Documents/Codex/2026-07-16/wo-d/PA-demo/project/NewProject/assets/scripts/ProceduralFactory.ts.
14:11:00.570 debug: Resolve cce:/internal/code-quality/cr.mjs from file:///C:/Users/TU/Documents/Codex/2026-07-16/wo-d/PA-demo/project/NewProject/assets/scripts/PADemo.ts as cce:/internal/code-quality/cr.mjs.
14:11:00.570 debug: Resolve cc from file:///C:/Users/TU/Documents/Codex/2026-07-16/wo-d/PA-demo/project/NewProject/assets/scripts/PADemo.ts as cce:/internal/x/cc.
14:11:00.570 debug: Resolve cc from file:///C:/Users/TU/Documents/Codex/2026-07-16/wo-d/PA-demo/project/NewProject/assets/scripts/PADemo.ts as cce:/internal/x/cc.
14:11:00.570 debug: Resolve cc from file:///C:/Users/TU/Documents/Codex/2026-07-16/wo-d/PA-demo/project/NewProject/assets/scripts/PADemo.ts as cce:/internal/x/cc.
14:11:00.571 debug: Resolve ./ProceduralFactory from file:///C:/Users/TU/Documents/Codex/2026-07-16/wo-d/PA-demo/project/NewProject/assets/scripts/PADemo.ts as file:///C:/Users/TU/Documents/Codex/2026-07-16/wo-d/PA-demo/project/NewProject/assets/scripts/ProceduralFactory.ts.
14:11:00.580 debug: Target(preview) ends with cost 165.6178999999538ms.
14:12:07.008 debug: Dispatch build request for time accumulated 1 asset changes.
14:12:07.009 debug: Build iteration starts.
Number of accumulated asset changes: 1
Feature changed: false
14:12:07.010 debug: Target(editor) build started.
14:12:07.013 debug: Detected change: cce:/internal/x/prerequisite-imports. Last mtime: Thu Jan 01 1970 08:47:49 GMT+0800 (中国标准时间), Current mtime: Thu Jan 01 1970 08:48:56 GMT+0800 (中国标准时间)
14:12:07.013 debug: Inspect cce:/internal/x/prerequisite-imports
14:12:07.021 debug: transform url: 'cce:/internal/x/prerequisite-imports' costs: 8.50 ms
14:12:07.024 debug: Resolve file:///C:/ProgramData/cocos/editors/Creator/3.8.8/resources/resources/3d/engine/editor/assets/default_renderpipeline/builtin-dof-pass.ts from cce:/internal/x/prerequisite-imports as file:///C:/ProgramData/cocos/editors/Creator/3.8.8/resources/resources/3d/engine/editor/assets/default_renderpipeline/builtin-dof-pass.ts.
14:12:07.025 debug: Resolve file:///C:/ProgramData/cocos/editors/Creator/3.8.8/resources/resources/3d/engine/editor/assets/default_renderpipeline/builtin-pipeline-pass.ts from cce:/internal/x/prerequisite-imports as file:///C:/ProgramData/cocos/editors/Creator/3.8.8/resources/resources/3d/engine/editor/assets/default_renderpipeline/builtin-pipeline-pass.ts.
14:12:07.025 debug: Resolve file:///C:/ProgramData/cocos/editors/Creator/3.8.8/resources/resources/3d/engine/editor/assets/default_renderpipeline/builtin-pipeline-settings.ts from cce:/internal/x/prerequisite-imports as file:///C:/ProgramData/cocos/editors/Creator/3.8.8/resources/resources/3d/engine/editor/assets/default_renderpipeline/builtin-pipeline-settings.ts.
14:12:07.026 debug: Resolve file:///C:/ProgramData/cocos/editors/Creator/3.8.8/resources/resources/3d/engine/editor/assets/default_renderpipeline/builtin-pipeline-types.ts from cce:/internal/x/prerequisite-imports as file:///C:/ProgramData/cocos/editors/Creator/3.8.8/resources/resources/3d/engine/editor/assets/default_renderpipeline/builtin-pipeline-types.ts.
14:12:07.027 debug: Resolve file:///C:/ProgramData/cocos/editors/Creator/3.8.8/resources/resources/3d/engine/editor/assets/default_renderpipeline/builtin-pipeline.ts from cce:/internal/x/prerequisite-imports as file:///C:/ProgramData/cocos/editors/Creator/3.8.8/resources/resources/3d/engine/editor/assets/default_renderpipeline/builtin-pipeline.ts.
14:12:07.027 debug: Resolve file:///C:/ProgramData/cocos/editors/Creator/3.8.8/resources/resources/3d/engine/editor/assets/tools/debug-view-runtime-control.ts from cce:/internal/x/prerequisite-imports as file:///C:/ProgramData/cocos/editors/Creator/3.8.8/resources/resources/3d/engine/editor/assets/tools/debug-view-runtime-control.ts.
14:12:07.028 debug: Resolve file:///C:/Users/TU/Documents/Codex/2026-07-16/wo-d/PA-demo/project/NewProject/assets/scripts/PADemo.ts from cce:/internal/x/prerequisite-imports as file:///C:/Users/TU/Documents/Codex/2026-07-16/wo-d/PA-demo/project/NewProject/assets/scripts/PADemo.ts.
14:12:07.028 debug: Detected change: file:///C:/Users/TU/Documents/Codex/2026-07-16/wo-d/PA-demo/project/NewProject/assets/scripts/PADemo.ts. Last mtime: Thu Jul 16 2026 14:10:54 GMT+0800 (中国标准时间)@7568f09a-6f69-4b3a-952b-2c811b6e3b4f, Current mtime: Thu Jul 16 2026 14:11:22 GMT+0800 (中国标准时间)@7568f09a-6f69-4b3a-952b-2c811b6e3b4f
14:12:07.028 debug: Inspect file:///C:/Users/TU/Documents/Codex/2026-07-16/wo-d/PA-demo/project/NewProject/assets/scripts/PADemo.ts
14:12:07.177 debug: transform url: 'file:///C:/Users/TU/Documents/Codex/2026-07-16/wo-d/PA-demo/project/NewProject/assets/scripts/PADemo.ts' costs: 149.30 ms
14:12:07.181 debug: Resolve file:///C:/Users/TU/Documents/Codex/2026-07-16/wo-d/PA-demo/project/NewProject/assets/scripts/ProceduralFactory.ts from cce:/internal/x/prerequisite-imports as file:///C:/Users/TU/Documents/Codex/2026-07-16/wo-d/PA-demo/project/NewProject/assets/scripts/ProceduralFactory.ts.
14:12:07.181 debug: Resolve cce:/internal/code-quality/cr.mjs from file:///C:/Users/TU/Documents/Codex/2026-07-16/wo-d/PA-demo/project/NewProject/assets/scripts/PADemo.ts as cce:/internal/code-quality/cr.mjs.
14:12:07.181 debug: Resolve cc from file:///C:/Users/TU/Documents/Codex/2026-07-16/wo-d/PA-demo/project/NewProject/assets/scripts/PADemo.ts as cce:/internal/x/cc.
14:12:07.181 debug: Resolve cc from file:///C:/Users/TU/Documents/Codex/2026-07-16/wo-d/PA-demo/project/NewProject/assets/scripts/PADemo.ts as cce:/internal/x/cc.
14:12:07.181 debug: Resolve cc from file:///C:/Users/TU/Documents/Codex/2026-07-16/wo-d/PA-demo/project/NewProject/assets/scripts/PADemo.ts as cce:/internal/x/cc.
14:12:07.182 debug: Resolve ./ProceduralFactory from file:///C:/Users/TU/Documents/Codex/2026-07-16/wo-d/PA-demo/project/NewProject/assets/scripts/PADemo.ts as file:///C:/Users/TU/Documents/Codex/2026-07-16/wo-d/PA-demo/project/NewProject/assets/scripts/ProceduralFactory.ts.
14:12:07.191 debug: Target(editor) ends with cost 181.4185999999754ms.
14:12:07.192 debug: Target(preview) build started.
14:12:07.194 debug: Detected change: cce:/internal/x/prerequisite-imports. Last mtime: Thu Jan 01 1970 08:47:49 GMT+0800 (中国标准时间), Current mtime: Thu Jan 01 1970 08:48:56 GMT+0800 (中国标准时间)
14:12:07.194 debug: Inspect cce:/internal/x/prerequisite-imports
14:12:07.210 debug: transform url: 'cce:/internal/x/prerequisite-imports' costs: 15.80 ms
14:12:07.213 debug: Resolve file:///C:/ProgramData/cocos/editors/Creator/3.8.8/resources/resources/3d/engine/editor/assets/default_renderpipeline/builtin-dof-pass.ts from cce:/internal/x/prerequisite-imports as file:///C:/ProgramData/cocos/editors/Creator/3.8.8/resources/resources/3d/engine/editor/assets/default_renderpipeline/builtin-dof-pass.ts.
14:12:07.214 debug: Resolve file:///C:/ProgramData/cocos/editors/Creator/3.8.8/resources/resources/3d/engine/editor/assets/default_renderpipeline/builtin-pipeline-pass.ts from cce:/internal/x/prerequisite-imports as file:///C:/ProgramData/cocos/editors/Creator/3.8.8/resources/resources/3d/engine/editor/assets/default_renderpipeline/builtin-pipeline-pass.ts.
14:12:07.215 debug: Resolve file:///C:/ProgramData/cocos/editors/Creator/3.8.8/resources/resources/3d/engine/editor/assets/default_renderpipeline/builtin-pipeline-settings.ts from cce:/internal/x/prerequisite-imports as file:///C:/ProgramData/cocos/editors/Creator/3.8.8/resources/resources/3d/engine/editor/assets/default_renderpipeline/builtin-pipeline-settings.ts.
14:12:07.216 debug: Resolve file:///C:/ProgramData/cocos/editors/Creator/3.8.8/resources/resources/3d/engine/editor/assets/default_renderpipeline/builtin-pipeline-types.ts from cce:/internal/x/prerequisite-imports as file:///C:/ProgramData/cocos/editors/Creator/3.8.8/resources/resources/3d/engine/editor/assets/default_renderpipeline/builtin-pipeline-types.ts.
14:12:07.217 debug: Resolve file:///C:/ProgramData/cocos/editors/Creator/3.8.8/resources/resources/3d/engine/editor/assets/default_renderpipeline/builtin-pipeline.ts from cce:/internal/x/prerequisite-imports as file:///C:/ProgramData/cocos/editors/Creator/3.8.8/resources/resources/3d/engine/editor/assets/default_renderpipeline/builtin-pipeline.ts.
14:12:07.218 debug: Resolve file:///C:/ProgramData/cocos/editors/Creator/3.8.8/resources/resources/3d/engine/editor/assets/tools/debug-view-runtime-control.ts from cce:/internal/x/prerequisite-imports as file:///C:/ProgramData/cocos/editors/Creator/3.8.8/resources/resources/3d/engine/editor/assets/tools/debug-view-runtime-control.ts.
14:12:07.219 debug: Resolve file:///C:/Users/TU/Documents/Codex/2026-07-16/wo-d/PA-demo/project/NewProject/assets/scripts/PADemo.ts from cce:/internal/x/prerequisite-imports as file:///C:/Users/TU/Documents/Codex/2026-07-16/wo-d/PA-demo/project/NewProject/assets/scripts/PADemo.ts.
14:12:07.219 debug: Detected change: file:///C:/Users/TU/Documents/Codex/2026-07-16/wo-d/PA-demo/project/NewProject/assets/scripts/PADemo.ts. Last mtime: Thu Jul 16 2026 14:10:54 GMT+0800 (中国标准时间)@7568f09a-6f69-4b3a-952b-2c811b6e3b4f, Current mtime: Thu Jul 16 2026 14:11:22 GMT+0800 (中国标准时间)@7568f09a-6f69-4b3a-952b-2c811b6e3b4f
14:12:07.219 debug: Inspect file:///C:/Users/TU/Documents/Codex/2026-07-16/wo-d/PA-demo/project/NewProject/assets/scripts/PADemo.ts
14:12:07.354 debug: transform url: 'file:///C:/Users/TU/Documents/Codex/2026-07-16/wo-d/PA-demo/project/NewProject/assets/scripts/PADemo.ts' costs: 134.70 ms
14:12:07.357 debug: Resolve file:///C:/Users/TU/Documents/Codex/2026-07-16/wo-d/PA-demo/project/NewProject/assets/scripts/ProceduralFactory.ts from cce:/internal/x/prerequisite-imports as file:///C:/Users/TU/Documents/Codex/2026-07-16/wo-d/PA-demo/project/NewProject/assets/scripts/ProceduralFactory.ts.
14:12:07.357 debug: Resolve cce:/internal/code-quality/cr.mjs from file:///C:/Users/TU/Documents/Codex/2026-07-16/wo-d/PA-demo/project/NewProject/assets/scripts/PADemo.ts as cce:/internal/code-quality/cr.mjs.
14:12:07.357 debug: Resolve cc from file:///C:/Users/TU/Documents/Codex/2026-07-16/wo-d/PA-demo/project/NewProject/assets/scripts/PADemo.ts as cce:/internal/x/cc.
14:12:07.357 debug: Resolve cc from file:///C:/Users/TU/Documents/Codex/2026-07-16/wo-d/PA-demo/project/NewProject/assets/scripts/PADemo.ts as cce:/internal/x/cc.
14:12:07.357 debug: Resolve cc from file:///C:/Users/TU/Documents/Codex/2026-07-16/wo-d/PA-demo/project/NewProject/assets/scripts/PADemo.ts as cce:/internal/x/cc.
14:12:07.358 debug: Resolve ./ProceduralFactory from file:///C:/Users/TU/Documents/Codex/2026-07-16/wo-d/PA-demo/project/NewProject/assets/scripts/PADemo.ts as file:///C:/Users/TU/Documents/Codex/2026-07-16/wo-d/PA-demo/project/NewProject/assets/scripts/ProceduralFactory.ts.
14:12:07.367 debug: Target(preview) ends with cost 175.1463999999687ms.
14:19:21.138 debug: Dispatch build request for time accumulated 1 asset changes.
14:19:21.140 debug: Build iteration starts.
Number of accumulated asset changes: 1
Feature changed: false
14:19:21.140 debug: Target(editor) build started.
14:19:21.142 debug: Detected change: cce:/internal/x/prerequisite-imports. Last mtime: Thu Jan 01 1970 08:48:56 GMT+0800 (中国标准时间), Current mtime: Thu Jan 01 1970 08:56:10 GMT+0800 (中国标准时间)
14:19:21.142 debug: Inspect cce:/internal/x/prerequisite-imports
14:19:21.154 debug: transform url: 'cce:/internal/x/prerequisite-imports' costs: 11.10 ms
14:19:21.156 debug: Resolve file:///C:/ProgramData/cocos/editors/Creator/3.8.8/resources/resources/3d/engine/editor/assets/default_renderpipeline/builtin-dof-pass.ts from cce:/internal/x/prerequisite-imports as file:///C:/ProgramData/cocos/editors/Creator/3.8.8/resources/resources/3d/engine/editor/assets/default_renderpipeline/builtin-dof-pass.ts.
14:19:21.157 debug: Resolve file:///C:/ProgramData/cocos/editors/Creator/3.8.8/resources/resources/3d/engine/editor/assets/default_renderpipeline/builtin-pipeline-pass.ts from cce:/internal/x/prerequisite-imports as file:///C:/ProgramData/cocos/editors/Creator/3.8.8/resources/resources/3d/engine/editor/assets/default_renderpipeline/builtin-pipeline-pass.ts.
14:19:21.158 debug: Resolve file:///C:/ProgramData/cocos/editors/Creator/3.8.8/resources/resources/3d/engine/editor/assets/default_renderpipeline/builtin-pipeline-settings.ts from cce:/internal/x/prerequisite-imports as file:///C:/ProgramData/cocos/editors/Creator/3.8.8/resources/resources/3d/engine/editor/assets/default_renderpipeline/builtin-pipeline-settings.ts.
14:19:21.158 debug: Resolve file:///C:/ProgramData/cocos/editors/Creator/3.8.8/resources/resources/3d/engine/editor/assets/default_renderpipeline/builtin-pipeline-types.ts from cce:/internal/x/prerequisite-imports as file:///C:/ProgramData/cocos/editors/Creator/3.8.8/resources/resources/3d/engine/editor/assets/default_renderpipeline/builtin-pipeline-types.ts.
14:19:21.160 debug: Resolve file:///C:/ProgramData/cocos/editors/Creator/3.8.8/resources/resources/3d/engine/editor/assets/default_renderpipeline/builtin-pipeline.ts from cce:/internal/x/prerequisite-imports as file:///C:/ProgramData/cocos/editors/Creator/3.8.8/resources/resources/3d/engine/editor/assets/default_renderpipeline/builtin-pipeline.ts.
14:19:21.161 debug: Resolve file:///C:/ProgramData/cocos/editors/Creator/3.8.8/resources/resources/3d/engine/editor/assets/tools/debug-view-runtime-control.ts from cce:/internal/x/prerequisite-imports as file:///C:/ProgramData/cocos/editors/Creator/3.8.8/resources/resources/3d/engine/editor/assets/tools/debug-view-runtime-control.ts.
14:19:21.161 debug: Resolve file:///C:/Users/TU/Documents/Codex/2026-07-16/wo-d/PA-demo/project/NewProject/assets/scripts/PADemo.ts from cce:/internal/x/prerequisite-imports as file:///C:/Users/TU/Documents/Codex/2026-07-16/wo-d/PA-demo/project/NewProject/assets/scripts/PADemo.ts.
14:19:21.162 debug: Detected change: file:///C:/Users/TU/Documents/Codex/2026-07-16/wo-d/PA-demo/project/NewProject/assets/scripts/PADemo.ts. Last mtime: Thu Jul 16 2026 14:11:22 GMT+0800 (中国标准时间)@7568f09a-6f69-4b3a-952b-2c811b6e3b4f, Current mtime: Thu Jul 16 2026 14:18:02 GMT+0800 (中国标准时间)@7568f09a-6f69-4b3a-952b-2c811b6e3b4f
14:19:21.162 debug: Inspect file:///C:/Users/TU/Documents/Codex/2026-07-16/wo-d/PA-demo/project/NewProject/assets/scripts/PADemo.ts
14:19:21.332 debug: transform url: 'file:///C:/Users/TU/Documents/Codex/2026-07-16/wo-d/PA-demo/project/NewProject/assets/scripts/PADemo.ts' costs: 170.70 ms
14:19:21.336 debug: Resolve file:///C:/Users/TU/Documents/Codex/2026-07-16/wo-d/PA-demo/project/NewProject/assets/scripts/ProceduralFactory.ts from cce:/internal/x/prerequisite-imports as file:///C:/Users/TU/Documents/Codex/2026-07-16/wo-d/PA-demo/project/NewProject/assets/scripts/ProceduralFactory.ts.
14:19:21.336 debug: Resolve cce:/internal/code-quality/cr.mjs from file:///C:/Users/TU/Documents/Codex/2026-07-16/wo-d/PA-demo/project/NewProject/assets/scripts/PADemo.ts as cce:/internal/code-quality/cr.mjs.
14:19:21.336 debug: Resolve cc from file:///C:/Users/TU/Documents/Codex/2026-07-16/wo-d/PA-demo/project/NewProject/assets/scripts/PADemo.ts as cce:/internal/x/cc.
14:19:21.336 debug: Resolve cc from file:///C:/Users/TU/Documents/Codex/2026-07-16/wo-d/PA-demo/project/NewProject/assets/scripts/PADemo.ts as cce:/internal/x/cc.
14:19:21.336 debug: Resolve cc from file:///C:/Users/TU/Documents/Codex/2026-07-16/wo-d/PA-demo/project/NewProject/assets/scripts/PADemo.ts as cce:/internal/x/cc.
14:19:21.337 debug: Resolve ./ProceduralFactory from file:///C:/Users/TU/Documents/Codex/2026-07-16/wo-d/PA-demo/project/NewProject/assets/scripts/PADemo.ts as file:///C:/Users/TU/Documents/Codex/2026-07-16/wo-d/PA-demo/project/NewProject/assets/scripts/ProceduralFactory.ts.
14:19:21.349 debug: Target(editor) ends with cost 209.08990000002086ms.
14:19:21.349 debug: Target(preview) build started.
14:19:21.367 debug: Detected change: cce:/internal/x/prerequisite-imports. Last mtime: Thu Jan 01 1970 08:48:56 GMT+0800 (中国标准时间), Current mtime: Thu Jan 01 1970 08:56:10 GMT+0800 (中国标准时间)
14:19:21.367 debug: Inspect cce:/internal/x/prerequisite-imports
14:19:21.382 debug: transform url: 'cce:/internal/x/prerequisite-imports' costs: 14.40 ms
14:19:21.394 debug: Resolve file:///C:/ProgramData/cocos/editors/Creator/3.8.8/resources/resources/3d/engine/editor/assets/default_renderpipeline/builtin-dof-pass.ts from cce:/internal/x/prerequisite-imports as file:///C:/ProgramData/cocos/editors/Creator/3.8.8/resources/resources/3d/engine/editor/assets/default_renderpipeline/builtin-dof-pass.ts.
14:19:21.395 debug: Resolve file:///C:/ProgramData/cocos/editors/Creator/3.8.8/resources/resources/3d/engine/editor/assets/default_renderpipeline/builtin-pipeline-pass.ts from cce:/internal/x/prerequisite-imports as file:///C:/ProgramData/cocos/editors/Creator/3.8.8/resources/resources/3d/engine/editor/assets/default_renderpipeline/builtin-pipeline-pass.ts.
14:19:21.396 debug: Resolve file:///C:/ProgramData/cocos/editors/Creator/3.8.8/resources/resources/3d/engine/editor/assets/default_renderpipeline/builtin-pipeline-settings.ts from cce:/internal/x/prerequisite-imports as file:///C:/ProgramData/cocos/editors/Creator/3.8.8/resources/resources/3d/engine/editor/assets/default_renderpipeline/builtin-pipeline-settings.ts.
14:19:21.396 debug: Resolve file:///C:/ProgramData/cocos/editors/Creator/3.8.8/resources/resources/3d/engine/editor/assets/default_renderpipeline/builtin-pipeline-types.ts from cce:/internal/x/prerequisite-imports as file:///C:/ProgramData/cocos/editors/Creator/3.8.8/resources/resources/3d/engine/editor/assets/default_renderpipeline/builtin-pipeline-types.ts.
14:19:21.397 debug: Resolve file:///C:/ProgramData/cocos/editors/Creator/3.8.8/resources/resources/3d/engine/editor/assets/default_renderpipeline/builtin-pipeline.ts from cce:/internal/x/prerequisite-imports as file:///C:/ProgramData/cocos/editors/Creator/3.8.8/resources/resources/3d/engine/editor/assets/default_renderpipeline/builtin-pipeline.ts.
14:19:21.398 debug: Resolve file:///C:/ProgramData/cocos/editors/Creator/3.8.8/resources/resources/3d/engine/editor/assets/tools/debug-view-runtime-control.ts from cce:/internal/x/prerequisite-imports as file:///C:/ProgramData/cocos/editors/Creator/3.8.8/resources/resources/3d/engine/editor/assets/tools/debug-view-runtime-control.ts.
14:19:21.398 debug: Resolve file:///C:/Users/TU/Documents/Codex/2026-07-16/wo-d/PA-demo/project/NewProject/assets/scripts/PADemo.ts from cce:/internal/x/prerequisite-imports as file:///C:/Users/TU/Documents/Codex/2026-07-16/wo-d/PA-demo/project/NewProject/assets/scripts/PADemo.ts.
14:19:21.398 debug: Detected change: file:///C:/Users/TU/Documents/Codex/2026-07-16/wo-d/PA-demo/project/NewProject/assets/scripts/PADemo.ts. Last mtime: Thu Jul 16 2026 14:11:22 GMT+0800 (中国标准时间)@7568f09a-6f69-4b3a-952b-2c811b6e3b4f, Current mtime: Thu Jul 16 2026 14:18:02 GMT+0800 (中国标准时间)@7568f09a-6f69-4b3a-952b-2c811b6e3b4f
14:19:21.398 debug: Inspect file:///C:/Users/TU/Documents/Codex/2026-07-16/wo-d/PA-demo/project/NewProject/assets/scripts/PADemo.ts
14:19:21.599 debug: transform url: 'file:///C:/Users/TU/Documents/Codex/2026-07-16/wo-d/PA-demo/project/NewProject/assets/scripts/PADemo.ts' costs: 201.00 ms
14:19:21.603 debug: Resolve file:///C:/Users/TU/Documents/Codex/2026-07-16/wo-d/PA-demo/project/NewProject/assets/scripts/ProceduralFactory.ts from cce:/internal/x/prerequisite-imports as file:///C:/Users/TU/Documents/Codex/2026-07-16/wo-d/PA-demo/project/NewProject/assets/scripts/ProceduralFactory.ts.
14:19:21.603 debug: Resolve cce:/internal/code-quality/cr.mjs from file:///C:/Users/TU/Documents/Codex/2026-07-16/wo-d/PA-demo/project/NewProject/assets/scripts/PADemo.ts as cce:/internal/code-quality/cr.mjs.
14:19:21.603 debug: Resolve cc from file:///C:/Users/TU/Documents/Codex/2026-07-16/wo-d/PA-demo/project/NewProject/assets/scripts/PADemo.ts as cce:/internal/x/cc.
14:19:21.603 debug: Resolve cc from file:///C:/Users/TU/Documents/Codex/2026-07-16/wo-d/PA-demo/project/NewProject/assets/scripts/PADemo.ts as cce:/internal/x/cc.
14:19:21.603 debug: Resolve cc from file:///C:/Users/TU/Documents/Codex/2026-07-16/wo-d/PA-demo/project/NewProject/assets/scripts/PADemo.ts as cce:/internal/x/cc.
14:19:21.604 debug: Resolve ./ProceduralFactory from file:///C:/Users/TU/Documents/Codex/2026-07-16/wo-d/PA-demo/project/NewProject/assets/scripts/PADemo.ts as file:///C:/Users/TU/Documents/Codex/2026-07-16/wo-d/PA-demo/project/NewProject/assets/scripts/ProceduralFactory.ts.
14:19:21.640 debug: Target(preview) ends with cost 290.74489999981597ms.
15:18:57.687 debug: Dispatch build request for time accumulated 1 asset changes.
15:18:57.690 debug: Build iteration starts.
Number of accumulated asset changes: 1
Feature changed: false
15:18:57.690 debug: Target(editor) build started.
15:18:57.693 debug: Detected change: cce:/internal/x/prerequisite-imports. Last mtime: Thu Jan 01 1970 08:56:10 GMT+0800 (中国标准时间), Current mtime: Thu Jan 01 1970 09:55:46 GMT+0800 (中国标准时间)
15:18:57.693 debug: Inspect cce:/internal/x/prerequisite-imports
15:18:57.710 debug: transform url: 'cce:/internal/x/prerequisite-imports' costs: 17.10 ms
15:18:57.712 debug: Resolve file:///C:/ProgramData/cocos/editors/Creator/3.8.8/resources/resources/3d/engine/editor/assets/default_renderpipeline/builtin-dof-pass.ts from cce:/internal/x/prerequisite-imports as file:///C:/ProgramData/cocos/editors/Creator/3.8.8/resources/resources/3d/engine/editor/assets/default_renderpipeline/builtin-dof-pass.ts.
15:18:57.713 debug: Resolve file:///C:/ProgramData/cocos/editors/Creator/3.8.8/resources/resources/3d/engine/editor/assets/default_renderpipeline/builtin-pipeline-pass.ts from cce:/internal/x/prerequisite-imports as file:///C:/ProgramData/cocos/editors/Creator/3.8.8/resources/resources/3d/engine/editor/assets/default_renderpipeline/builtin-pipeline-pass.ts.
15:18:57.715 debug: Resolve file:///C:/ProgramData/cocos/editors/Creator/3.8.8/resources/resources/3d/engine/editor/assets/default_renderpipeline/builtin-pipeline-settings.ts from cce:/internal/x/prerequisite-imports as file:///C:/ProgramData/cocos/editors/Creator/3.8.8/resources/resources/3d/engine/editor/assets/default_renderpipeline/builtin-pipeline-settings.ts.
15:18:57.716 debug: Resolve file:///C:/ProgramData/cocos/editors/Creator/3.8.8/resources/resources/3d/engine/editor/assets/default_renderpipeline/builtin-pipeline-types.ts from cce:/internal/x/prerequisite-imports as file:///C:/ProgramData/cocos/editors/Creator/3.8.8/resources/resources/3d/engine/editor/assets/default_renderpipeline/builtin-pipeline-types.ts.
15:18:57.718 debug: Resolve file:///C:/ProgramData/cocos/editors/Creator/3.8.8/resources/resources/3d/engine/editor/assets/default_renderpipeline/builtin-pipeline.ts from cce:/internal/x/prerequisite-imports as file:///C:/ProgramData/cocos/editors/Creator/3.8.8/resources/resources/3d/engine/editor/assets/default_renderpipeline/builtin-pipeline.ts.
15:18:57.719 debug: Resolve file:///C:/ProgramData/cocos/editors/Creator/3.8.8/resources/resources/3d/engine/editor/assets/tools/debug-view-runtime-control.ts from cce:/internal/x/prerequisite-imports as file:///C:/ProgramData/cocos/editors/Creator/3.8.8/resources/resources/3d/engine/editor/assets/tools/debug-view-runtime-control.ts.
15:18:57.721 debug: Resolve file:///C:/Users/TU/Documents/Codex/2026-07-16/wo-d/PA-demo/project/NewProject/assets/scripts/PADemo.ts from cce:/internal/x/prerequisite-imports as file:///C:/Users/TU/Documents/Codex/2026-07-16/wo-d/PA-demo/project/NewProject/assets/scripts/PADemo.ts.
15:18:57.721 debug: Detected change: file:///C:/Users/TU/Documents/Codex/2026-07-16/wo-d/PA-demo/project/NewProject/assets/scripts/PADemo.ts. Last mtime: Thu Jul 16 2026 14:18:02 GMT+0800 (中国标准时间)@7568f09a-6f69-4b3a-952b-2c811b6e3b4f, Current mtime: Thu Jul 16 2026 15:17:30 GMT+0800 (中国标准时间)@7568f09a-6f69-4b3a-952b-2c811b6e3b4f
15:18:57.721 debug: Inspect file:///C:/Users/TU/Documents/Codex/2026-07-16/wo-d/PA-demo/project/NewProject/assets/scripts/PADemo.ts
15:18:57.883 debug: transform url: 'file:///C:/Users/TU/Documents/Codex/2026-07-16/wo-d/PA-demo/project/NewProject/assets/scripts/PADemo.ts' costs: 161.70 ms
15:18:57.885 debug: Resolve file:///C:/Users/TU/Documents/Codex/2026-07-16/wo-d/PA-demo/project/NewProject/assets/scripts/ProceduralFactory.ts from cce:/internal/x/prerequisite-imports as file:///C:/Users/TU/Documents/Codex/2026-07-16/wo-d/PA-demo/project/NewProject/assets/scripts/ProceduralFactory.ts.
15:18:57.886 debug: Resolve cce:/internal/code-quality/cr.mjs from file:///C:/Users/TU/Documents/Codex/2026-07-16/wo-d/PA-demo/project/NewProject/assets/scripts/PADemo.ts as cce:/internal/code-quality/cr.mjs.
15:18:57.886 debug: Resolve cc from file:///C:/Users/TU/Documents/Codex/2026-07-16/wo-d/PA-demo/project/NewProject/assets/scripts/PADemo.ts as cce:/internal/x/cc.
15:18:57.886 debug: Resolve cc from file:///C:/Users/TU/Documents/Codex/2026-07-16/wo-d/PA-demo/project/NewProject/assets/scripts/PADemo.ts as cce:/internal/x/cc.
15:18:57.886 debug: Resolve cc from file:///C:/Users/TU/Documents/Codex/2026-07-16/wo-d/PA-demo/project/NewProject/assets/scripts/PADemo.ts as cce:/internal/x/cc.
15:18:57.887 debug: Resolve ./ProceduralFactory from file:///C:/Users/TU/Documents/Codex/2026-07-16/wo-d/PA-demo/project/NewProject/assets/scripts/PADemo.ts as file:///C:/Users/TU/Documents/Codex/2026-07-16/wo-d/PA-demo/project/NewProject/assets/scripts/ProceduralFactory.ts.
15:18:57.898 debug: Target(editor) ends with cost 207.90990000031888ms.
15:18:57.898 debug: Target(preview) build started.
15:18:57.919 debug: Detected change: cce:/internal/x/prerequisite-imports. Last mtime: Thu Jan 01 1970 08:56:10 GMT+0800 (中国标准时间), Current mtime: Thu Jan 01 1970 09:55:47 GMT+0800 (中国标准时间)
15:18:57.919 debug: Inspect cce:/internal/x/prerequisite-imports
15:18:57.932 debug: transform url: 'cce:/internal/x/prerequisite-imports' costs: 13.40 ms
15:18:57.935 debug: Resolve file:///C:/ProgramData/cocos/editors/Creator/3.8.8/resources/resources/3d/engine/editor/assets/default_renderpipeline/builtin-dof-pass.ts from cce:/internal/x/prerequisite-imports as file:///C:/ProgramData/cocos/editors/Creator/3.8.8/resources/resources/3d/engine/editor/assets/default_renderpipeline/builtin-dof-pass.ts.
15:18:57.936 debug: Resolve file:///C:/ProgramData/cocos/editors/Creator/3.8.8/resources/resources/3d/engine/editor/assets/default_renderpipeline/builtin-pipeline-pass.ts from cce:/internal/x/prerequisite-imports as file:///C:/ProgramData/cocos/editors/Creator/3.8.8/resources/resources/3d/engine/editor/assets/default_renderpipeline/builtin-pipeline-pass.ts.
15:18:57.940 debug: Resolve file:///C:/ProgramData/cocos/editors/Creator/3.8.8/resources/resources/3d/engine/editor/assets/default_renderpipeline/builtin-pipeline-settings.ts from cce:/internal/x/prerequisite-imports as file:///C:/ProgramData/cocos/editors/Creator/3.8.8/resources/resources/3d/engine/editor/assets/default_renderpipeline/builtin-pipeline-settings.ts.
15:18:57.943 debug: Resolve file:///C:/ProgramData/cocos/editors/Creator/3.8.8/resources/resources/3d/engine/editor/assets/default_renderpipeline/builtin-pipeline-types.ts from cce:/internal/x/prerequisite-imports as file:///C:/ProgramData/cocos/editors/Creator/3.8.8/resources/resources/3d/engine/editor/assets/default_renderpipeline/builtin-pipeline-types.ts.
15:18:57.944 debug: Resolve file:///C:/ProgramData/cocos/editors/Creator/3.8.8/resources/resources/3d/engine/editor/assets/default_renderpipeline/builtin-pipeline.ts from cce:/internal/x/prerequisite-imports as file:///C:/ProgramData/cocos/editors/Creator/3.8.8/resources/resources/3d/engine/editor/assets/default_renderpipeline/builtin-pipeline.ts.
15:18:57.944 debug: Resolve file:///C:/ProgramData/cocos/editors/Creator/3.8.8/resources/resources/3d/engine/editor/assets/tools/debug-view-runtime-control.ts from cce:/internal/x/prerequisite-imports as file:///C:/ProgramData/cocos/editors/Creator/3.8.8/resources/resources/3d/engine/editor/assets/tools/debug-view-runtime-control.ts.
15:18:57.945 debug: Resolve file:///C:/Users/TU/Documents/Codex/2026-07-16/wo-d/PA-demo/project/NewProject/assets/scripts/PADemo.ts from cce:/internal/x/prerequisite-imports as file:///C:/Users/TU/Documents/Codex/2026-07-16/wo-d/PA-demo/project/NewProject/assets/scripts/PADemo.ts.
15:18:57.945 debug: Detected change: file:///C:/Users/TU/Documents/Codex/2026-07-16/wo-d/PA-demo/project/NewProject/assets/scripts/PADemo.ts. Last mtime: Thu Jul 16 2026 14:18:02 GMT+0800 (中国标准时间)@7568f09a-6f69-4b3a-952b-2c811b6e3b4f, Current mtime: Thu Jul 16 2026 15:17:30 GMT+0800 (中国标准时间)@7568f09a-6f69-4b3a-952b-2c811b6e3b4f
15:18:57.945 debug: Inspect file:///C:/Users/TU/Documents/Codex/2026-07-16/wo-d/PA-demo/project/NewProject/assets/scripts/PADemo.ts
15:18:58.167 debug: transform url: 'file:///C:/Users/TU/Documents/Codex/2026-07-16/wo-d/PA-demo/project/NewProject/assets/scripts/PADemo.ts' costs: 221.70 ms
15:18:58.171 debug: Resolve file:///C:/Users/TU/Documents/Codex/2026-07-16/wo-d/PA-demo/project/NewProject/assets/scripts/ProceduralFactory.ts from cce:/internal/x/prerequisite-imports as file:///C:/Users/TU/Documents/Codex/2026-07-16/wo-d/PA-demo/project/NewProject/assets/scripts/ProceduralFactory.ts.
15:18:58.172 debug: Resolve cce:/internal/code-quality/cr.mjs from file:///C:/Users/TU/Documents/Codex/2026-07-16/wo-d/PA-demo/project/NewProject/assets/scripts/PADemo.ts as cce:/internal/code-quality/cr.mjs.
15:18:58.172 debug: Resolve cc from file:///C:/Users/TU/Documents/Codex/2026-07-16/wo-d/PA-demo/project/NewProject/assets/scripts/PADemo.ts as cce:/internal/x/cc.
15:18:58.172 debug: Resolve cc from file:///C:/Users/TU/Documents/Codex/2026-07-16/wo-d/PA-demo/project/NewProject/assets/scripts/PADemo.ts as cce:/internal/x/cc.
15:18:58.172 debug: Resolve cc from file:///C:/Users/TU/Documents/Codex/2026-07-16/wo-d/PA-demo/project/NewProject/assets/scripts/PADemo.ts as cce:/internal/x/cc.
15:18:58.173 debug: Resolve ./ProceduralFactory from file:///C:/Users/TU/Documents/Codex/2026-07-16/wo-d/PA-demo/project/NewProject/assets/scripts/PADemo.ts as file:///C:/Users/TU/Documents/Codex/2026-07-16/wo-d/PA-demo/project/NewProject/assets/scripts/ProceduralFactory.ts.
15:18:58.195 debug: Target(preview) ends with cost 296.89199999999255ms.
15:28:41.366 debug: Dispatch build request for time accumulated 1 asset changes.
15:28:41.368 debug: Build iteration starts.
Number of accumulated asset changes: 1
Feature changed: false
15:28:41.368 debug: Target(editor) build started.
15:28:41.371 debug: Detected change: cce:/internal/x/prerequisite-imports. Last mtime: Thu Jan 01 1970 09:55:46 GMT+0800 (中国标准时间), Current mtime: Thu Jan 01 1970 10:05:30 GMT+0800 (中国标准时间)
15:28:41.371 debug: Inspect cce:/internal/x/prerequisite-imports
15:28:41.384 debug: transform url: 'cce:/internal/x/prerequisite-imports' costs: 12.50 ms
15:28:41.386 debug: Resolve file:///C:/ProgramData/cocos/editors/Creator/3.8.8/resources/resources/3d/engine/editor/assets/default_renderpipeline/builtin-dof-pass.ts from cce:/internal/x/prerequisite-imports as file:///C:/ProgramData/cocos/editors/Creator/3.8.8/resources/resources/3d/engine/editor/assets/default_renderpipeline/builtin-dof-pass.ts.
15:28:41.387 debug: Resolve file:///C:/ProgramData/cocos/editors/Creator/3.8.8/resources/resources/3d/engine/editor/assets/default_renderpipeline/builtin-pipeline-pass.ts from cce:/internal/x/prerequisite-imports as file:///C:/ProgramData/cocos/editors/Creator/3.8.8/resources/resources/3d/engine/editor/assets/default_renderpipeline/builtin-pipeline-pass.ts.
15:28:41.388 debug: Resolve file:///C:/ProgramData/cocos/editors/Creator/3.8.8/resources/resources/3d/engine/editor/assets/default_renderpipeline/builtin-pipeline-settings.ts from cce:/internal/x/prerequisite-imports as file:///C:/ProgramData/cocos/editors/Creator/3.8.8/resources/resources/3d/engine/editor/assets/default_renderpipeline/builtin-pipeline-settings.ts.
15:28:41.389 debug: Resolve file:///C:/ProgramData/cocos/editors/Creator/3.8.8/resources/resources/3d/engine/editor/assets/default_renderpipeline/builtin-pipeline-types.ts from cce:/internal/x/prerequisite-imports as file:///C:/ProgramData/cocos/editors/Creator/3.8.8/resources/resources/3d/engine/editor/assets/default_renderpipeline/builtin-pipeline-types.ts.
15:28:41.390 debug: Resolve file:///C:/ProgramData/cocos/editors/Creator/3.8.8/resources/resources/3d/engine/editor/assets/default_renderpipeline/builtin-pipeline.ts from cce:/internal/x/prerequisite-imports as file:///C:/ProgramData/cocos/editors/Creator/3.8.8/resources/resources/3d/engine/editor/assets/default_renderpipeline/builtin-pipeline.ts.
15:28:41.390 debug: Resolve file:///C:/ProgramData/cocos/editors/Creator/3.8.8/resources/resources/3d/engine/editor/assets/tools/debug-view-runtime-control.ts from cce:/internal/x/prerequisite-imports as file:///C:/ProgramData/cocos/editors/Creator/3.8.8/resources/resources/3d/engine/editor/assets/tools/debug-view-runtime-control.ts.
15:28:41.392 debug: Resolve file:///C:/Users/TU/Documents/Codex/2026-07-16/wo-d/PA-demo/project/NewProject/assets/scripts/PADemo.ts from cce:/internal/x/prerequisite-imports as file:///C:/Users/TU/Documents/Codex/2026-07-16/wo-d/PA-demo/project/NewProject/assets/scripts/PADemo.ts.
15:28:41.392 debug: Detected change: file:///C:/Users/TU/Documents/Codex/2026-07-16/wo-d/PA-demo/project/NewProject/assets/scripts/PADemo.ts. Last mtime: Thu Jul 16 2026 15:17:30 GMT+0800 (中国标准时间)@7568f09a-6f69-4b3a-952b-2c811b6e3b4f, Current mtime: Thu Jul 16 2026 15:23:50 GMT+0800 (中国标准时间)@7568f09a-6f69-4b3a-952b-2c811b6e3b4f
15:28:41.392 debug: Inspect file:///C:/Users/TU/Documents/Codex/2026-07-16/wo-d/PA-demo/project/NewProject/assets/scripts/PADemo.ts
15:28:41.571 debug: transform url: 'file:///C:/Users/TU/Documents/Codex/2026-07-16/wo-d/PA-demo/project/NewProject/assets/scripts/PADemo.ts' costs: 179.10 ms
15:28:41.576 debug: Resolve file:///C:/Users/TU/Documents/Codex/2026-07-16/wo-d/PA-demo/project/NewProject/assets/scripts/ProceduralFactory.ts from cce:/internal/x/prerequisite-imports as file:///C:/Users/TU/Documents/Codex/2026-07-16/wo-d/PA-demo/project/NewProject/assets/scripts/ProceduralFactory.ts.
15:28:41.576 debug: Resolve cce:/internal/code-quality/cr.mjs from file:///C:/Users/TU/Documents/Codex/2026-07-16/wo-d/PA-demo/project/NewProject/assets/scripts/PADemo.ts as cce:/internal/code-quality/cr.mjs.
15:28:41.576 debug: Resolve cc from file:///C:/Users/TU/Documents/Codex/2026-07-16/wo-d/PA-demo/project/NewProject/assets/scripts/PADemo.ts as cce:/internal/x/cc.
15:28:41.576 debug: Resolve cc from file:///C:/Users/TU/Documents/Codex/2026-07-16/wo-d/PA-demo/project/NewProject/assets/scripts/PADemo.ts as cce:/internal/x/cc.
15:28:41.576 debug: Resolve cc from file:///C:/Users/TU/Documents/Codex/2026-07-16/wo-d/PA-demo/project/NewProject/assets/scripts/PADemo.ts as cce:/internal/x/cc.
15:28:41.577 debug: Resolve ./ProceduralFactory from file:///C:/Users/TU/Documents/Codex/2026-07-16/wo-d/PA-demo/project/NewProject/assets/scripts/PADemo.ts as file:///C:/Users/TU/Documents/Codex/2026-07-16/wo-d/PA-demo/project/NewProject/assets/scripts/ProceduralFactory.ts.
15:28:41.598 debug: Target(editor) ends with cost 229.8682000003755ms.
15:28:41.598 debug: Target(preview) build started.
15:28:41.601 debug: Detected change: cce:/internal/x/prerequisite-imports. Last mtime: Thu Jan 01 1970 09:55:47 GMT+0800 (中国标准时间), Current mtime: Thu Jan 01 1970 10:05:30 GMT+0800 (中国标准时间)
15:28:41.601 debug: Inspect cce:/internal/x/prerequisite-imports
15:28:41.615 debug: transform url: 'cce:/internal/x/prerequisite-imports' costs: 14.20 ms
15:28:41.619 debug: Resolve file:///C:/ProgramData/cocos/editors/Creator/3.8.8/resources/resources/3d/engine/editor/assets/default_renderpipeline/builtin-dof-pass.ts from cce:/internal/x/prerequisite-imports as file:///C:/ProgramData/cocos/editors/Creator/3.8.8/resources/resources/3d/engine/editor/assets/default_renderpipeline/builtin-dof-pass.ts.
15:28:41.621 debug: Resolve file:///C:/ProgramData/cocos/editors/Creator/3.8.8/resources/resources/3d/engine/editor/assets/default_renderpipeline/builtin-pipeline-pass.ts from cce:/internal/x/prerequisite-imports as file:///C:/ProgramData/cocos/editors/Creator/3.8.8/resources/resources/3d/engine/editor/assets/default_renderpipeline/builtin-pipeline-pass.ts.
15:28:41.623 debug: Resolve file:///C:/ProgramData/cocos/editors/Creator/3.8.8/resources/resources/3d/engine/editor/assets/default_renderpipeline/builtin-pipeline-settings.ts from cce:/internal/x/prerequisite-imports as file:///C:/ProgramData/cocos/editors/Creator/3.8.8/resources/resources/3d/engine/editor/assets/default_renderpipeline/builtin-pipeline-settings.ts.
15:28:41.624 debug: Resolve file:///C:/ProgramData/cocos/editors/Creator/3.8.8/resources/resources/3d/engine/editor/assets/default_renderpipeline/builtin-pipeline-types.ts from cce:/internal/x/prerequisite-imports as file:///C:/ProgramData/cocos/editors/Creator/3.8.8/resources/resources/3d/engine/editor/assets/default_renderpipeline/builtin-pipeline-types.ts.
15:28:41.626 debug: Resolve file:///C:/ProgramData/cocos/editors/Creator/3.8.8/resources/resources/3d/engine/editor/assets/default_renderpipeline/builtin-pipeline.ts from cce:/internal/x/prerequisite-imports as file:///C:/ProgramData/cocos/editors/Creator/3.8.8/resources/resources/3d/engine/editor/assets/default_renderpipeline/builtin-pipeline.ts.
15:28:41.627 debug: Resolve file:///C:/ProgramData/cocos/editors/Creator/3.8.8/resources/resources/3d/engine/editor/assets/tools/debug-view-runtime-control.ts from cce:/internal/x/prerequisite-imports as file:///C:/ProgramData/cocos/editors/Creator/3.8.8/resources/resources/3d/engine/editor/assets/tools/debug-view-runtime-control.ts.
15:28:41.628 debug: Resolve file:///C:/Users/TU/Documents/Codex/2026-07-16/wo-d/PA-demo/project/NewProject/assets/scripts/PADemo.ts from cce:/internal/x/prerequisite-imports as file:///C:/Users/TU/Documents/Codex/2026-07-16/wo-d/PA-demo/project/NewProject/assets/scripts/PADemo.ts.
15:28:41.628 debug: Detected change: file:///C:/Users/TU/Documents/Codex/2026-07-16/wo-d/PA-demo/project/NewProject/assets/scripts/PADemo.ts. Last mtime: Thu Jul 16 2026 15:17:30 GMT+0800 (中国标准时间)@7568f09a-6f69-4b3a-952b-2c811b6e3b4f, Current mtime: Thu Jul 16 2026 15:23:50 GMT+0800 (中国标准时间)@7568f09a-6f69-4b3a-952b-2c811b6e3b4f
15:28:41.628 debug: Inspect file:///C:/Users/TU/Documents/Codex/2026-07-16/wo-d/PA-demo/project/NewProject/assets/scripts/PADemo.ts
15:28:41.843 debug: transform url: 'file:///C:/Users/TU/Documents/Codex/2026-07-16/wo-d/PA-demo/project/NewProject/assets/scripts/PADemo.ts' costs: 214.70 ms
15:28:41.846 debug: Resolve file:///C:/Users/TU/Documents/Codex/2026-07-16/wo-d/PA-demo/project/NewProject/assets/scripts/ProceduralFactory.ts from cce:/internal/x/prerequisite-imports as file:///C:/Users/TU/Documents/Codex/2026-07-16/wo-d/PA-demo/project/NewProject/assets/scripts/ProceduralFactory.ts.
15:28:41.846 debug: Resolve cce:/internal/code-quality/cr.mjs from file:///C:/Users/TU/Documents/Codex/2026-07-16/wo-d/PA-demo/project/NewProject/assets/scripts/PADemo.ts as cce:/internal/code-quality/cr.mjs.
15:28:41.846 debug: Resolve cc from file:///C:/Users/TU/Documents/Codex/2026-07-16/wo-d/PA-demo/project/NewProject/assets/scripts/PADemo.ts as cce:/internal/x/cc.
15:28:41.846 debug: Resolve cc from file:///C:/Users/TU/Documents/Codex/2026-07-16/wo-d/PA-demo/project/NewProject/assets/scripts/PADemo.ts as cce:/internal/x/cc.
15:28:41.847 debug: Resolve cc from file:///C:/Users/TU/Documents/Codex/2026-07-16/wo-d/PA-demo/project/NewProject/assets/scripts/PADemo.ts as cce:/internal/x/cc.
15:28:41.847 debug: Resolve ./ProceduralFactory from file:///C:/Users/TU/Documents/Codex/2026-07-16/wo-d/PA-demo/project/NewProject/assets/scripts/PADemo.ts as file:///C:/Users/TU/Documents/Codex/2026-07-16/wo-d/PA-demo/project/NewProject/assets/scripts/ProceduralFactory.ts.
15:28:41.868 debug: Target(preview) ends with cost 269.4815999995917ms.
