mtllib material.mtl
o material
v -0.277287 -0.373947 0.075180
v -0.281192 -0.370041 0.077133
v -0.283145 -0.362230 0.079085
v -0.247996 -0.180627 -0.022456
v -0.247996 -0.178674 0.026362
v -0.234327 -0.174769 -0.090802
v 0.269476 -0.370041 -0.278263
v 0.285098 -0.366136 -0.227492
v 0.271429 -0.342703 -0.231398
v -0.009764 -0.026362 -0.297790
v -0.000000 -0.020504 -0.305601
v -0.009764 -0.024409 -0.297790
v 0.013669 -0.063464 -0.317318
v -0.037102 0.004882 -0.278263
v -0.328058 -0.102518 0.159147
v -0.341727 -0.096660 0.166958
v -0.347585 -0.094707 0.168911
v 0.371017 -0.071274 -0.368088
v 0.384687 -0.071274 -0.391521
v 0.372970 -0.071274 -0.379805
v 0.365159 -0.131809 -0.231398
v 0.378828 -0.168911 -0.248972
v 0.371017 -0.165005 -0.262641
v 0.048818 -0.422765 0.016598
v 0.011716 -0.063464 0.038078
v 0.054676 -0.071274 0.014645
v -0.054676 -0.416906 0.071274
v 0.095683 -0.057605 -0.006835
v 0.119116 -0.584841 -0.018551
v 0.152312 -0.582888 -0.036125
v 0.052724 -0.592652 0.016598
v 0.119116 -0.047842 -0.022456
v 0.201131 -0.565313 -0.086896
v 0.152312 -0.057605 -0.055653
v -0.039054 -0.288027 0.075180
v -0.013669 -0.008787 0.051747
v 0.027338 -0.055653 0.028314
v 0.076156 -0.065416 0.012693
v -0.037102 -0.180627 0.065416
v -0.046865 -0.065416 0.065416
v 0.064440 -0.541881 0.026362
v 0.123022 -0.536023 -0.008787
v 0.056629 -0.362230 0.028314
v 0.107400 -0.082991 0.008787
v 0.158171 -0.534070 -0.026362
v 0.130832 -0.084943 -0.008787
v 0.171840 -0.534070 -0.041984
v 0.144502 -0.082991 -0.022456
v 0.027338 -0.547739 0.075180
v 0.052724 -0.362230 0.041984
v 0.007811 -0.030267 0.063464
v 0.099589 -0.043936 0.012693
v -0.025385 -0.545786 0.104471
v 0.003905 -0.028314 0.067369
v -0.027338 -0.547739 0.110329
v -0.023433 -0.022456 0.075180
v -0.062487 -0.594604 0.120092
v 0.027338 -0.604368 0.079085
v 0.029291 -0.549692 0.077133
v 0.068345 -0.590699 0.024409
v 0.068345 -0.543834 0.028314
v 0.128880 -0.584841 -0.004882
v 0.126927 -0.537975 -0.004882
v 0.164029 -0.582888 -0.022456
v 0.162076 -0.536023 -0.022456
v 0.210894 -0.565313 -0.073227
v 0.175745 -0.534070 -0.040031
v 0.162076 -0.055653 -0.043936
v 0.150360 -0.081038 -0.020504
v 0.021480 -0.604368 0.071274
v -0.037102 -0.286074 0.079085
v 0.011716 -0.307554 0.061511
v -0.068345 -0.594604 0.112282
v 0.042960 -0.422765 0.038078
v 0.042960 -0.272405 0.041984
v 0.179651 -0.946095 -0.297790
v 0.201131 -0.946095 -0.420812
v 0.222610 -0.946095 -0.407143
v 0.232374 -0.946095 -0.403237
v 0.175745 -0.946095 -0.430576
v 0.162076 -0.946095 -0.307554
v 0.150360 -0.946095 -0.432528
v 0.140596 -0.946095 -0.319270
v 0.128880 -0.946095 -0.426670
v 0.121069 -0.946095 -0.340750
v 0.113258 -0.946095 -0.411048
v 0.107400 -0.946095 -0.362230
v 0.105447 -0.946095 -0.387616
v 0.240185 -0.938284 -0.399332
v 0.187461 -0.938284 -0.291932
v 0.218705 -0.942189 -0.264594
v 0.294861 -0.946095 -0.385663
v 0.240185 -0.944142 -0.245067
v 0.308530 -0.948047 -0.379805
v 0.253854 -0.944142 -0.241161
v 0.322199 -0.948047 -0.370041
v 0.263618 -0.944142 -0.235303
v 0.333916 -0.948047 -0.364183
v 0.361254 -0.946095 -0.342703
v 0.290956 -0.944142 -0.217729
v 0.371017 -0.946095 -0.342703
v 0.290956 -0.944142 -0.206012
v 0.386639 -0.944142 -0.319270
v 0.320247 -0.942189 -0.204060
v 0.404214 -0.942189 -0.286074
v 0.359301 -0.942189 -0.206012
v 0.423741 -0.940236 -0.219681
v 0.199178 -0.938284 -0.272405
v 0.265570 -0.938284 -0.401285
v 0.179651 -0.932425 -0.284121
v 0.177698 -0.932425 -0.293885
v 0.236280 -0.932425 -0.407143
v 0.249949 -0.934378 -0.411048
v 0.230421 -0.930473 -0.414954
v 0.226516 -0.932425 -0.411048
v 0.160123 -0.932425 -0.303649
v 0.099589 -0.932425 -0.389568
v 0.103494 -0.932425 -0.360277
v 0.117163 -0.932425 -0.336845
v 0.138643 -0.932425 -0.317318
v 0.109353 -0.932425 -0.413001
v 0.126927 -0.932425 -0.430576
v 0.589723 -0.266547 0.211871
v 0.601439 -0.192343 0.229445
v 0.589723 -0.256783 0.204060
v 0.599486 -0.198201 0.217729
v 0.605344 -0.182580 0.223587
v 0.593628 -0.262641 0.182580
v 0.595581 -0.270452 0.182580
v 0.591675 -0.272405 0.207965
v 0.671737 -0.209918 0.336845
v 0.660021 -0.289979 0.319270
v 0.562384 -0.245067 0.170863
v 0.570195 -0.184532 0.182580
v 0.661973 -0.297790 0.315365
v -0.300719 -0.946095 -0.075180
v -0.281192 -0.946095 -0.082991
v -0.208941 -0.946095 0.018551
v -0.257760 -0.946095 -0.077133
v -0.238232 -0.946095 -0.061511
v -0.222610 -0.946095 -0.036125
v -0.212847 -0.946095 -0.008787
v -0.337821 -0.946095 0.022456
v -0.335868 -0.946095 -0.006835
v -0.330010 -0.946095 -0.034173
v -0.318294 -0.946095 -0.059558
v 0.585817 -0.245067 0.143525
v 0.572148 -0.237256 0.159147
v 0.406166 -0.166958 -0.213823
v 0.419836 -0.174769 -0.225540
v 0.601439 -0.245067 0.131809
v 0.435457 -0.174769 -0.233350
v 0.611202 -0.245067 0.129856
v 0.579959 -0.245067 0.153289
v 0.619013 -0.237256 0.125951
v 0.451079 -0.166958 -0.239209
v -0.121069 0.397379 -0.295838
v -0.121069 0.438386 -0.293885
v -0.068345 0.442292 -0.327081
v -0.068345 0.401285 -0.329034
v -0.119116 0.485252 -0.289979
v -0.171840 0.440339 -0.254830
v -0.171840 0.399332 -0.256783
v -0.167934 0.487205 -0.250925
v -0.224563 0.446197 -0.207965
v -0.220658 0.491110 -0.204060
v -0.224563 0.407143 -0.209918
v -0.169887 0.360277 -0.256783
v -0.222610 0.368088 -0.209918
v -0.119116 0.358325 -0.293885
v -0.066393 0.362230 -0.327081
v -0.265570 0.477441 -0.161100
v -0.265570 0.440339 -0.166958
v -0.263618 0.401285 -0.166958
v -0.138643 0.498921 -0.270452
v -0.064440 0.487205 -0.321223
v -0.263618 0.510637 -0.153289
v -0.093731 0.498921 -0.301696
v -0.185509 0.498921 -0.231398
v -0.115211 0.321223 -0.289979
v -0.165982 0.323176 -0.252878
v -0.064440 0.325128 -0.323176
v -0.007811 0.448150 -0.356372
v -0.009764 0.409096 -0.358325
v -0.003905 0.491110 -0.352467
v -0.009764 0.371994 -0.356372
v -0.216752 0.329034 -0.206012
v -0.109353 0.276310 -0.282169
v -0.060534 0.282169 -0.315365
v -0.009764 0.334892 -0.350514
v -0.158171 0.278263 -0.245067
v -0.257760 0.362230 -0.165005
v -0.271429 0.371994 -0.159147
v -0.205036 0.282169 -0.200154
v -0.083967 0.149383 -0.252878
v -0.123022 0.147431 -0.221634
v -0.083967 0.145478 -0.252878
v -0.123022 0.145478 -0.221634
v -0.048818 0.147431 -0.272405
v -0.048818 0.149383 -0.272405
v -0.015622 0.286074 -0.334892
v -0.156218 0.149383 -0.180627
v 0.029291 0.397379 -0.373947
v 0.025385 0.356372 -0.366136
v 0.031244 0.434481 -0.373947
v 0.039054 0.401285 -0.379805
v 0.048818 0.366136 -0.373947
v 0.037102 0.438386 -0.381757
v 0.035149 0.471583 -0.370041
v -0.025385 0.149383 -0.280216
v -0.025385 0.151336 -0.280216
v -0.238232 0.301696 -0.161100
v 0.025385 0.301696 -0.348561
v -0.193320 0.502826 -0.229445
v -0.185509 0.506732 -0.235303
v -0.265570 0.340750 -0.139620
v -0.234327 0.510637 -0.182580
v -0.037102 0.500874 -0.330987
v -0.146454 0.500874 -0.268499
v -0.140596 0.506732 -0.272405
v -0.164029 0.508684 -0.248972
v -0.185509 0.500874 -0.239209
v -0.185509 0.506732 -0.241161
v -0.148407 0.506732 -0.270452
v -0.144502 0.514543 -0.274358
v -0.150360 0.514543 -0.270452
v -0.165982 0.508684 -0.252878
v -0.164029 0.514543 -0.254830
v -0.183556 0.514543 -0.243114
v 0.041007 0.475488 -0.377852
v 0.042960 0.510637 -0.362230
v 0.017575 0.510637 -0.356372
v 0.035149 0.153289 -0.288027
v 0.035149 0.155242 -0.288027
v 0.064440 0.334892 -0.364183
v -0.171840 0.149383 -0.153289
v -0.216752 0.512590 -0.198201
v -0.232374 0.510637 -0.192343
v 0.041007 0.438386 -0.389568
v 0.042960 0.401285 -0.387616
v 0.052724 0.366136 -0.381757
v 0.048818 0.510637 -0.370041
v -0.193320 0.506732 -0.233350
v -0.181603 0.514543 -0.239209
v -0.191367 0.514543 -0.235303
v -0.216752 0.512590 -0.202107
v 0.044913 0.475488 -0.385663
v 0.062487 0.438386 -0.389568
v 0.064440 0.405190 -0.387616
v 0.068345 0.334892 -0.371994
v 0.066393 0.471583 -0.385663
v 0.072251 0.373947 -0.381757
v -0.154265 0.147431 -0.180627
v 0.052724 0.510637 -0.377852
v 0.074203 0.502826 -0.379805
v 0.083967 0.528212 -0.373947
v 0.087873 0.309507 -0.348561
v 0.062487 0.532117 -0.371994
v -0.136691 0.500874 -0.278263
v -0.117163 0.508684 -0.288027
v -0.099589 0.500874 -0.303649
v -0.138643 0.506732 -0.280216
v -0.140596 0.514543 -0.280216
v -0.121069 0.508684 -0.291932
v -0.121069 0.514543 -0.291932
v -0.103494 0.514543 -0.305601
v -0.101542 0.506732 -0.305601
v -0.095683 0.506732 -0.305601
v -0.089825 0.500874 -0.309507
v -0.066393 0.508684 -0.317318
v -0.044913 0.500874 -0.332939
v -0.046865 0.506732 -0.334892
v -0.097636 0.514543 -0.303649
v 0.095683 0.549692 -0.366136
v 0.074203 0.559455 -0.362230
v 0.009764 0.512590 -0.358325
v -0.001953 0.512590 -0.342703
v -0.001953 0.516495 -0.346608
v 0.009764 0.516495 -0.356372
v -0.035149 0.502826 -0.338798
v -0.037102 0.506732 -0.340750
v -0.041007 0.506732 -0.332939
v -0.042960 0.514543 -0.330987
v -0.039054 0.514543 -0.338798
v -0.003905 0.512590 -0.344656
v -0.003905 0.516495 -0.346608
v 0.070298 0.153289 -0.282169
v 0.070298 0.155242 -0.282169
v 0.085920 0.346608 -0.371994
v -0.273381 0.407143 -0.170863
v -0.279239 0.371994 -0.159147
v -0.283145 0.407143 -0.168911
v -0.275334 0.444245 -0.172816
v -0.283145 0.444245 -0.170863
v -0.273381 0.479394 -0.166958
v -0.281192 0.479394 -0.165005
v -0.271429 0.512590 -0.159147
v 0.091778 0.309507 -0.356372
v 0.109353 0.571172 -0.354419
v 0.089825 0.580935 -0.350514
v 0.105447 0.325128 -0.358325
v 0.001953 0.522354 -0.342703
v -0.003905 0.522354 -0.342703
v 0.011716 0.522354 -0.352467
v 0.123022 0.588746 -0.340750
v 0.105447 0.600462 -0.334892
v 0.138643 0.282169 -0.321223
v -0.240185 0.512590 -0.182580
v 0.017575 0.512590 -0.362230
v 0.013669 0.516495 -0.356372
v 0.597533 -0.444245 0.176721
v 0.570195 -0.350514 0.137667
v 0.554573 -0.358325 0.110329
v 0.562384 -0.426670 0.120092
v 0.583864 -0.332939 0.159147
v 0.593628 -0.313412 0.172816
v 0.536999 -0.358325 0.086896
v 0.527235 -0.399332 0.069322
v 0.519424 -0.348561 0.059558
v 0.501850 -0.329034 0.030267
v 0.480370 -0.330987 -0.000976
v 0.595581 -0.446197 0.172816
v 0.597533 -0.448150 0.176721
v 0.628777 -0.446197 0.223587
v 0.595581 -0.299743 0.178674
v 0.660021 -0.354419 0.280216
v 0.661973 -0.329034 0.286074
v 0.667831 -0.307554 0.293885
v 0.597533 -0.280216 0.182580
v 0.660021 -0.381757 0.280216
v 0.661973 -0.409096 0.282169
v 0.669784 -0.434481 0.289979
v 0.593628 -0.493063 0.143525
v 0.564337 -0.479394 0.094707
v 0.669784 -0.299743 0.301696
v 0.533094 -0.455961 0.049794
v 0.495992 -0.405190 -0.008787
v 0.558479 -0.473535 0.086896
v 0.560432 -0.426670 0.120092
v 0.460843 -0.332939 -0.061511
v 0.630730 -0.450103 0.223587
v 0.671737 -0.442292 0.289979
v 0.652210 -0.500874 0.231398
v 0.624872 -0.502826 0.188438
v 0.599486 -0.496968 0.151336
v 0.697122 -0.481346 0.305601
v 0.597533 -0.493063 0.147431
v 0.560432 -0.473535 0.088849
v 0.427646 -0.114234 -0.215776
v 0.441316 -0.114234 -0.223587
v 0.433505 -0.114234 -0.237256
v 0.419836 -0.114234 -0.219681
v 0.595581 -0.180627 0.159147
v 0.611202 -0.180627 0.151336
v 0.408119 -0.118140 -0.211870
v 0.579959 -0.188438 0.165005
v 0.412025 -0.122045 -0.207965
v 0.431552 -0.120092 -0.266547
v 0.453032 -0.122045 -0.231398
v 0.622919 -0.188438 0.139620
v -0.308530 0.580935 -0.004882
v -0.290956 0.598510 0.008787
v -0.292909 0.586793 0.012693
v -0.267523 0.598510 0.036125
v -0.306578 0.590699 -0.016598
v -0.320247 0.569219 -0.018551
v -0.318294 0.577030 -0.032220
v -0.331963 0.555550 -0.030267
v -0.331963 0.553597 -0.051747
v -0.343679 0.524306 -0.047842
v -0.324152 0.586793 -0.038078
v -0.339774 0.563361 -0.059558
v -0.351490 0.518448 -0.086896
v -0.339774 0.512590 -0.073227
v -0.347585 0.467677 -0.108376
v -0.333916 0.465725 -0.090802
v -0.312436 0.600462 -0.018551
v -0.294861 0.606321 0.008787
v -0.267523 0.584841 0.032220
v -0.251901 0.586793 0.059558
v -0.251901 0.575077 0.051747
v -0.234327 0.569219 0.077133
v -0.238232 0.559455 0.067369
v -0.220658 0.543834 0.090802
v -0.224563 0.536023 0.077133
v -0.203083 0.502826 0.100565
v -0.206989 0.498921 0.086896
v -0.197225 0.461819 0.106423
v -0.195272 0.457914 0.090802
v -0.298767 0.608273 0.010740
v -0.208941 0.633659 0.020504
v -0.191367 0.618037 0.041984
v -0.154265 0.584841 0.065416
v -0.154265 0.670761 0.047842
v -0.121069 0.616084 0.075180
v -0.124974 0.530164 0.081038
v -0.089825 0.549692 0.092754
v -0.109353 0.455961 0.090802
v -0.066393 0.455961 0.096660
v -0.158171 0.375899 0.112282
v -0.238232 0.436434 0.118140
v -0.247996 0.393474 0.122045
v -0.087873 0.551644 0.104471
v -0.064440 0.457914 0.114234
v -0.234327 0.641470 -0.018551
v -0.156218 0.373947 0.125951
v -0.123022 0.623895 0.086896
v -0.158171 0.682477 0.059558
v -0.185509 0.694193 0.014645
v -0.193320 0.707862 0.020504
v -0.210894 0.702004 -0.030267
v -0.220658 0.713720 -0.026362
v -0.242138 0.711768 -0.073227
v -0.232374 0.698099 -0.075180
v -0.257760 0.690288 -0.123998
v -0.246043 0.676619 -0.122045
v -0.267523 0.639517 -0.163052
v 0.242138 0.479394 -0.436434
v 0.222610 0.530164 -0.401285
v 0.271429 0.489157 -0.418859
v 0.218705 0.506732 -0.420812
v 0.218705 0.559455 -0.370041
v 0.214800 0.465725 -0.446197
v 0.300719 0.493063 -0.383710
v 0.240185 0.578983 -0.321223
v 0.210894 0.573124 -0.358325
v 0.283145 0.541881 -0.311459
v 0.320247 0.487205 -0.346608
v 0.242138 0.580935 -0.293885
v 0.306578 0.491110 -0.387616
v 0.275334 0.487205 -0.422765
v 0.312436 0.483299 -0.391521
v 0.281192 0.479394 -0.426670
v 0.244090 0.477441 -0.442292
v 0.249949 0.467677 -0.446197
v 0.326105 0.485252 -0.348561
v 0.279239 0.545786 -0.289979
v 0.216752 0.461819 -0.452055
v 0.222610 0.454008 -0.454008
v 0.302672 0.514543 -0.291932
v 0.195272 0.481346 -0.430576
v 0.189414 0.450103 -0.448150
v 0.187461 0.444245 -0.454008
v 0.193320 0.436434 -0.455961
v 0.171840 0.438386 -0.446197
v 0.169887 0.442292 -0.432528
v 0.171840 0.418859 -0.455961
v 0.171840 0.434481 -0.448150
v 0.165982 0.434481 -0.440339
v 0.324152 0.473535 -0.311459
v 0.330010 0.469630 -0.311459
v -0.185509 0.151336 -0.081038
v -0.210894 0.276310 0.008787
v -0.244090 0.280216 -0.061511
v -0.183556 0.151336 -0.049794
v -0.171840 0.149383 -0.018551
v -0.158171 0.147431 0.002929
v -0.199178 0.280216 0.026362
v -0.134738 0.145478 0.026362
v -0.183556 0.151336 -0.110329
v -0.259712 0.313412 -0.116187
v -0.185509 0.149383 -0.081038
v -0.181603 0.149383 -0.110329
v -0.169887 0.147431 -0.151336
v -0.121069 0.219681 0.069322
v -0.158171 0.303649 0.071274
v -0.101542 0.141572 0.047842
v -0.218705 0.278263 0.012693
v -0.253854 0.280216 -0.059558
v -0.193320 -0.948047 0.090802
v -0.191367 -0.948047 0.104471
v -0.343679 -0.946095 0.106423
v -0.335868 -0.946095 0.151336
v -0.347585 -0.946095 0.092754
v -0.193320 -0.946095 0.143525
v -0.197225 -0.950000 0.073227
v -0.337821 -0.944142 0.163052
v -0.185509 -0.946095 0.153289
v -0.324152 -0.942189 0.188438
v -0.197225 -0.944142 0.180627
v -0.302672 -0.942189 0.219681
v -0.216752 -0.942189 0.215776
v -0.255807 -0.940236 0.262641
v -0.343679 -0.942189 0.069322
v -0.203083 -0.942189 0.057605
v -0.337821 -0.932425 0.030267
v -0.208941 -0.932425 0.026362
v -0.345632 -0.934378 0.047842
v -0.345632 -0.930473 0.022456
v -0.341727 -0.932425 0.020504
v -0.199178 -0.932425 0.036125
v -0.205036 -0.932425 0.016598
v -0.197225 -0.928520 0.016598
v 0.665879 -0.266547 0.159147
v 0.658068 -0.256783 0.157194
v 0.667831 -0.198201 0.170863
v 0.636588 -0.262641 0.149383
v 0.677595 -0.184532 0.174769
v 0.661973 -0.272405 0.159147
v 0.636588 -0.270452 0.151336
v 0.736177 -0.289979 0.266547
v 0.642446 -0.184532 0.131809
v 0.632682 -0.245067 0.118140
v 0.745940 -0.209918 0.282169
v 0.732271 -0.297790 0.266547
v 0.640493 -0.174769 0.145478
v 0.663926 -0.186485 0.182580
v -0.164029 -0.215776 -0.147431
v -0.189414 -0.194296 -0.135714
v -0.148407 -0.116187 -0.172816
v -0.175745 -0.102518 -0.161100
v -0.205036 -0.272405 -0.112282
v -0.177698 -0.289979 -0.123998
v -0.226516 -0.352467 -0.084943
v -0.199178 -0.364183 -0.098613
v -0.244090 -0.409096 -0.061511
v -0.216752 -0.418859 -0.073227
v -0.140596 -0.094707 -0.186485
v -0.167934 -0.077133 -0.174769
v -0.119116 -0.073227 -0.211870
v -0.144502 -0.036125 -0.200154
v -0.091778 -0.020504 -0.239209
v -0.087873 -0.059558 -0.237256
v -0.052724 -0.073227 -0.264594
v -0.039054 -0.036125 -0.282169
v -0.011716 -0.077133 -0.295838
v 0.009764 -0.059558 -0.309507
v -0.187461 -0.059558 -0.155242
v -0.265570 -0.399332 -0.038078
v -0.247996 -0.336845 -0.061511
v -0.224563 -0.252878 -0.090802
v -0.089825 0.014645 -0.237256
v -0.140596 0.004882 -0.200154
v -0.175745 -0.024409 -0.165005
v -0.169887 0.012693 -0.172816
v -0.187461 -0.020504 -0.155242
v -0.199178 -0.067369 -0.143525
v -0.142549 0.038078 -0.196249
v -0.195272 -0.086896 -0.139620
v -0.208941 -0.174769 -0.114234
v -0.230421 -0.147431 -0.090802
v -0.085920 0.055653 -0.233350
v -0.126927 0.057605 -0.202107
v -0.039054 0.041984 -0.274358
v -0.017575 0.006835 -0.293885
v -0.007811 -0.024409 -0.297790
v 0.031244 -0.082991 -0.315365
v 0.003905 -0.100565 -0.299743
v 0.056629 -0.186485 -0.319270
v -0.027338 -0.094707 -0.272405
v -0.015622 -0.116187 -0.274358
v 0.027338 -0.206012 -0.305601
v 0.007811 -0.223587 -0.280216
v 0.076156 -0.258736 -0.325128
v 0.048818 -0.276310 -0.311459
v 0.029291 -0.291932 -0.288027
v 0.074203 -0.350514 -0.321223
v 0.054676 -0.364183 -0.297790
v 0.099589 -0.409096 -0.330987
v 0.078109 -0.418859 -0.307554
v 0.101542 -0.336845 -0.334892
v 0.128880 -0.397379 -0.344656
v -0.236280 -0.233350 -0.059558
v -0.214800 -0.102518 -0.106423
v -0.054676 -0.096660 -0.239209
v -0.074203 -0.092754 -0.221634
v -0.097636 -0.096660 -0.204060
v -0.259712 -0.323176 -0.030267
v -0.277287 -0.385663 -0.006835
v 0.044913 -0.373947 -0.266547
v 0.068345 -0.426670 -0.278263
v 0.021480 -0.305601 -0.256783
v -0.000000 -0.239209 -0.248972
v 0.109353 -0.241161 -0.329034
v 0.134738 -0.321223 -0.336845
v 0.164029 -0.385663 -0.346608
v -0.111305 -0.110329 -0.184532
v -0.119116 -0.127903 -0.172816
v -0.033196 -0.110329 -0.241161
v 0.080062 -0.114234 -0.321223
v -0.132785 -0.233350 -0.145478
v -0.023433 -0.127903 -0.241161
v -0.167934 -0.373947 -0.098613
v -0.185509 -0.426670 -0.075180
v -0.146454 -0.303649 -0.122045
v 0.111305 -0.168911 -0.321223
v -0.099589 -0.247020 -0.133762
v -0.085920 -0.135714 -0.163052
v -0.082014 -0.120092 -0.172816
v -0.115211 -0.315365 -0.110329
v -0.134738 -0.381757 -0.086896
v -0.152312 -0.432528 -0.063464
v -0.247996 -0.174769 -0.100565
v -0.246043 -0.145478 -0.102518
v -0.259712 -0.170863 -0.102518
v -0.253854 -0.143525 -0.098613
v -0.259712 -0.141572 -0.082991
v -0.269476 -0.165005 -0.082991
v -0.273381 -0.168911 -0.081038
v -0.263618 -0.133762 -0.047842
v -0.277287 -0.163052 -0.045889
v -0.281192 -0.168911 -0.045889
v -0.259712 -0.127903 -0.010740
v -0.273381 -0.163052 -0.006835
v -0.275334 -0.168911 -0.006835
v -0.247996 -0.123998 0.026362
v -0.259712 -0.163052 0.032220
v -0.261665 -0.168911 0.032220
v -0.232374 -0.123998 0.055653
v -0.242138 -0.163052 0.063464
v -0.244090 -0.168911 0.065416
v -0.232374 -0.163052 0.081038
v -0.234327 -0.168911 0.082991
v -0.220658 -0.123998 0.071274
v -0.277287 0.528212 0.123998
v -0.156218 0.590699 0.090802
v -0.316341 0.553597 0.110329
v -0.199178 0.633659 0.055653
v -0.349538 0.569219 0.090802
v -0.224563 0.649281 0.034173
v -0.371017 0.577030 0.073227
v -0.353443 0.567266 0.094707
v -0.320247 0.551644 0.114234
v -0.359301 0.557503 0.098613
v -0.326105 0.541881 0.118140
v -0.279239 0.526259 0.129856
v -0.287050 0.516495 0.133762
v -0.382734 0.565313 0.081038
v -0.376876 0.575077 0.077133
v -0.242138 0.489157 0.139620
v -0.251901 0.481346 0.145478
v -0.124974 0.536023 0.106423
v -0.240185 0.491110 0.133762
v -0.164029 0.438386 0.127903
v -0.218705 0.450103 0.141572
v -0.232374 0.448150 0.145478
v -0.103494 0.469630 0.110329
v -0.214800 0.450103 0.133762
v -0.218705 0.414954 0.143525
v -0.236280 0.401285 0.147431
v -0.162076 0.401285 0.135714
v -0.154265 0.381757 0.137667
v -0.097636 0.469630 0.116187
v -0.158171 0.438386 0.131809
v -0.095683 0.553597 0.114234
v -0.115211 0.543834 0.116187
v -0.144502 0.608273 0.100565
v -0.130832 0.619990 0.098613
v -0.167934 0.680524 0.069322
v -0.175745 0.670761 0.071274
v -0.216752 0.414954 0.133762
v -0.167934 0.405190 0.125951
v -0.210894 0.696146 0.030267
v -0.203083 0.705910 0.026362
v -0.232374 0.711768 -0.020504
v -0.249949 0.659044 -0.016598
v 0.298767 0.487205 -0.211870
v 0.308530 0.520401 -0.247020
v 0.232374 0.534070 -0.120092
v 0.232374 0.586793 -0.155242
v 0.226516 0.471583 -0.092754
v 0.285098 0.446197 -0.186485
v 0.257760 0.434481 -0.145478
v 0.287050 0.411048 -0.188438
v 0.259712 0.401285 -0.143525
v 0.314388 0.543834 -0.289979
v 0.224563 0.627801 -0.206012
v 0.310483 0.559455 -0.330987
v 0.226516 0.662950 -0.188438
v 0.320247 0.541881 -0.291932
v 0.197225 0.653186 -0.260689
v 0.300719 0.567266 -0.358325
v 0.316341 0.557503 -0.332939
v 0.322199 0.547739 -0.336845
v 0.326105 0.532117 -0.295838
v 0.314388 0.518448 -0.247020
v 0.320247 0.508684 -0.252878
v 0.304625 0.485252 -0.209918
v 0.314388 0.477441 -0.219681
v 0.292909 0.446197 -0.184532
v 0.306578 0.444245 -0.200154
v 0.296814 0.411048 -0.186485
v 0.306578 0.397379 -0.200154
v 0.267523 0.399332 -0.133762
v 0.265570 0.379805 -0.125951
v 0.224563 0.473535 -0.059558
v 0.263618 0.434481 -0.139620
v 0.232374 0.471583 -0.082991
v 0.236280 0.547739 -0.090802
v 0.240185 0.541881 -0.106423
v 0.238232 0.602415 -0.143525
v 0.234327 0.614132 -0.131809
v 0.220658 0.674666 -0.180627
v 0.224563 0.555550 -0.084943
v 0.222610 0.619990 -0.125951
v 0.210894 0.680524 -0.174769
v 0.208941 0.471583 -0.053700
v 0.312436 0.555550 -0.366136
v 0.306578 0.565313 -0.362230
v 0.183556 0.707862 -0.252878
v 0.189414 0.700051 -0.256783
v 0.175745 0.711768 -0.248972
v -0.388592 0.498921 -0.082991
v -0.394450 0.536023 -0.047842
v -0.290956 0.557503 -0.176721
v -0.287050 0.610226 -0.139620
v -0.394450 0.561408 -0.010740
v -0.279239 0.639517 -0.094707
v -0.390545 0.575077 0.026362
v -0.269476 0.653186 -0.059558
v -0.396403 0.573124 0.028314
v -0.400308 0.559455 -0.010740
v -0.400308 0.534070 -0.047842
v -0.408119 0.551644 -0.008787
v -0.410072 0.528212 -0.043936
v -0.404214 0.565313 0.030267
v -0.396403 0.498921 -0.082991
v -0.406166 0.496968 -0.075180
v -0.384687 0.459866 -0.112282
v -0.396403 0.455961 -0.102518
v -0.341727 0.454008 -0.141572
v -0.290956 0.498921 -0.198201
v -0.376876 0.459866 -0.110329
v -0.380781 0.426670 -0.110329
v -0.345632 0.420812 -0.145478
v -0.388592 0.426670 -0.112282
v -0.400308 0.411048 -0.100565
v -0.353443 0.420812 -0.153289
v -0.349538 0.401285 -0.161100
v -0.287050 0.495015 -0.227492
v -0.347585 0.454008 -0.147431
v -0.294861 0.498921 -0.206012
v -0.287050 0.580935 -0.198201
v -0.292909 0.573124 -0.186485
v -0.289003 0.627801 -0.151336
v -0.281192 0.639517 -0.163052
v -0.271429 0.690288 -0.122045
v -0.277287 0.682477 -0.116187
v -0.253854 0.709815 -0.069322
v -0.259712 0.702004 -0.065416
v -0.408119 0.541881 -0.004882
v -0.404214 0.553597 0.030267
v -0.271429 0.582888 -0.200154
v -0.392497 0.567266 0.063464
v -0.384687 0.575077 0.061511
v -0.378828 0.578983 0.057605
v -0.238232 0.702004 -0.018551
v -0.273381 0.489157 -0.229445
v 0.199178 0.204060 -0.102518
v 0.205036 0.223587 -0.157194
v 0.210894 0.250925 -0.110329
v 0.222610 0.303649 -0.180627
v 0.220658 0.295838 -0.120092
v 0.228469 0.332939 -0.143525
v 0.177698 0.141572 -0.139620
v 0.173792 0.137667 -0.100565
v 0.173792 0.145478 -0.163052
v 0.167934 0.147431 -0.188438
v 0.205036 0.284121 -0.221634
v 0.152312 0.151336 -0.221634
v 0.195272 0.280216 -0.241161
v 0.185509 0.278263 -0.260689
v 0.126927 0.155242 -0.252878
v 0.126927 0.153289 -0.252878
v 0.099589 0.155242 -0.270452
v 0.132785 0.280216 -0.315365
v 0.099589 0.153289 -0.270452
v 0.165982 0.313412 0.000976
v 0.193320 0.364183 -0.040031
v 0.165982 0.428623 -0.020504
v 0.197225 0.397379 -0.055653
v 0.197225 0.469630 -0.092754
v 0.212847 0.414954 -0.100565
v 0.218705 0.348561 -0.092754
v 0.224563 0.371994 -0.116187
v 0.208941 0.313412 -0.067369
v 0.183556 0.278263 -0.030267
v 0.164029 0.250925 -0.000976
v 0.197225 0.260689 -0.057605
v 0.158171 0.209918 -0.004882
v 0.187461 0.211871 -0.057605
v 0.136691 0.207965 0.022456
v 0.132785 0.264594 0.032220
v 0.134738 0.291932 0.034173
v 0.097636 0.231398 0.059558
v 0.097636 0.209918 0.057605
v 0.132785 0.125951 -0.012693
v 0.144502 0.127903 -0.034173
v 0.160123 0.131809 -0.059558
v 0.111305 0.133762 0.012693
v 0.111305 0.123998 0.010740
v 0.089825 0.133762 0.034173
v 0.113258 0.286074 0.049794
v 0.113258 0.358325 0.047842
v 0.134738 0.338798 0.034173
v 0.142549 0.352467 0.024409
v 0.193320 0.578983 -0.334892
v 0.206989 0.586793 -0.313412
v 0.205036 0.596557 -0.315365
v 0.191367 0.588746 -0.338798
v 0.183556 0.567266 -0.350514
v 0.179651 0.575077 -0.356372
v 0.175745 0.551644 -0.366136
v 0.220658 0.598510 -0.293885
v 0.165982 0.551644 -0.375899
v 0.167934 0.522354 -0.385663
v 0.164029 0.559455 -0.387616
v 0.179651 0.584841 -0.364183
v 0.144502 0.512590 -0.411048
v 0.148407 0.506732 -0.395427
v 0.126927 0.463772 -0.418859
v 0.193320 0.598510 -0.344656
v 0.208941 0.606321 -0.319270
v 0.206989 0.610226 -0.327081
v 0.126927 0.461819 -0.399332
v 0.230421 0.600462 -0.289979
v 0.164029 0.481346 -0.399332
v 0.173792 0.448150 -0.409096
v -0.292909 -0.498921 0.067369
v -0.300719 -0.442292 0.079085
v -0.308530 -0.442292 0.051747
v -0.306578 -0.440339 0.018551
v -0.294861 -0.479394 0.024409
v -0.292909 -0.446197 -0.018551
v -0.283145 -0.473535 -0.010740
v -0.267523 -0.455961 -0.047842
v -0.267523 -0.473535 -0.036125
v -0.314388 -0.506732 0.006835
v -0.300719 -0.495015 -0.024409
v -0.316341 -0.528212 0.047842
v -0.302672 -0.510637 0.063464
v -0.314388 -0.532117 0.053700
v -0.273381 -0.401285 0.069322
v -0.281192 -0.407143 0.053700
v -0.283145 -0.416906 0.016598
v -0.273381 -0.428623 -0.020504
v -0.251901 -0.442292 -0.049794
v -0.287050 -0.489157 -0.043936
v -0.226516 -0.450103 -0.069322
v -0.271429 -0.454008 0.131809
v -0.273381 -0.493063 0.114234
v -0.287050 -0.496968 0.069322
v -0.265570 -0.524306 0.098613
v -0.244090 -0.399332 0.110329
v -0.247996 -0.366136 0.112282
v -0.234327 -0.465725 0.170863
v -0.242138 -0.504779 0.151336
v -0.240185 -0.553597 0.120092
v -0.206989 -0.362230 0.145478
v -0.206989 -0.399332 0.141572
v -0.279239 -0.545786 0.090802
v -0.294861 -0.510637 0.063464
v -0.253854 -0.582888 0.116187
v -0.298767 -0.514543 0.065416
v -0.187461 -0.536023 0.166958
v -0.206989 -0.577030 0.129856
v -0.173792 -0.481346 0.194296
v -0.212847 -0.612179 0.127903
v -0.283145 -0.373947 0.073227
v -0.285098 -0.368088 0.073227
v -0.279239 -0.360277 0.069322
v -0.292909 -0.371994 0.028314
v -0.296814 -0.379805 0.030267
v -0.290956 -0.383710 -0.010740
v -0.294861 -0.391521 -0.008787
v -0.154265 -0.360277 0.159147
v -0.158171 -0.401285 0.155242
v -0.283145 -0.547739 0.092754
v -0.306578 -0.530164 0.055653
v -0.287050 -0.557503 0.084943
v -0.255807 -0.586793 0.118140
v -0.259712 -0.594604 0.112282
v -0.212847 -0.618037 0.129856
v -0.214800 -0.629753 0.125951
v -0.232374 -0.178674 0.057605
v -0.236280 -0.178674 0.059558
v -0.226516 -0.178674 0.075180
v -0.222610 -0.178674 0.071274
v -0.251901 -0.178674 0.028314
v -0.195272 -0.180627 0.098613
v -0.259712 -0.180627 -0.008787
v -0.265570 -0.178674 -0.008787
v -0.265570 -0.180627 -0.045889
v -0.271429 -0.178674 -0.045889
v -0.113258 -0.174769 0.120092
v -0.160123 -0.180627 0.116187
v -0.259712 -0.180627 -0.081038
v -0.197225 -0.178674 0.102518
v -0.162076 -0.180627 0.120092
v -0.134738 -0.182580 0.125951
v -0.134738 -0.182580 0.127903
v -0.113258 -0.176721 0.123998
v -0.263618 -0.178674 -0.081038
v -0.203083 -0.168911 0.112282
v -0.165982 -0.170863 0.129856
v -0.136691 -0.172816 0.137667
v -0.121069 -0.166958 0.135714
v -0.105447 -0.143525 0.122045
v 0.173792 -0.809404 -0.297790
v 0.175745 -0.780113 -0.291932
v 0.144502 -0.784018 -0.293885
v 0.142549 -0.819168 -0.299743
v 0.210894 -0.799640 -0.299743
v 0.208941 -0.774255 -0.295838
v 0.175745 -0.713720 -0.268499
v 0.136691 -0.696146 -0.260689
v 0.126927 -0.686382 -0.256783
v 0.210894 -0.721531 -0.278263
v 0.222610 -0.616084 -0.229445
v 0.175745 -0.627801 -0.227492
v 0.175745 -0.594604 -0.217729
v 0.115211 -0.647328 -0.233350
v 0.152312 -0.578983 -0.211870
v 0.105447 -0.657091 -0.233350
v 0.101542 -0.649281 -0.225540
v 0.148407 -0.580935 -0.202107
v 0.091778 -0.643422 -0.227492
v 0.138643 -0.573124 -0.204060
v 0.234327 -0.768397 -0.311459
v 0.234327 -0.791829 -0.315365
v 0.257760 -0.621942 -0.262641
v 0.236280 -0.723484 -0.299743
v 0.169887 -0.832837 -0.295838
v 0.212847 -0.815262 -0.295838
v 0.128880 -0.864080 -0.299743
v 0.240185 -0.803546 -0.313412
v 0.138643 -0.784018 -0.297790
v 0.181603 -0.852364 -0.280216
v 0.148407 -0.879702 -0.284121
v 0.224563 -0.825026 -0.286074
v 0.228469 -0.830884 -0.282169
v 0.257760 -0.815262 -0.301696
v 0.261665 -0.825026 -0.299743
v 0.232374 -0.838695 -0.282169
v 0.187461 -0.858222 -0.272405
v 0.150360 -0.891418 -0.280216
v 0.247996 -0.811357 -0.307554
v 0.230421 0.016598 -0.182580
v 0.224563 0.020504 -0.209918
v 0.185509 0.088849 -0.172816
v 0.179651 0.090802 -0.196249
v 0.187461 0.084943 -0.143525
v 0.232374 0.012693 -0.155242
v 0.185509 0.081038 -0.106423
v 0.228469 0.004882 -0.116187
v 0.234327 0.006835 -0.155242
v 0.232374 0.010740 -0.184532
v 0.226516 0.014645 -0.211870
v 0.230421 -0.000976 -0.116187
v 0.171840 0.075180 -0.061511
v 0.216752 -0.004882 -0.069322
v 0.220658 -0.010740 -0.071274
v 0.210894 -0.012693 -0.051747
v 0.203083 0.024409 -0.256783
v 0.205036 0.018551 -0.258736
v 0.162076 0.092754 -0.231398
v 0.175745 0.020504 -0.291932
v 0.132785 0.094707 -0.264594
v 0.148407 0.018551 -0.311459
v 0.105447 0.094707 -0.280216
v 0.230421 0.004882 -0.184532
v 0.232374 0.000976 -0.155242
v 0.228469 -0.006835 -0.118140
v 0.224563 0.008787 -0.211870
v 0.113258 0.014645 -0.329034
v 0.074203 0.092754 -0.291932
v 0.175745 0.014645 -0.289979
v 0.218705 -0.016598 -0.073227
v 0.113258 0.008787 -0.329034
v 0.146454 0.012693 -0.311459
v -0.035149 -0.256783 -0.043936
v -0.005858 -0.137667 -0.034173
v -0.029291 -0.250925 -0.002929
v -0.013669 -0.141572 -0.075180
v -0.050771 -0.319270 -0.022456
v -0.044913 -0.311459 0.016598
v -0.070298 -0.381757 0.000976
v -0.066393 -0.371994 0.038078
v -0.089825 -0.426670 0.022456
v -0.085920 -0.414954 0.057605
v -0.011716 -0.125951 0.008787
v -0.037102 -0.237256 0.041984
v -0.054676 -0.297790 0.059558
v -0.078109 -0.356372 0.079085
v -0.001953 -0.112282 0.000976
v 0.001953 -0.125951 -0.043936
v -0.097636 -0.395427 0.094707
v -0.007811 -0.129856 -0.082991
v -0.083967 -0.385663 -0.036125
v -0.103494 -0.434481 -0.012693
v -0.064440 -0.323176 -0.057605
v -0.048818 -0.258736 -0.079085
v -0.031244 -0.141572 -0.110329
v -0.029291 -0.129856 -0.120092
v -0.070298 -0.254830 -0.110329
v -0.105447 -0.385663 -0.065416
v -0.085920 -0.321223 -0.086896
v -0.124974 -0.436434 -0.041984
v -0.056629 -0.139620 -0.141572
v -0.054676 -0.125951 -0.151336
v 0.220658 -0.766444 -0.370041
v 0.224563 -0.707862 -0.364183
v 0.236280 -0.766444 -0.338798
v 0.238232 -0.721531 -0.330987
v 0.240185 -0.610226 -0.342703
v 0.255807 -0.616084 -0.305601
v 0.257760 -0.588746 -0.299743
v 0.247996 -0.559455 -0.325128
v 0.222610 -0.606321 -0.371994
v 0.238232 -0.789877 -0.342703
v 0.222610 -0.793782 -0.373947
v 0.203083 -0.766444 -0.399332
v 0.203083 -0.651233 -0.391521
v 0.203083 -0.799640 -0.407143
v 0.201131 -0.602415 -0.405190
v 0.232374 -0.539928 -0.342703
v 0.226516 -0.532117 -0.352467
v 0.195272 -0.594604 -0.414954
v 0.195272 -0.606321 -0.411048
v 0.195272 -0.641470 -0.395427
v 0.230421 -0.823073 -0.383710
v 0.203083 -0.850411 -0.434481
v 0.249949 -0.809404 -0.340750
v 0.197225 -0.766444 -0.403237
v 0.197225 -0.799640 -0.411048
v 0.199178 -0.856269 -0.440339
v 0.234327 -0.862127 -0.420812
v 0.236280 -0.871891 -0.424717
v 0.259712 -0.844553 -0.379805
v 0.251901 -0.836742 -0.381757
v 0.269476 -0.825026 -0.336845
v 0.263618 -0.817215 -0.338798
v 0.185509 -0.590699 -0.414954
v 0.218705 -0.528212 -0.358325
v 0.208941 -0.565313 -0.081038
v 0.160123 -0.055653 -0.051747
v 0.447174 -0.084943 -0.248972
v 0.390545 -0.081038 -0.219681
v 0.404214 -0.040031 -0.264594
v 0.454985 -0.040031 -0.293885
v 0.443268 -0.026362 -0.299743
v 0.408119 -0.028314 -0.274358
v 0.476465 -0.102518 -0.260689
v 0.499897 -0.090802 -0.291932
v 0.400308 -0.135714 -0.206012
v 0.382734 -0.133762 -0.204060
v 0.480370 -0.137667 -0.256783
v 0.499897 -0.153289 -0.276310
v 0.380781 -0.034173 -0.274358
v 0.374923 -0.079085 -0.231398
v 0.468654 -0.155242 -0.252878
v 0.484275 -0.180627 -0.268499
v 0.464748 -0.196249 -0.256783
v 0.454985 -0.114234 -0.266547
v 0.439363 -0.202107 -0.243114
v 0.412025 -0.196249 -0.225540
v 0.386639 -0.170863 -0.206012
v 0.400308 -0.153289 -0.207965
v 0.458890 -0.153289 -0.241161
v 0.369065 -0.131809 -0.213823
v 0.454985 -0.151336 -0.256783
v 0.374923 -0.172816 -0.217729
v 0.570195 -0.202107 0.166958
v 0.576053 -0.196249 0.168911
v 0.568243 -0.219681 0.165005
v 0.197225 -0.235303 -0.104471
v 0.255807 -0.270452 -0.184532
v 0.249949 -0.262641 -0.239209
v 0.214800 -0.256783 -0.289979
v 0.183556 -0.248972 -0.311459
v 0.226516 -0.274358 -0.129856
v 0.216752 -0.272405 -0.116187
v 0.624872 -0.219681 0.125951
v 0.626824 -0.202107 0.129856
v 0.458890 -0.135714 -0.239209
v 0.628777 -0.196249 0.133762
v 0.439363 -0.131809 -0.264594
v 0.425694 -0.122045 -0.286074
v 0.427646 -0.141572 -0.288027
v 0.447174 -0.145478 -0.270452
v 0.441316 -0.143525 -0.286074
v 0.265570 -0.524306 -0.301696
v 0.242138 -0.512590 -0.342703
v 0.242138 -0.498921 -0.330987
v 0.265570 -0.547739 -0.319270
v 0.238232 -0.498921 -0.338798
v 0.277287 -0.555550 -0.266547
v 0.279239 -0.584841 -0.280216
v 0.242138 -0.510637 -0.350514
v 0.244090 -0.514543 -0.346608
v 0.232374 -0.530164 -0.366136
v 0.255807 -0.444245 -0.338798
v 0.304625 -0.506732 -0.254830
v 0.281192 -0.495015 -0.301696
v 0.320247 -0.469630 -0.239209
v 0.296814 -0.455961 -0.291932
v 0.236280 -0.528212 -0.354419
v 0.267523 -0.549692 -0.321223
v 0.265570 -0.557503 -0.327081
v 0.283145 -0.588746 -0.282169
v 0.281192 -0.596557 -0.288027
v 0.230421 -0.444245 -0.352467
v 0.296814 -0.539928 -0.198201
v 0.271429 -0.578983 -0.229445
v 0.316341 -0.487205 -0.174769
v 0.273381 -0.618037 -0.237256
v 0.269476 -0.629753 -0.241161
v 0.271429 -0.612179 -0.237256
v 0.281192 -0.403237 -0.227492
v 0.267523 -0.403237 -0.274358
v 0.240185 -0.403237 -0.315365
v 0.269476 -0.370041 -0.276310
v 0.246043 -0.375899 -0.317318
v 0.244090 -0.375899 -0.323176
v 0.277287 -0.366136 -0.174769
v 0.275334 -0.405190 -0.178674
v 0.222610 -0.407143 -0.327081
v 0.208941 -0.383710 -0.348561
v 0.226516 -0.526259 -0.368088
v 0.246043 -0.370041 -0.325128
v 0.244090 -0.373947 -0.317318
v 0.208941 -0.379805 -0.350514
v 0.203083 -0.371994 -0.348561
v 0.242138 -0.362230 -0.323176
v 0.247996 -0.368088 -0.321223
v 0.273381 -0.364183 -0.280216
v 0.269476 -0.354419 -0.280216
v 0.289003 -0.360277 -0.227492
v 0.285098 -0.346608 -0.227492
v 0.279239 -0.336845 -0.165005
v 0.281192 -0.360277 -0.168911
v 0.185509 -0.414954 -0.342703
v 0.173792 -0.395427 -0.358325
v 0.197225 -0.440339 -0.364183
v 0.171840 -0.391521 -0.362230
v 0.167934 -0.383710 -0.360277
v 0.191367 -0.504779 -0.373947
v 0.201131 -0.477441 -0.350514
v 0.154265 -0.493063 -0.371994
v 0.164029 -0.471583 -0.352467
v 0.158171 -0.446197 -0.364183
v 0.130832 -0.487205 -0.366136
v 0.126927 -0.399332 -0.356372
v 0.128880 -0.407143 -0.358325
v 0.148407 -0.428623 -0.346608
v 0.123022 -0.454008 -0.352467
v 0.132785 -0.471583 -0.348561
v 0.113258 -0.440339 -0.336845
v -0.339774 0.481346 0.116187
v -0.306578 0.522354 0.100565
v -0.371017 0.493063 0.096660
v -0.316341 0.551644 0.071274
v -0.294861 0.551644 0.082991
v -0.279239 0.584841 0.047842
v -0.398356 0.496968 0.067369
v -0.310483 0.584841 0.024409
v -0.351490 0.563361 -0.012693
v -0.415930 0.493063 0.028314
v -0.402261 0.495015 0.071274
v -0.328058 0.577030 -0.010740
v -0.421788 0.491110 0.028314
v -0.410072 0.485252 0.075180
v -0.429599 0.481346 0.032220
v -0.374923 0.491110 0.102518
v -0.380781 0.481346 0.104471
v -0.376876 0.534070 -0.018551
v -0.353443 0.563361 -0.018551
v -0.333916 0.582888 -0.014645
v -0.427646 0.479394 -0.006835
v -0.419836 0.481346 -0.006835
v -0.433505 0.469630 -0.004882
v -0.390545 0.510637 -0.036125
v -0.343679 0.479394 0.122045
v -0.413977 0.465725 -0.034173
v -0.419836 0.461819 -0.036125
v -0.388592 0.485252 -0.059558
v -0.402261 0.448150 -0.057605
v -0.408119 0.442292 -0.059558
v -0.394450 0.438386 -0.071274
v -0.380781 0.444245 -0.084943
v -0.386639 0.432528 -0.075180
v -0.396403 0.432528 -0.071274
v -0.402261 0.416906 -0.069322
v -0.101542 0.819168 -0.071274
v -0.070298 0.819168 -0.014645
v -0.097636 0.848458 -0.073227
v -0.068345 0.846506 -0.018551
v -0.087873 0.883607 -0.075180
v -0.060534 0.875797 -0.026362
v -0.101542 0.885560 -0.131809
v -0.109353 0.850411 -0.133762
v -0.117163 0.819168 -0.137667
v -0.064440 0.910946 -0.081038
v -0.044913 0.897276 -0.030267
v -0.080062 0.905087 -0.133762
v -0.019527 0.883607 -0.008787
v -0.023433 0.821120 0.012693
v -0.021480 0.844553 0.004882
v -0.025385 0.907040 -0.032220
v -0.042960 0.922662 -0.086896
v 0.005858 0.922662 -0.036125
v -0.019527 0.936331 -0.094707
v -0.005858 0.950000 -0.100565
v 0.019527 0.932425 -0.034173
v 0.019527 0.893371 -0.006835
v 0.035149 0.899229 0.002929
v 0.025385 0.842600 0.014645
v 0.042960 0.848458 0.024409
v 0.027338 0.826978 0.024409
v 0.046865 0.819168 0.034173
v -0.025385 0.817215 0.018551
v 0.046865 0.799640 0.034173
v -0.025385 0.797688 0.016598
v -0.076156 0.815262 -0.010740
v -0.074203 0.795735 -0.010740
v -0.107400 0.817215 -0.069322
v -0.039054 0.922662 -0.155242
v -0.027338 0.934378 -0.170863
v -0.050771 0.889466 -0.194296
v -0.042960 0.897276 -0.211870
v -0.078109 0.885560 -0.172816
v -0.054676 0.850411 -0.209918
v -0.046865 0.850411 -0.231398
v -0.085920 0.850411 -0.180627
v -0.054676 0.821120 -0.219681
v -0.048818 0.819168 -0.239209
v -0.089825 0.821120 -0.186485
v 0.232374 -0.375899 -0.151336
v 0.257760 -0.371994 -0.204060
v 0.249949 -0.270452 -0.186485
v 0.222610 -0.342703 -0.141572
v 0.220658 -0.276310 -0.133762
v 0.244090 -0.264594 -0.237256
v 0.249949 -0.373947 -0.264594
v -0.316341 -0.770349 -0.008787
v -0.324152 -0.643422 0.002929
v -0.320247 -0.655139 -0.006835
v -0.310483 -0.766444 -0.034173
v -0.306578 -0.629753 -0.057605
v -0.322199 -0.610226 -0.012693
v -0.302672 -0.606321 -0.071274
v -0.308530 -0.580935 -0.041984
v -0.326105 -0.592652 -0.008787
v -0.296814 -0.764491 -0.053700
v -0.322199 -0.768397 -0.000976
v -0.290956 -0.573124 -0.067369
v -0.326105 -0.801593 -0.006835
v -0.318294 -0.807451 -0.014645
v -0.312436 -0.768397 -0.034173
v -0.312436 -0.805498 -0.040031
v -0.298767 -0.766444 -0.053700
v -0.298767 -0.801593 -0.057605
v -0.337821 -0.867986 -0.032220
v -0.324152 -0.862127 -0.061511
v -0.304625 -0.858222 -0.079085
v -0.271429 -0.639517 -0.081038
v -0.269476 -0.612179 -0.092754
v -0.259712 -0.575077 -0.086896
v -0.349538 -0.858222 -0.020504
v -0.355396 -0.873844 0.016598
v -0.351490 -0.864080 0.016598
v -0.345632 -0.852364 -0.014645
v -0.275334 -0.768397 -0.065416
v -0.343679 -0.594604 -0.000976
v -0.339774 -0.610226 -0.002929
v -0.277287 -0.803546 -0.067369
v -0.275334 -0.766444 -0.063464
v -0.281192 -0.858222 -0.084943
v 0.665879 -0.291932 0.317318
v 0.732271 -0.291932 0.270452
v 0.742035 -0.213823 0.288027
v 0.677595 -0.213823 0.334892
v 0.115211 0.643422 -0.123998
v 0.136691 0.643422 -0.137667
v 0.105447 0.657091 -0.166958
v 0.113258 0.670761 -0.225540
v 0.087873 0.668808 -0.202107
v 0.064440 0.678571 -0.231398
v 0.142549 0.623895 -0.084943
v 0.123022 0.627801 -0.079085
v 0.076156 0.680524 -0.258736
v 0.033196 0.686382 -0.248972
v 0.115211 0.612179 -0.032220
v 0.124974 0.612179 -0.022456
v 0.074203 0.604368 0.014645
v 0.083967 0.604368 0.028314
v 0.019527 0.612179 0.045889
v 0.011716 0.612179 0.036125
v 0.150360 0.639517 -0.157194
v 0.031244 0.684430 -0.276310
v -0.005858 0.688335 -0.256783
v -0.039054 0.623895 0.041984
v -0.042960 0.627801 0.026362
v -0.080062 0.643422 -0.000976
v -0.087873 0.643422 0.010740
v -0.111305 0.657091 -0.034173
v -0.162076 0.670761 -0.051747
v -0.132785 0.668808 -0.065416
v -0.146454 0.678571 -0.098613
v -0.175745 0.680524 -0.084943
v -0.146454 0.686382 -0.135714
v -0.175745 0.684430 -0.127903
v -0.130832 0.688335 -0.172816
v -0.107400 0.639517 0.014645
v -0.160123 0.684430 -0.170863
v -0.015622 0.684430 -0.278263
v -0.042960 0.688335 -0.248972
v -0.109353 0.688335 -0.202107
v -0.130832 0.684430 -0.211870
v -0.080062 0.688335 -0.229445
v -0.091778 0.684430 -0.248972
v -0.056629 0.684430 -0.266547
v 0.091778 0.586793 0.038078
v -0.183556 0.643422 -0.036125
v -0.046865 0.610226 0.049794
v 0.019527 0.594604 0.055653
v -0.193320 0.651233 -0.075180
v 0.044913 0.561408 -0.026362
v -0.078109 0.657091 -0.221634
v 0.082014 0.565313 -0.065416
v 0.037102 0.569219 -0.036125
v 0.089825 0.651233 -0.272405
v -0.001953 0.565313 -0.008787
v -0.107400 0.657091 -0.196249
v -0.039054 0.657091 -0.245067
v 0.095683 0.580935 -0.106423
v -0.048818 0.580935 -0.012693
v -0.003905 0.655139 -0.250925
v -0.128880 0.655139 -0.166958
v -0.140596 0.649281 -0.137667
v -0.140596 0.641470 -0.106423
v -0.085920 0.598510 -0.028314
v -0.197225 0.649281 -0.125951
v 0.041007 0.649281 -0.291932
v 0.029291 0.649281 -0.245067
v 0.056629 0.641470 -0.229445
v 0.097636 0.598510 -0.145478
v -0.179651 0.643422 -0.174769
v -0.113258 0.616084 -0.053700
v -0.130832 0.629753 -0.079085
v -0.015622 0.641470 -0.295838
v 0.089825 0.616084 -0.180627
v -0.062487 0.635612 -0.288027
v -0.150360 0.639517 -0.217729
v 0.076156 0.629753 -0.207965
v -0.107400 0.637564 -0.260689
v -0.080062 -0.278263 0.102518
v -0.130832 -0.262641 0.123998
v 0.658068 -0.131809 0.196249
v 0.644399 -0.114234 0.182580
v 0.726413 -0.118140 0.299743
v 0.720555 -0.135714 0.288027
v 0.663926 -0.147431 0.204060
v 0.716650 -0.159147 0.276310
v 0.716650 -0.180627 0.274358
v 0.663926 -0.165005 0.202107
v 0.675642 -0.104471 0.227492
v 0.630730 -0.106423 0.168911
v 0.722508 -0.194296 0.274358
v 0.663926 -0.178674 0.190391
v 0.681501 -0.075180 0.262641
v 0.730319 -0.090802 0.329034
v 0.642446 -0.075180 0.211871
v 0.599486 -0.100565 0.145478
v 0.683453 -0.075180 0.266547
v 0.273381 0.537975 -0.385663
v 0.300719 0.537975 -0.360277
v 0.222610 0.577030 -0.358325
v 0.242138 0.586793 -0.321223
v 0.210894 0.559455 -0.377852
v 0.242138 0.524306 -0.405190
v 0.306578 0.526259 -0.329034
v 0.306578 0.510637 -0.297790
v 0.302672 0.491110 -0.266547
v 0.257760 -0.358325 -0.274358
v 0.206989 -0.297790 -0.305601
v 0.210894 -0.258736 -0.286074
v 0.232374 -0.364183 -0.313412
v 0.181603 -0.248972 -0.305601
v 0.171840 -0.307554 -0.327081
v 0.154265 -0.221634 -0.315365
v 0.197225 -0.373947 -0.336845
v -0.185509 0.016598 0.067369
v -0.144502 0.016598 0.092754
v -0.183556 0.022456 0.065416
v -0.146454 0.010740 0.094707
v -0.144502 0.090802 0.032220
v -0.113258 0.086896 0.055653
v -0.167934 0.092754 0.008787
v -0.208941 0.024409 0.036125
v -0.210894 0.018551 0.038078
v -0.183556 0.092754 -0.014645
v -0.226516 0.022456 0.008787
v -0.228469 0.016598 0.010740
v -0.109353 0.010740 0.106423
v -0.083967 0.081038 0.067369
v -0.111305 0.004882 0.108376
v -0.195272 0.092754 -0.047842
v -0.240185 0.020504 -0.030267
v -0.242138 0.014645 -0.028314
v -0.210894 0.012693 0.038078
v -0.068345 0.000976 0.112282
v -0.033196 0.073227 0.075180
v -0.068345 -0.004882 0.114234
v -0.046865 -0.006835 0.114234
v -0.000000 0.069322 0.075180
v -0.029291 -0.008787 0.112282
v -0.226516 0.010740 0.010740
v -0.146454 0.004882 0.092754
v -0.111305 -0.000976 0.106423
v -0.197225 0.092754 -0.081038
v -0.244090 0.016598 -0.067369
v 0.123022 -0.604368 -0.401285
v 0.089825 -0.575077 -0.368088
v 0.117163 -0.573124 -0.387616
v 0.089825 -0.608273 -0.383710
v 0.148407 -0.578983 -0.393474
v 0.175745 -0.606321 -0.399332
v 0.181603 -0.590699 -0.401285
v 0.136691 -0.627801 -0.401285
v 0.183556 -0.651233 -0.395427
v 0.162076 -0.764491 -0.405190
v 0.138643 -0.762539 -0.399332
v 0.187461 -0.766444 -0.403237
v 0.187461 -0.805498 -0.409096
v 0.162076 -0.764491 -0.407143
v 0.162076 -0.801593 -0.413001
v 0.138643 -0.764491 -0.401285
v 0.138643 -0.799640 -0.407143
v 0.103494 -0.631706 -0.385663
v 0.152312 -0.858222 -0.438386
v 0.126927 -0.854317 -0.430576
v 0.181603 -0.866033 -0.436434
v 0.121069 -0.766444 -0.381757
v 0.121069 -0.801593 -0.389568
v 0.109353 -0.854317 -0.413001
v 0.121069 -0.764491 -0.381757
v 0.085920 -0.639517 -0.360277
v 0.070298 -0.616084 -0.352467
v 0.123022 -0.561408 -0.405190
v 0.087873 -0.561408 -0.385663
v 0.107400 -0.555550 -0.401285
v 0.150360 -0.500874 -0.360277
v 0.187461 -0.510637 -0.364183
v 0.154265 -0.573124 -0.409096
v 0.117163 -0.496968 -0.348561
v 0.095683 -0.502826 -0.323176
v 0.064440 -0.567266 -0.356372
v -0.210894 -0.780113 0.016598
v -0.191367 -0.715673 0.024409
v -0.226516 -0.776208 0.045889
v -0.212847 -0.723484 0.053700
v -0.175745 -0.606321 0.081038
v -0.156218 -0.623895 0.034173
v -0.152312 -0.592652 0.043936
v -0.228469 -0.801593 0.043936
v -0.212847 -0.811357 0.012693
v -0.177698 -0.696146 -0.008787
v -0.146454 -0.645375 -0.022456
v -0.140596 -0.575077 0.024409
v -0.205036 -0.782066 -0.010740
v -0.171840 -0.684430 -0.018551
v -0.208941 -0.819168 -0.014645
v -0.205036 -0.782066 -0.018551
v -0.208941 -0.819168 -0.022456
v -0.226516 -0.819168 0.049794
v -0.206989 -0.842600 0.012693
v -0.197225 -0.862127 -0.020504
v -0.218705 -0.623895 0.104471
v -0.195272 -0.867986 -0.028314
v -0.249949 -0.770349 0.061511
v -0.253854 -0.793782 0.059558
v -0.242138 -0.725437 0.069322
v -0.142549 -0.655139 -0.026362
v -0.253854 -0.807451 0.067369
v -0.189414 -0.879702 0.000976
v -0.185509 -0.889466 0.000976
v -0.193320 -0.866033 0.032220
v -0.197225 -0.860175 0.026362
v -0.222610 -0.828931 0.063464
v -0.220658 -0.834789 0.071274
v -0.130832 -0.645375 -0.024409
v -0.124974 -0.639517 -0.030267
v -0.132785 -0.575077 0.024409
v -0.130832 -0.569219 0.016598
v -0.253854 -0.813309 0.077133
v -0.253854 -0.819168 0.084943
v -0.255807 -0.826978 0.086896
v 0.454985 0.026362 -0.370041
v 0.431552 0.100565 -0.411048
v 0.443268 0.108376 -0.383710
v 0.445221 0.020504 -0.393474
v 0.453032 -0.018551 -0.383710
v 0.462795 -0.010740 -0.362230
v 0.429599 0.122045 -0.416906
v 0.443268 0.131809 -0.387616
v 0.429599 0.131809 -0.420812
v 0.443268 0.143525 -0.391521
v 0.456937 0.034173 -0.336845
v 0.445221 0.114234 -0.348561
v 0.445221 0.137667 -0.352467
v 0.464748 -0.002929 -0.329034
v 0.447174 0.155242 -0.354419
v 0.435457 0.116187 -0.317318
v 0.435457 0.141572 -0.319270
v 0.447174 0.038078 -0.309507
v 0.454985 0.000976 -0.301696
v 0.439363 0.165005 -0.317318
v 0.419836 0.116187 -0.293885
v 0.417883 0.137667 -0.291932
v 0.433505 0.040031 -0.293885
v 0.419836 0.161100 -0.282169
v 0.445221 0.182580 -0.323176
v 0.458890 0.161100 -0.356372
v 0.415930 0.170863 -0.280216
v 0.441316 0.002929 -0.288027
v 0.453032 0.196249 -0.325128
v 0.406166 0.122045 -0.446197
v 0.408119 0.110329 -0.438386
v 0.410072 0.092754 -0.432528
v 0.425694 0.012693 -0.411048
v 0.433505 -0.026362 -0.401285
v 0.376876 0.098613 -0.454008
v 0.372970 0.116187 -0.465725
v 0.380781 0.084943 -0.446197
v 0.400308 0.006835 -0.418859
v 0.410072 -0.032220 -0.407143
v 0.331963 0.100565 -0.469630
v 0.339774 0.084943 -0.457914
v 0.351490 0.077133 -0.450103
v 0.396403 -0.036125 -0.407143
v 0.380781 -0.000976 -0.420812
v 0.390545 -0.030267 -0.411048
v -0.277287 -0.768397 0.055653
v -0.271429 -0.723484 0.061511
v -0.298767 -0.709815 0.040031
v -0.287050 -0.614132 0.061511
v -0.255807 -0.619990 0.084943
v -0.300719 -0.768397 0.032220
v -0.253854 -0.590699 0.092754
v -0.275334 -0.561408 0.075180
v -0.279239 -0.791829 0.053700
v -0.304625 -0.795735 0.030267
v -0.308530 -0.610226 0.036125
v -0.289003 -0.539928 0.055653
v -0.335868 -0.606321 0.008787
v -0.300719 -0.534070 0.047842
v -0.306578 -0.530164 0.041984
v -0.320247 -0.653186 0.010740
v -0.320247 -0.768397 0.004882
v -0.324152 -0.801593 -0.000976
v -0.283145 -0.811357 0.063464
v -0.318294 -0.825026 0.030267
v -0.324152 -0.838695 0.049794
v -0.287050 -0.819168 0.075180
v -0.289003 -0.825026 0.082991
v -0.326105 -0.844553 0.057605
v -0.333916 -0.578983 -0.032220
v -0.302672 -0.512590 0.006835
v 0.583864 -0.174769 0.182580
v 0.613155 -0.186485 0.213823
v 0.630730 -0.176721 0.139620
v 0.581912 -0.176721 0.172816
v -0.234327 -0.364183 0.098613
v -0.183556 -0.258736 0.106423
v -0.218705 -0.256783 0.077133
v -0.203083 -0.366136 0.118140
v -0.247996 -0.297790 0.043936
v -0.267523 -0.364183 0.061511
v -0.242138 -0.250925 0.014645
v -0.261665 -0.307554 0.006835
v -0.279239 -0.373947 0.028314
v -0.240185 -0.225540 -0.016598
v -0.242138 -0.184532 -0.022456
v -0.445221 0.112282 0.194296
v -0.412025 0.116187 0.206012
v -0.449126 0.135714 0.192343
v -0.415930 0.141572 0.204060
v -0.406166 0.038078 0.217729
v -0.435457 0.032220 0.207965
v -0.429599 -0.004882 0.217729
v -0.400308 0.000976 0.227492
v -0.453032 0.147431 0.192343
v -0.415930 0.159147 0.206012
v -0.470606 0.106423 0.174769
v -0.474512 0.127903 0.172816
v -0.456937 0.024409 0.190391
v -0.451079 -0.010740 0.200154
v -0.478417 0.137667 0.172816
v -0.380781 0.141572 0.206012
v -0.382734 0.118140 0.206012
v -0.382734 0.040031 0.215776
v -0.378828 0.002929 0.225540
v -0.376876 0.165005 0.209918
v -0.462795 -0.018551 0.182580
v -0.486228 0.100565 0.149383
v -0.468654 0.016598 0.170863
v -0.490134 0.116187 0.145478
v -0.497945 0.127903 0.141572
v -0.347585 0.133762 0.194296
v -0.337821 0.153289 0.196249
v -0.335868 0.163052 0.196249
v -0.380781 0.178674 0.211871
v -0.417883 0.163052 0.209918
v -0.425694 0.184532 0.215776
v -0.464748 0.172816 0.204060
v -0.458890 0.153289 0.198201
v -0.466701 0.182580 0.202107
v -0.433505 0.194296 0.215776
v -0.492086 0.170863 0.172816
v -0.490134 0.161100 0.178674
v -0.484275 0.141572 0.176721
v -0.351490 0.116187 0.194296
v -0.361254 0.040031 0.207965
v -0.361254 0.002929 0.217729
v -0.507708 0.149383 0.147431
v -0.505755 0.131809 0.143525
v -0.351490 0.002929 0.211871
v -0.343679 0.038078 0.198201
v -0.326105 0.110329 0.178674
v -0.339774 -0.002929 0.206012
v -0.316341 0.118140 0.170863
v -0.345632 0.010740 0.206012
v -0.495992 0.104471 0.114234
v -0.505755 0.122045 0.108376
v -0.490134 0.092754 0.118140
v -0.464748 -0.028314 0.159147
v -0.470606 0.008787 0.145478
v -0.509661 0.125951 0.112282
v -0.095683 -0.508684 0.092754
v -0.091778 -0.508684 0.053700
v -0.095683 -0.455961 0.079085
v -0.095683 -0.467677 0.041984
v -0.115211 -0.430576 0.125951
v -0.121069 -0.498921 0.157194
v -0.080062 -0.432528 0.067369
v -0.083967 -0.446197 0.028314
v -0.093731 -0.409096 0.110329
v -0.123022 -0.383710 0.143525
v -0.107400 -0.502826 -0.000976
v -0.111305 -0.473535 -0.000976
v -0.138643 -0.534070 0.135714
v -0.099589 -0.454008 -0.012693
v -0.121069 -0.537975 0.086896
v -0.121069 -0.539928 0.045889
v -0.140596 -0.559455 0.084943
v -0.146454 -0.588746 0.081038
v -0.124974 -0.563361 0.038078
v -0.121069 -0.555550 0.028314
v -0.128880 -0.532117 -0.014645
v -0.126927 -0.520401 0.000976
v -0.119116 -0.559455 0.026362
v -0.123022 -0.567266 0.036125
v -0.123022 -0.567266 0.020504
v -0.124974 -0.575077 0.030267
v -0.144502 -0.592652 0.081038
v -0.146454 -0.602415 0.073227
v -0.132785 -0.543834 -0.022456
v -0.126927 -0.536023 -0.016598
v -0.175745 -0.618037 0.100565
v -0.173792 -0.608273 0.110329
v -0.169887 -0.569219 0.112282
v -0.175745 -0.602415 0.108376
v -0.080062 -0.444245 0.024409
v -0.095683 -0.450103 -0.016598
v -0.076156 -0.430576 0.065416
v -0.074203 -0.420812 0.059558
v -0.078109 -0.434481 0.020504
v -0.087873 -0.397379 0.102518
v -0.089825 -0.405190 0.110329
v -0.113258 -0.368088 0.135714
v -0.117163 -0.377852 0.143525
v -0.146454 -0.330987 0.165005
v -0.148407 -0.354419 0.165005
v -0.148407 -0.512590 -0.043936
v -0.146454 -0.502826 -0.032220
v -0.148407 -0.516495 -0.047842
v -0.132785 -0.493063 -0.036125
v -0.132785 -0.473535 -0.036125
v 0.279239 0.059558 -0.391521
v 0.275334 0.065416 -0.393474
v 0.290956 0.067369 -0.422765
v 0.261665 0.081038 -0.399332
v 0.279239 0.082991 -0.430576
v 0.275334 0.088849 -0.432528
v 0.257760 0.086896 -0.401285
v 0.253854 0.082991 -0.366136
v 0.267523 0.067369 -0.362230
v 0.273381 0.061511 -0.360277
v 0.287050 0.043936 -0.358325
v 0.292909 0.041984 -0.385663
v 0.249949 0.088849 -0.366136
v 0.296814 0.063464 -0.418859
v 0.308530 0.045889 -0.413001
v 0.255807 0.088849 -0.329034
v 0.269476 0.071274 -0.329034
v 0.275334 0.067369 -0.329034
v 0.289003 0.049794 -0.329034
v 0.251901 0.094707 -0.330987
v 0.294861 0.045889 -0.329034
v 0.298767 0.055653 -0.303649
v 0.267523 0.096660 -0.297790
v 0.287050 0.073227 -0.301696
v 0.281192 0.079085 -0.299743
v 0.265570 0.102518 -0.297790
v 0.304625 0.051747 -0.305601
v 0.351490 -0.020504 -0.303649
v 0.345632 -0.026362 -0.323176
v 0.292909 0.041984 -0.356372
v 0.345632 -0.032220 -0.342703
v 0.298767 0.040031 -0.383710
v 0.351490 -0.038078 -0.366136
v 0.314388 0.041984 -0.409096
v 0.367112 -0.040031 -0.389568
v 0.333916 0.047842 -0.428623
v 0.320247 0.069322 -0.440339
v 0.314388 0.075180 -0.444245
v 0.330010 0.051747 -0.432528
v 0.300719 0.096660 -0.455961
v 0.304625 0.090802 -0.454008
v 0.386639 -0.038078 -0.401285
v 0.412025 -0.038078 -0.413001
v 0.345632 0.057605 -0.440339
v 0.328058 0.106423 -0.471583
v 0.335868 0.077133 -0.448150
v 0.361254 0.122045 -0.477441
v -0.417883 0.043936 0.051747
v -0.419836 0.061511 0.038078
v -0.388592 0.043936 0.049794
v -0.390545 0.061511 0.036125
v -0.421788 0.067369 0.032220
v -0.390545 0.067369 0.030267
v -0.388592 0.082991 0.014645
v -0.423741 0.082991 0.016598
v -0.361254 0.065416 0.041984
v -0.359301 0.071274 0.036125
v -0.357348 0.086896 0.022456
v -0.363207 0.047842 0.055653
v -0.390545 0.088849 0.010740
v -0.357348 0.092754 0.018551
v -0.423741 0.088849 0.014645
v -0.365159 0.043936 0.061511
v -0.337821 0.053700 0.069322
v -0.333916 0.071274 0.057605
v -0.331963 0.077133 0.051747
v -0.328058 0.094707 0.040031
v -0.328058 0.100565 0.036125
v -0.341727 0.049794 0.075180
v -0.357348 -0.028314 0.123998
v -0.376876 -0.036125 0.114234
v -0.390545 0.041984 0.055653
v -0.398356 -0.040031 0.110329
v -0.417883 0.041984 0.057605
v -0.417883 -0.041984 0.112282
v -0.445221 0.043936 0.067369
v -0.437410 -0.041984 0.120092
v -0.449126 0.065416 0.049794
v -0.447174 0.047842 0.061511
v -0.451079 0.071274 0.043936
v -0.456937 0.086896 0.030267
v -0.456937 0.092754 0.026362
v -0.468654 0.055653 0.082991
v -0.451079 -0.038078 0.127903
v -0.460843 -0.030267 0.129856
v -0.474512 0.057605 0.081038
v -0.472559 0.073227 0.071274
v -0.478417 0.075180 0.075180
v -0.484275 0.102518 0.047842
v -0.484275 0.096660 0.051747
v -0.476465 0.079085 0.065416
v -0.458890 -0.036125 0.137667
v -0.503803 0.114234 0.069322
v -0.501850 0.108376 0.073227
v -0.492086 0.090802 0.084943
v -0.486228 0.082991 0.086896
v -0.466701 0.002929 0.120092
v -0.443268 -0.047842 0.116187
v -0.513566 0.131809 0.098613
v 0.199178 -0.104471 -0.311459
v 0.187461 -0.059558 -0.299743
v 0.222610 -0.104471 -0.286074
v 0.201131 -0.110329 -0.313412
v 0.212847 -0.057605 -0.264594
v 0.224563 -0.110329 -0.286074
v 0.242138 -0.108376 -0.252878
v 0.244090 -0.114234 -0.252878
v 0.234327 -0.061511 -0.219681
v 0.255807 -0.114234 -0.215776
v 0.257760 -0.120092 -0.215776
v 0.224563 -0.116187 -0.286074
v 0.244090 -0.120092 -0.252878
v 0.169887 -0.106423 -0.334892
v 0.158171 -0.061511 -0.321223
v 0.171840 -0.112282 -0.334892
v 0.201131 -0.116187 -0.311459
v 0.171840 -0.118140 -0.334892
v 0.124974 -0.065416 -0.336845
v 0.134738 -0.110329 -0.350514
v 0.136691 -0.116187 -0.352467
v 0.099589 -0.116187 -0.360277
v 0.089825 -0.071274 -0.344656
v 0.101542 -0.122045 -0.362230
v 0.064440 -0.122045 -0.364183
v 0.068345 -0.127903 -0.366136
v 0.136691 -0.122045 -0.350514
v 0.048818 -0.079085 -0.348561
v 0.046865 -0.123998 -0.362230
v 0.050771 -0.129856 -0.366136
v -0.165982 -0.051747 0.106423
v -0.179651 0.004882 0.061511
v -0.203083 -0.040031 0.077133
v -0.144502 -0.000976 0.086896
v -0.206989 0.004882 0.036125
v -0.206989 -0.047842 0.077133
v -0.130832 -0.055653 0.120092
v -0.111305 -0.006835 0.100565
v -0.226516 -0.041984 0.049794
v -0.228469 -0.047842 0.051747
v -0.222610 0.004882 0.008787
v -0.242138 -0.041984 0.020504
v -0.244090 -0.047842 0.020504
v -0.082014 -0.063464 0.125951
v -0.070298 -0.016598 0.106423
v -0.064440 -0.065416 0.125951
v -0.080062 -0.071274 0.125951
v -0.050771 -0.022456 0.106423
v -0.130832 -0.063464 0.118140
v -0.206989 -0.053700 0.075180
v -0.164029 -0.057605 0.104471
v -0.257760 -0.049794 -0.020504
v -0.255807 -0.043936 -0.020504
v -0.234327 0.000976 -0.028314
v -0.238232 -0.002929 -0.065416
v -0.259712 -0.047842 -0.059558
v 0.269476 0.399332 -0.442292
v 0.296814 0.405190 -0.426670
v 0.302672 0.401285 -0.434481
v 0.273381 0.393474 -0.450103
v 0.242138 0.387616 -0.452055
v 0.244090 0.383710 -0.459866
v 0.220658 0.377852 -0.454008
v 0.220658 0.375899 -0.461819
v 0.326105 0.403237 -0.407143
v 0.318294 0.409096 -0.401285
v 0.341727 0.401285 -0.373947
v 0.136691 -0.784018 -0.307554
v 0.124974 -0.692240 -0.266547
v 0.123022 -0.778160 -0.334892
v 0.105447 -0.690288 -0.297790
v 0.117163 -0.770349 -0.358325
v 0.085920 -0.655139 -0.327081
v 0.136691 -0.823073 -0.305601
v 0.134738 -0.825026 -0.315365
v 0.123022 -0.780113 -0.332939
v 0.121069 -0.819168 -0.344656
v 0.115211 -0.772302 -0.358325
v 0.115211 -0.809404 -0.368088
v 0.085920 -0.657091 -0.274358
v 0.070298 -0.629753 -0.315365
v 0.082014 -0.616084 -0.274358
v 0.070298 -0.598510 -0.303649
v 0.103494 -0.633659 -0.248972
v 0.072251 -0.584841 -0.338798
v 0.121069 -0.875796 -0.321223
v 0.099589 -0.651233 -0.248972
v 0.101542 -0.864080 -0.360277
v 0.099589 -0.858222 -0.389568
v 0.119116 -0.867986 -0.305601
v 0.156218 -0.899229 -0.291932
v 0.093731 -0.633659 -0.235303
v 0.134738 -0.567266 -0.209918
v 0.070298 -0.614132 -0.260689
v 0.109353 -0.545786 -0.231398
v 0.054676 -0.594604 -0.291932
v 0.089825 -0.526259 -0.258736
v 0.054676 -0.578983 -0.325128
v 0.085920 -0.512590 -0.291932
v 0.017575 -0.256783 -0.176721
v -0.007811 -0.141572 -0.166958
v 0.003905 -0.250925 -0.213823
v -0.019527 -0.137667 -0.206012
v 0.023433 -0.315365 -0.221634
v 0.035149 -0.321223 -0.186485
v 0.046865 -0.381757 -0.233350
v 0.056629 -0.385663 -0.200154
v -0.015622 -0.127903 -0.170863
v 0.070298 -0.434481 -0.245067
v -0.029291 -0.122045 -0.207965
v 0.082014 -0.436434 -0.213823
v 0.007811 -0.129856 -0.133762
v 0.039054 -0.258736 -0.143525
v 0.015622 -0.141572 -0.133762
v 0.056629 -0.323176 -0.155242
v 0.078109 -0.385663 -0.168911
v 0.103494 -0.436434 -0.184532
v 0.039054 -0.127903 -0.102518
v 0.083967 -0.319270 -0.129856
v 0.068345 -0.254830 -0.118140
v 0.046865 -0.139620 -0.106423
v 0.105447 -0.381757 -0.145478
v 0.128880 -0.430576 -0.161100
v 0.634635 -0.147431 0.227492
v 0.691264 -0.135714 0.311459
v 0.628777 -0.131809 0.219681
v 0.699075 -0.118140 0.321223
v 0.619013 -0.114234 0.204060
v 0.681501 -0.159147 0.303649
v 0.634635 -0.165005 0.229445
v 0.679548 -0.180627 0.303649
v 0.650257 -0.104471 0.252878
v 0.609250 -0.106423 0.186485
v 0.626824 -0.176721 0.225540
v 0.677595 -0.194296 0.309507
v 0.728366 -0.090802 0.330987
v 0.648304 -0.075180 0.213823
v 0.597533 -0.100565 0.145478
v 0.087873 0.819168 -0.135714
v 0.083967 0.848458 -0.133762
v 0.101542 0.819168 -0.073227
v 0.097636 0.846506 -0.075180
v 0.076156 0.883607 -0.129856
v 0.087873 0.875797 -0.077133
v 0.050771 0.885560 -0.180627
v 0.056629 0.850411 -0.186485
v 0.058582 0.819168 -0.194296
v 0.054676 0.910946 -0.122045
v 0.072251 0.897276 -0.069322
v 0.033196 0.905087 -0.170863
v 0.082014 0.821120 -0.020504
v 0.076156 0.844553 -0.026362
v 0.066393 0.883607 -0.038078
v 0.056629 0.907040 -0.057605
v 0.033196 0.922662 -0.112282
v 0.011716 0.936331 -0.104471
v 0.029291 0.922662 -0.045889
v 0.039054 0.893371 -0.014645
v 0.046865 0.842600 0.004882
v 0.050771 0.826978 0.014645
v 0.085920 0.817215 -0.018551
v 0.107400 0.815262 -0.073227
v 0.085920 0.797688 -0.018551
v 0.107400 0.795735 -0.071274
v 0.093731 0.817215 -0.137667
v -0.007811 0.922662 -0.166958
v -0.023433 0.889466 -0.206012
v 0.011716 0.885560 -0.200154
v 0.011716 0.821120 -0.219681
v 0.011716 0.850411 -0.211870
v -0.027338 0.850411 -0.221634
v -0.031244 0.821120 -0.229445
v 0.251901 -0.131809 -0.118140
v 0.238232 -0.077133 -0.131809
v 0.228469 -0.082991 -0.096660
v 0.257760 -0.125951 -0.147431
v 0.259712 -0.131809 -0.147431
v 0.242138 -0.069322 -0.165005
v 0.259712 -0.120092 -0.180627
v 0.261665 -0.125951 -0.180627
v 0.240185 -0.065416 -0.194296
v 0.251901 -0.137667 -0.118140
v 0.242138 -0.127903 -0.104471
v 0.240185 -0.133762 -0.096660
v 0.257760 -0.137667 -0.147431
v 0.259712 -0.131809 -0.180627
v 0.255807 -0.125951 -0.215776
v 0.253854 -0.145478 -0.147431
v 0.255807 -0.139620 -0.180627
v 0.271429 -0.168911 -0.180627
v 0.267523 -0.170863 -0.143525
v 0.269476 -0.176721 -0.143525
v 0.273381 -0.174769 -0.180627
v 0.261665 -0.176721 -0.122045
v 0.265570 -0.165005 -0.217729
v 0.267523 -0.170863 -0.219681
v 0.249949 -0.133762 -0.215776
v 0.259712 -0.170863 -0.123998
v 0.251901 -0.163052 -0.256783
v 0.253854 -0.168911 -0.258736
v 0.238232 -0.127903 -0.250925
v 0.230421 -0.163052 -0.291932
v 0.218705 -0.123998 -0.284121
v 0.232374 -0.168911 -0.293885
v 0.208941 -0.163052 -0.317318
v 0.210894 -0.168911 -0.319270
v 0.197225 -0.123998 -0.307554
v 0.179651 -0.163052 -0.340750
v 0.181603 -0.168911 -0.342703
v 0.169887 -0.125951 -0.329034
v 0.246043 -0.063464 -0.165005
v 0.242138 -0.071274 -0.129856
v 0.246043 -0.065416 -0.127903
v 0.249949 -0.057605 -0.165005
v 0.247996 -0.051747 -0.163052
v 0.246043 -0.047842 -0.192343
v 0.247996 -0.053700 -0.194296
v 0.240185 -0.043936 -0.219681
v 0.242138 -0.049794 -0.221634
v 0.224563 -0.000976 -0.184532
v 0.218705 0.002929 -0.209918
v 0.218705 -0.040031 -0.266547
v 0.220658 -0.045889 -0.268499
v 0.199178 0.006835 -0.254830
v 0.226516 -0.004882 -0.155242
v 0.244090 -0.059558 -0.127903
v 0.224563 -0.012693 -0.120092
v 0.246043 -0.059558 -0.194296
v 0.238232 -0.055653 -0.221634
v 0.218705 -0.051747 -0.268499
v 0.189414 -0.040031 -0.303649
v 0.191367 -0.045889 -0.305601
v 0.171840 0.006835 -0.288027
v 0.212847 -0.022456 -0.077133
v 0.232374 -0.065416 -0.088849
v 0.234327 -0.071274 -0.090802
v 0.189414 -0.051747 -0.303649
v 0.226516 -0.071274 -0.075180
v 0.232374 -0.077133 -0.092754
v 0.203083 -0.026362 -0.063464
v 0.244090 -0.149383 -0.120092
v 0.249949 -0.165005 -0.120092
v 0.242138 -0.151336 -0.114234
v 0.249949 -0.168911 -0.112282
v 0.242138 -0.145478 -0.114234
v 0.160123 -0.041984 -0.325128
v 0.162076 -0.047842 -0.327081
v 0.144502 0.004882 -0.307554
v 0.124974 -0.045889 -0.342703
v 0.111305 0.000976 -0.325128
v 0.142549 -0.163052 -0.356372
v 0.144502 -0.168911 -0.358325
v 0.126927 -0.051747 -0.342703
v 0.134738 -0.129856 -0.344656
v 0.160123 -0.053700 -0.325128
v 0.126927 -0.059558 -0.340750
v 0.105447 -0.165005 -0.366136
v 0.105447 -0.170863 -0.368088
v 0.087873 -0.051747 -0.352467
v 0.089825 -0.057605 -0.354419
v 0.074203 -0.004882 -0.334892
v 0.089825 -0.063464 -0.350514
v 0.101542 -0.135714 -0.352467
v 0.078109 -0.165005 -0.368088
v 0.078109 -0.170863 -0.370041
v 0.076156 -0.141572 -0.356372
v 0.101542 -0.127903 -0.360277
v 0.070298 -0.133762 -0.364183
v 0.046865 -0.073227 -0.354419
v 0.044913 -0.065416 -0.356372
v 0.042960 -0.059558 -0.354419
v 0.023433 -0.014645 -0.336845
v 0.017575 -0.067369 -0.354419
v 0.005858 -0.018551 -0.338798
v 0.144502 -0.002929 -0.018551
v 0.150360 0.067369 -0.034173
v 0.113258 0.018551 0.008787
v 0.111305 0.053700 0.006835
v 0.164029 -0.006835 -0.036125
v 0.189414 -0.018551 -0.057605
v 0.111305 0.065416 0.006835
v 0.154265 0.071274 -0.038078
v 0.078109 0.038078 0.032220
v 0.072251 0.051747 0.034173
v 0.195272 -0.004882 -0.045889
v 0.164029 -0.014645 -0.022456
v 0.150360 -0.002929 -0.010740
v 0.154265 -0.020504 -0.002929
v 0.117163 -0.002929 0.028314
v 0.119116 0.018551 0.016598
v 0.078109 0.016598 0.051747
v 0.083967 0.038078 0.040031
v 0.042960 0.034173 0.065416
v 0.044913 0.051747 0.059558
v 0.078109 0.051747 0.041984
v 0.042960 0.065416 0.059558
v 0.160123 -0.034173 -0.016598
v 0.177698 -0.049794 -0.030267
v 0.156218 -0.047842 -0.010740
v 0.150360 -0.034173 -0.004882
v 0.111305 -0.014645 0.026362
v 0.074203 0.006835 0.049794
v 0.183556 -0.057605 -0.040031
v 0.195272 -0.045889 -0.069322
v 0.039054 0.026362 0.063464
v 0.220658 -0.077133 -0.075180
v -0.164029 0.088849 -0.180627
v -0.136691 0.090802 -0.233350
v -0.027338 0.088849 -0.289979
v -0.095683 0.090802 -0.270452
v -0.056629 0.090802 -0.291932
v -0.171840 0.090802 -0.188438
v -0.029291 0.090802 -0.299743
v 0.035149 0.090802 -0.297790
v -0.187461 0.092754 -0.159147
v -0.179651 0.088849 -0.153289
v 0.037102 0.094707 -0.307554
v 0.076156 0.096660 -0.301696
v 0.109353 0.098613 -0.288027
v -0.201131 0.094707 -0.116187
v 0.138643 0.098613 -0.270452
v 0.167934 0.096660 -0.237256
v 0.187461 0.094707 -0.200154
v 0.193320 0.092754 -0.172816
v -0.193320 0.090802 -0.114234
v -0.205036 0.096660 -0.081038
v -0.203083 0.096660 -0.045889
v -0.189414 0.096660 -0.010740
v 0.195272 0.088849 -0.143525
v 0.193320 0.082991 -0.104471
v 0.179651 0.077133 -0.055653
v 0.162076 0.073227 -0.030267
v 0.119116 0.067369 0.016598
v -0.173792 0.096660 0.014645
v -0.150360 0.094707 0.038078
v -0.117163 0.090802 0.063464
v -0.085920 0.084943 0.075180
v -0.031244 0.075180 0.084943
v 0.001953 0.073227 0.082991
v 0.044913 0.069322 0.067369
v 0.001953 0.077133 0.088849
v -0.029291 0.081038 0.090802
v -0.138643 0.096660 -0.237256
v 0.078109 0.102518 -0.305601
v 0.111305 0.104471 -0.291932
v 0.037102 0.100565 -0.311459
v -0.173792 0.096660 -0.192343
v -0.193320 0.102518 -0.008787
v -0.206989 0.102518 -0.043936
v -0.029291 0.096660 -0.303649
v -0.177698 0.102518 0.016598
v 0.171840 0.102518 -0.239209
v 0.142549 0.104471 -0.272405
v -0.208941 0.102518 -0.081038
v -0.058582 0.096660 -0.293885
v -0.205036 0.100565 -0.116187
v -0.152312 0.100565 0.041984
v -0.117163 0.096660 0.065416
v -0.085920 0.090802 0.077133
v -0.372970 0.547739 0.071274
v -0.384687 0.549692 0.059558
v -0.290956 0.586793 0.045889
v -0.314388 0.596557 0.022456
v -0.343679 0.536023 0.088849
v -0.316341 0.518448 0.102518
v -0.287050 0.498921 0.114234
v 0.224563 0.344656 -0.446197
v 0.185509 0.381757 -0.426670
v 0.218705 0.379805 -0.432528
v 0.247996 0.352467 -0.444245
v 0.257760 0.327081 -0.455961
v 0.232374 0.319270 -0.457914
v 0.273381 0.288027 -0.467677
v 0.246043 0.280216 -0.469630
v 0.236280 0.381757 -0.434481
v 0.199178 0.334892 -0.442292
v 0.206989 0.311459 -0.454008
v 0.224563 0.272405 -0.467677
v 0.169887 0.405190 -0.424717
v 0.273381 0.358325 -0.434481
v 0.267523 0.383710 -0.426670
v 0.283145 0.334892 -0.444245
v 0.300719 0.295838 -0.455961
v 0.261665 0.391521 -0.426670
v 0.306578 0.270452 -0.455961
v 0.281192 0.258736 -0.463772
v 0.320247 0.247020 -0.459866
v 0.294861 0.235303 -0.465725
v 0.345632 0.209918 -0.463772
v 0.318294 0.196249 -0.467677
v 0.257760 0.247020 -0.465725
v 0.337762 0.159500 -0.466263
v 0.365159 0.172816 -0.461819
v 0.273381 0.223587 -0.465725
v 0.247996 0.217729 -0.465725
v 0.297006 0.186467 -0.468881
v 0.279239 0.202107 -0.467677
v 0.291089 0.159482 -0.469420
v 0.230421 0.227492 -0.463772
v 0.314521 0.147766 -0.465515
v 0.369065 0.221634 -0.450103
v 0.343679 0.258736 -0.446197
v 0.388592 0.184532 -0.448150
v 0.285098 0.395427 -0.411048
v 0.326105 0.282169 -0.438386
v 0.322199 0.303649 -0.438386
v 0.294861 0.360277 -0.418859
v 0.390545 0.231398 -0.430576
v 0.410072 0.192343 -0.430576
v 0.289003 0.381757 -0.411048
v 0.365159 0.266547 -0.426670
v 0.302672 0.340750 -0.426670
v 0.302672 0.397379 -0.391521
v 0.343679 0.289979 -0.416906
v 0.341727 0.309507 -0.414954
v 0.183556 0.301696 -0.442292
v 0.203083 0.262641 -0.455961
v 0.177698 0.325128 -0.430576
v 0.164029 0.366136 -0.414954
v 0.144502 0.391521 -0.399332
v 0.160123 0.411048 -0.409096
v 0.107400 0.413001 -0.377852
v 0.113258 0.438386 -0.381757
v 0.165982 0.428623 -0.413001
v 0.066393 0.407143 -0.370041
v 0.066393 0.438386 -0.371994
v 0.119116 0.467677 -0.381757
v 0.070298 0.469630 -0.368088
v 0.126927 0.498921 -0.379805
v 0.078109 0.498921 -0.364183
v 0.136691 0.526259 -0.373947
v 0.087873 0.524306 -0.358325
v 0.179651 0.426670 -0.416906
v 0.175745 0.416906 -0.420812
v 0.146454 0.547739 -0.364183
v 0.101542 0.545786 -0.352467
v 0.156218 0.563361 -0.354419
v 0.113258 0.565313 -0.342703
v 0.165982 0.577030 -0.342703
v 0.126927 0.578983 -0.330987
v 0.072251 0.377852 -0.362230
v 0.105447 0.389568 -0.370041
v 0.175745 0.584841 -0.327081
v 0.140596 0.590699 -0.317318
v 0.132785 0.370041 -0.383710
v 0.148407 0.350514 -0.397379
v 0.160123 0.315365 -0.411048
v 0.165982 0.289979 -0.422765
v 0.185509 0.252878 -0.436434
v 0.101542 0.362230 -0.354419
v 0.185509 0.590699 -0.309507
v 0.162076 0.600462 -0.289979
v 0.267523 0.151336 -0.454008
v 0.290956 0.137667 -0.454008
v 0.306578 0.108376 -0.444245
v 0.330010 0.118140 -0.459866
v 0.351490 0.129856 -0.461819
v 0.283145 0.100565 -0.422765
v 0.267523 0.131809 -0.430576
v 0.251901 0.149383 -0.434481
v 0.269476 0.098613 -0.395427
v 0.249949 0.131809 -0.403237
v 0.242138 0.149383 -0.411048
v 0.244090 0.135714 -0.371994
v 0.234327 0.159147 -0.379805
v 0.263618 0.100565 -0.364183
v 0.224563 0.176721 -0.397379
v 0.226516 0.174769 -0.370041
v -0.497945 0.211871 0.129856
v -0.482323 0.243114 0.077133
v -0.474512 0.254830 0.102518
v -0.505755 0.200154 0.102518
v -0.484275 0.229445 0.051747
v -0.507708 0.186485 0.075180
v -0.482323 0.223587 0.153289
v -0.460843 0.264594 0.123998
v -0.462795 0.233350 0.168911
v -0.443268 0.272405 0.137667
v -0.486228 0.291932 0.045889
v -0.476465 0.309507 0.077133
v -0.458890 0.321223 0.104471
v -0.486228 0.268499 0.018551
v -0.437410 0.323176 0.123998
v -0.484275 0.159147 0.135714
v -0.472559 0.166958 0.157194
v -0.490134 0.153289 0.110329
v -0.492086 0.147431 0.086896
v -0.456937 0.172816 0.172816
v -0.425694 0.272405 0.147431
v -0.439363 0.239209 0.178674
v -0.415930 0.315365 0.137667
v -0.437410 0.180627 0.184532
v -0.462795 0.194296 0.018551
v -0.453032 0.211871 0.000976
v -0.476465 0.215776 0.030267
v -0.497945 0.174769 0.049794
v -0.476465 0.161100 0.030267
v -0.472559 0.245067 -0.000976
v -0.486228 0.141572 0.063464
v -0.472559 0.135714 0.040031
v -0.443268 0.223587 -0.012693
v -0.443268 0.227492 -0.020504
v -0.460843 0.245067 0.028314
v -0.454985 0.264594 0.014645
v -0.447174 0.248972 -0.006835
v -0.445221 0.276310 -0.020504
v -0.454985 0.288027 0.006835
v -0.456937 0.231398 0.008787
v -0.474512 0.211871 0.051747
v -0.490134 0.176721 0.081038
v -0.470606 0.198201 0.032220
v -0.488181 0.157194 0.059558
v -0.490134 0.194296 0.104471
v -0.474512 0.229445 0.077133
v -0.460843 0.260689 0.053700
v -0.476465 0.250925 0.108376
v -0.454985 0.278263 0.043936
v -0.454985 0.297790 0.038078
v -0.499897 0.161100 0.145478
v -0.437410 0.329034 -0.006835
v -0.437410 0.338798 0.022456
v -0.425694 0.317318 -0.034173
v -0.453032 0.276310 0.082991
v -0.421788 0.354419 -0.010740
v -0.423741 0.362230 0.016598
v -0.412025 0.342703 -0.036125
v -0.509661 0.219681 0.133762
v -0.425694 0.264594 -0.041984
v -0.494039 0.145478 0.122045
v -0.494039 0.133762 0.096660
v -0.445221 0.307554 0.067369
v -0.429599 0.346608 0.047842
v -0.419836 0.366136 0.043936
v -0.413977 0.397379 0.014645
v -0.445221 0.289979 0.073227
v -0.406166 0.305601 -0.053700
v -0.433505 0.315365 0.090802
v -0.433505 0.299743 0.098613
v -0.408119 0.387616 0.041984
v -0.404214 0.403237 0.059558
v -0.392497 0.330987 -0.055653
v -0.369065 0.381757 -0.065416
v -0.378828 0.414954 -0.051747
v -0.472559 0.143525 0.040031
v -0.490134 0.123998 0.075180
v -0.472559 0.112282 0.055653
v -0.343679 0.409096 -0.075180
v -0.365159 0.432528 -0.057605
v -0.374923 0.422765 -0.051747
v -0.374923 0.434481 -0.047842
v -0.367112 0.452055 -0.051747
v -0.308530 0.477441 -0.094707
v -0.355396 0.487205 -0.055653
v -0.306578 0.506732 -0.086896
v -0.269476 0.502826 -0.129856
v -0.271429 0.473535 -0.139620
v -0.269476 0.528212 -0.116187
v -0.302672 0.536023 -0.077133
v -0.304625 0.446197 -0.102518
v -0.271429 0.444245 -0.143525
v -0.267523 0.547739 -0.104471
v -0.300719 0.553597 -0.063464
v -0.263618 0.565313 -0.088849
v -0.294861 0.569219 -0.049794
v -0.296814 0.418859 -0.106423
v -0.269476 0.413001 -0.141572
v -0.287050 0.582888 -0.034173
v -0.255807 0.580935 -0.071274
v -0.287050 0.391521 -0.106423
v -0.267523 0.383710 -0.133762
v -0.326105 0.389568 -0.082991
v -0.380781 0.293885 -0.065416
v -0.369065 0.319270 -0.065416
v -0.449126 0.104471 0.038078
v -0.449126 0.133762 0.020504
v -0.468654 0.149383 0.038078
v -0.449126 0.141572 0.020504
v -0.277287 0.368088 -0.100565
v -0.263618 0.358325 -0.120092
v -0.347585 0.364183 -0.073227
v -0.402261 0.254830 -0.051747
v -0.267523 0.344656 -0.088849
v -0.308530 0.368088 -0.082991
v -0.289003 0.348561 -0.075180
v -0.326105 0.346608 -0.075180
v -0.343679 0.309507 -0.069322
v -0.353443 0.284121 -0.069322
v -0.419836 0.219681 -0.026362
v -0.374923 0.245067 -0.053700
v -0.394450 0.211871 -0.028314
v -0.413977 0.348561 0.071274
v -0.406166 0.362230 0.069322
v -0.398356 0.383710 0.069322
v -0.392497 0.403237 0.081038
v -0.437410 0.368088 -0.004882
v 0.343679 -0.141572 -0.295838
v 0.351490 -0.120092 -0.288027
v 0.347585 -0.118140 -0.297790
v 0.337821 -0.131809 -0.303649
v 0.351490 -0.151336 -0.289979
v 0.357348 -0.137667 -0.270452
v 0.365159 -0.120092 -0.268499
v 0.367112 -0.137667 -0.256783
v 0.374923 -0.135714 -0.247020
v 0.372970 -0.118140 -0.258736
v 0.359301 -0.161100 -0.274358
v 0.347585 -0.161100 -0.305601
v 0.337821 -0.143525 -0.309507
v 0.361254 -0.168911 -0.289979
v 0.384687 -0.184532 -0.274358
v 0.371017 -0.176721 -0.278263
v 0.365159 -0.172816 -0.307554
v 0.378828 -0.186485 -0.295838
v 0.398356 -0.184532 -0.262641
v 0.357348 -0.170863 -0.319270
v 0.339774 -0.153289 -0.317318
v 0.333916 -0.129856 -0.315365
v 0.330010 -0.137667 -0.323176
v 0.343679 -0.163052 -0.330987
v 0.331963 -0.147431 -0.336845
v 0.339774 -0.123998 -0.311459
v 0.330010 -0.122045 -0.330987
v 0.331963 -0.131809 -0.344656
v 0.335868 -0.118140 -0.321223
v 0.365159 -0.174769 -0.332939
v 0.353443 -0.168911 -0.350514
v 0.374923 -0.176721 -0.346608
v 0.390545 -0.182580 -0.332939
v 0.402261 -0.182580 -0.350514
v 0.415930 -0.186485 -0.332939
v 0.392497 -0.176721 -0.371994
v 0.371017 -0.170863 -0.370041
v 0.417883 -0.174769 -0.368088
v 0.431552 -0.180627 -0.356372
v 0.417883 -0.166958 -0.383710
v 0.404214 -0.161100 -0.393474
v 0.456937 -0.168911 -0.350514
v 0.447174 -0.159147 -0.371994
v -0.326105 0.260689 0.129856
v -0.330010 0.330987 0.108376
v -0.367112 0.299743 0.125951
v -0.298767 0.315365 0.104471
v -0.361254 0.338798 0.104471
v -0.394450 0.307554 0.122045
v -0.376876 0.268499 0.127903
v -0.398356 0.278263 0.123998
v -0.357348 0.348561 0.104471
v -0.388592 0.344656 0.092754
v -0.384687 0.356372 0.092754
v -0.376876 0.375899 0.090802
v -0.349538 0.366136 0.102518
v -0.326105 0.336845 0.110329
v -0.316341 0.356372 0.108376
v -0.292909 0.323176 0.104471
v -0.283145 0.342703 0.100565
v -0.267523 0.405190 0.102518
v -0.421788 0.307554 0.108376
v -0.423741 0.280216 0.116187
v -0.249949 0.385663 0.092754
v -0.222610 0.414954 0.090802
v -0.261665 0.428623 0.100565
v -0.189414 0.418859 0.082991
v -0.158171 0.432528 0.081038
v -0.154265 0.471583 0.079085
v -0.130832 0.424717 0.081038
v -0.124974 0.473535 0.077133
v -0.165982 0.510637 0.075180
v -0.111305 0.418859 0.082991
v -0.101542 0.479394 0.073227
v -0.134738 0.518448 0.067369
v -0.074203 0.516495 0.059558
v -0.179651 0.545786 0.065416
v -0.144502 0.395427 0.079085
v -0.169887 0.407143 0.079085
v -0.123022 0.385663 0.081038
v -0.140596 0.553597 0.053700
v -0.160123 0.366136 0.071274
v -0.140596 0.356372 0.071274
v -0.183556 0.381757 0.073227
v -0.203083 0.397379 0.081038
v -0.230421 0.362230 0.077133
v -0.277287 0.403237 0.108376
v -0.330010 0.379805 0.112282
v -0.257760 0.330987 0.081038
v -0.269476 0.309507 0.086896
v -0.294861 0.258736 0.106423
v -0.275334 0.301696 0.086896
v -0.201131 0.354419 0.059558
v -0.181603 0.338798 0.051747
v -0.347585 0.383710 0.110329
v -0.353443 0.250925 0.122045
v -0.164029 0.330987 0.051747
v -0.371017 0.395427 0.098613
v -0.257760 0.276310 0.063464
v -0.253854 0.297790 0.057605
v -0.222610 0.332939 0.045889
v -0.238232 0.319270 0.051747
v -0.279239 0.245067 0.073227
v -0.330010 0.233350 0.108376
v -0.310483 0.215776 0.079085
v -0.400308 0.264594 0.151336
v 0.164029 0.079085 -0.028314
v 0.138643 0.122045 -0.006835
v 0.160123 0.123998 -0.026362
v 0.119116 0.122045 0.018551
v 0.181603 0.082991 -0.053700
v 0.175745 0.125951 -0.051747
v 0.197225 0.088849 -0.102518
v 0.191367 0.131809 -0.098613
v 0.199178 0.094707 -0.143525
v 0.193320 0.135714 -0.139620
v 0.197225 0.098613 -0.172816
v 0.189414 0.139620 -0.166958
v 0.191367 0.100565 -0.200154
v 0.183556 0.141572 -0.194296
v 0.164029 0.145478 -0.231398
v 0.177698 0.147431 -0.192343
v 0.136691 0.147431 -0.264594
v 0.105447 0.147431 -0.284121
v 0.240185 -0.180627 -0.252878
v 0.220658 -0.178674 -0.284121
v 0.224563 -0.178674 -0.286074
v 0.203083 -0.178674 -0.311459
v 0.140596 -0.178674 -0.348561
v 0.175745 -0.178674 -0.332939
v 0.173792 -0.178674 -0.329034
v 0.199178 -0.178674 -0.309507
v 0.060534 -0.170863 -0.350514
v 0.218705 -0.153289 -0.120092
v 0.140596 -0.180627 -0.344656
v 0.251901 -0.182580 -0.217729
v 0.103494 -0.180627 -0.352467
v 0.103494 -0.180627 -0.356372
v 0.078109 -0.180627 -0.358325
v 0.244090 -0.178674 -0.254830
v 0.078109 -0.182580 -0.354419
v 0.255807 -0.180627 -0.217729
v 0.257760 -0.184532 -0.182580
v 0.226516 -0.180627 -0.129856
v 0.240185 -0.182580 -0.135714
v 0.261665 -0.184532 -0.182580
v 0.253854 -0.186485 -0.147431
v 0.257760 -0.186485 -0.147431
v 0.249949 -0.186485 -0.127903
v 0.232374 -0.172816 -0.118140
v 0.236280 -0.174769 -0.114234
v 0.064440 -0.163052 -0.364183
v 0.423741 0.243114 -0.385663
v 0.388592 0.282169 -0.383710
v 0.380781 0.278263 -0.414954
v 0.421788 0.235303 -0.418859
v 0.423741 0.243114 -0.352467
v 0.390545 0.278263 -0.356372
v 0.369065 0.330987 -0.385663
v 0.443268 0.194296 -0.358325
v 0.374923 0.321223 -0.358325
v 0.359301 0.332939 -0.416906
v 0.435457 0.198201 -0.393474
v 0.433505 0.200154 -0.327081
v 0.384687 0.276310 -0.334892
v 0.374923 0.307554 -0.334892
v 0.412025 0.243114 -0.329034
v 0.421788 0.209918 -0.305601
v 0.374923 0.270452 -0.313412
v 0.371017 0.286074 -0.309507
v 0.394450 0.245067 -0.311459
v 0.402261 0.215776 -0.288027
v 0.361254 0.258736 -0.293885
v 0.361254 0.243114 -0.289979
v 0.376876 0.215776 -0.278263
v 0.343679 0.325128 -0.446197
v 0.369065 0.268499 -0.440339
v 0.408119 0.225540 -0.446197
v 0.324152 0.309507 -0.469630
v 0.351490 0.256783 -0.459866
v 0.384687 0.211871 -0.469630
v 0.300719 0.286074 -0.485252
v 0.328058 0.241161 -0.471583
v 0.357348 0.196249 -0.481346
v 0.302672 0.223587 -0.475488
v 0.328058 0.180627 -0.485252
v -0.265570 -0.108376 -0.012693
v -0.238232 -0.059558 0.018551
v -0.249949 -0.061511 -0.020504
v -0.253854 -0.104471 0.026362
v -0.267523 -0.114234 -0.010740
v -0.255807 -0.110329 0.028314
v -0.271429 -0.112282 -0.051747
v -0.273381 -0.120092 -0.049794
v -0.253854 -0.067369 -0.057605
v -0.222610 -0.059558 0.047842
v -0.236280 -0.104471 0.057605
v -0.238232 -0.110329 0.059558
v -0.226516 -0.110329 0.075180
v -0.203083 -0.059558 0.073227
v -0.267523 -0.125951 -0.088849
v -0.265570 -0.120092 -0.088849
v -0.249949 -0.073227 -0.094707
v -0.259712 -0.131809 -0.112282
v -0.255807 -0.125951 -0.116187
v -0.236280 -0.081038 -0.133762
v -0.267523 -0.131809 -0.086896
v -0.271429 -0.125951 -0.049794
v -0.265570 -0.120092 -0.010740
v -0.253854 -0.116187 0.028314
v -0.259712 -0.137667 -0.108376
v -0.236280 -0.116187 0.059558
v -0.247996 -0.129856 -0.127903
v -0.224563 -0.116187 0.075180
v -0.251901 -0.135714 -0.122045
v -0.056629 0.748869 -0.219681
v -0.089825 0.785971 -0.184532
v -0.056629 0.785971 -0.215776
v -0.091778 0.748869 -0.188438
v -0.056629 0.709815 -0.233350
v -0.099589 0.709815 -0.198201
v -0.119116 0.748869 -0.137667
v -0.117163 0.785971 -0.135714
v -0.126927 0.705910 -0.139620
v -0.048818 0.748869 -0.241161
v -0.048818 0.793782 -0.239209
v -0.052724 0.709815 -0.252878
v -0.105447 0.702004 -0.204060
v -0.054676 0.702004 -0.258736
v -0.109353 0.735200 -0.073227
v -0.103494 0.785971 -0.071274
v -0.117163 0.688335 -0.077133
v -0.136691 0.702004 -0.141572
v -0.070298 0.709815 -0.020504
v -0.070298 0.785971 -0.020504
v -0.072251 0.789877 -0.014645
v -0.074203 0.707862 -0.014645
v -0.078109 0.672713 -0.020504
v -0.064440 0.680524 -0.008787
v -0.064440 0.678571 0.002929
v -0.082014 0.668808 -0.016598
v -0.058582 0.670761 0.010740
v -0.080062 0.659044 -0.016598
v -0.124974 0.672713 -0.077133
v -0.124974 0.684430 -0.075180
v -0.136691 0.692240 -0.141572
v -0.105447 0.692240 -0.202107
v -0.068345 0.709815 -0.010740
v -0.068345 0.789877 -0.010740
v -0.501850 0.245067 0.079085
v -0.492086 0.258736 0.104471
v -0.494039 0.299743 0.077133
v -0.499897 0.282169 0.049794
v -0.501850 0.227492 0.053700
v -0.499897 0.262641 0.026362
v -0.478417 0.313412 0.102518
v -0.476465 0.270452 0.127903
v -0.456937 0.319270 0.129856
v -0.517472 0.215776 0.133762
v -0.525283 0.202107 0.102518
v -0.499897 0.229445 0.161100
v -0.525283 0.184532 0.073227
v -0.474512 0.239209 0.182580
v -0.505755 0.170863 0.141572
v -0.509661 0.165005 0.112282
v -0.505755 0.165005 0.143525
v -0.509661 0.161100 0.114234
v -0.511614 0.157194 0.081038
v -0.511614 0.153289 0.082991
v -0.492086 0.172816 0.168911
v -0.492086 0.176721 0.166958
v -0.507708 0.151336 0.116187
v -0.509661 0.145478 0.084943
v -0.503803 0.289979 0.043936
v -0.501850 0.270452 0.018551
v -0.497945 0.307554 0.073227
v -0.494039 0.209918 0.030267
v -0.501850 0.151336 0.051747
v -0.501850 0.145478 0.051747
v -0.501850 0.137667 0.055653
v -0.490134 0.245067 0.004882
v -0.517472 0.172816 0.049794
v -0.492086 0.250925 -0.002929
v -0.482323 0.321223 0.102518
v -0.501850 0.157194 0.143525
v -0.486228 0.133762 0.028314
v -0.486228 0.141572 0.026362
v -0.484275 0.145478 0.026362
v -0.476465 0.194296 0.012693
v -0.472559 0.227492 -0.012693
v -0.474512 0.235303 -0.020504
v -0.490134 0.313412 0.069322
v -0.470606 0.182580 0.188438
v -0.470606 0.186485 0.186485
v -0.458890 0.327081 0.129856
v -0.453032 0.278263 0.147431
v -0.476465 0.325128 0.096660
v -0.429599 0.313412 0.153289
v -0.427646 0.317318 0.153289
v -0.445221 0.190391 0.202107
v -0.488181 0.165005 0.166958
v -0.468654 0.172816 0.188438
v -0.445221 0.196249 0.200154
v -0.425694 0.278263 0.165005
v -0.445221 0.243114 0.196249
v -0.406166 0.299743 0.166958
v -0.398356 0.270452 0.176721
v -0.417883 0.200154 0.209918
v -0.417883 0.206012 0.207965
v -0.443268 0.182580 0.202107
v -0.415930 0.192343 0.209918
v -0.415930 0.243114 0.202107
v -0.462795 0.125951 0.008787
v -0.462795 0.133762 0.004882
v -0.431552 0.122045 -0.006835
v 0.162076 0.264594 -0.323176
v 0.158171 0.289979 -0.319270
v 0.150360 0.270452 -0.362230
v 0.148407 0.295838 -0.356372
v 0.152312 0.311459 -0.313412
v 0.140596 0.321223 -0.346608
v 0.177698 0.288027 -0.289979
v 0.173792 0.309507 -0.286074
v 0.183556 0.262641 -0.293885
v 0.199178 0.311459 -0.260689
v 0.183556 0.231398 -0.338798
v 0.173792 0.235303 -0.375899
v 0.203083 0.231398 -0.311459
v 0.208941 0.291932 -0.266547
v 0.214800 0.266547 -0.266547
v 0.234327 0.235303 -0.286074
v 0.238232 0.200154 -0.334892
v 0.220658 0.200154 -0.352467
v 0.208941 0.204060 -0.389568
v 0.144502 0.319270 -0.307554
v 0.128880 0.332939 -0.340750
v 0.165982 0.315365 -0.278263
v 0.261665 0.206012 -0.309507
v 0.191367 0.317318 -0.252878
v 0.208941 0.209918 -0.420812
v 0.175745 0.243114 -0.409096
v 0.154265 0.280216 -0.395427
v 0.150360 0.303649 -0.385663
v 0.140596 0.334892 -0.373947
v 0.126927 0.350514 -0.364183
v 0.234327 0.319270 -0.243114
v 0.216752 0.217729 -0.444245
v 0.115211 0.340750 -0.340750
v 0.181603 0.315365 -0.258736
v 0.314388 -0.082991 -0.524306
v 0.247996 -0.061511 -0.481346
v 0.322199 -0.063464 -0.524306
v 0.255807 -0.041984 -0.481346
v 0.318294 -0.043936 -0.518448
v 0.251901 -0.082991 -0.487205
v 0.300719 -0.098613 -0.518448
v 0.263618 -0.098613 -0.496968
v 0.271429 -0.028314 -0.485252
v 0.306578 -0.028314 -0.506732
v 0.281192 -0.102518 -0.508684
v 0.290956 -0.024409 -0.495015
v -0.144502 0.139620 0.038078
v -0.105447 0.139620 0.055653
v -0.140596 0.143525 0.032220
v -0.109353 0.135714 0.061511
v -0.169887 0.143525 0.012693
v -0.164029 0.147431 0.008787
v -0.076156 0.135714 0.067369
v -0.072251 0.137667 0.059558
v -0.023433 0.131809 0.067369
v -0.023433 0.129856 0.077133
v 0.011716 0.129856 0.061511
v 0.011716 0.127903 0.069322
v 0.042960 0.129856 0.061511
v 0.042960 0.131809 0.051747
v -0.023433 0.125951 0.084943
v 0.013669 0.123998 0.084943
v -0.078109 0.131809 0.073227
v -0.185509 0.143525 -0.012693
v -0.197225 0.145478 -0.047842
v -0.029291 0.748869 -0.229445
v -0.029291 0.785971 -0.227492
v 0.011716 0.785971 -0.217729
v 0.011716 0.748869 -0.221634
v -0.037102 0.709815 -0.241161
v 0.011716 0.709815 -0.233350
v 0.060534 0.748869 -0.196249
v 0.058582 0.785971 -0.194296
v 0.062487 0.705910 -0.204060
v 0.091778 0.735200 -0.139620
v 0.095683 0.688335 -0.147431
v 0.087873 0.785971 -0.135714
v 0.099589 0.709815 -0.079085
v 0.099589 0.785971 -0.079085
v 0.103494 0.789877 -0.075180
v 0.103494 0.707862 -0.075180
v 0.101542 0.680524 -0.065416
v 0.111305 0.678571 -0.055653
v 0.101542 0.672713 -0.082991
v 0.093731 0.789877 -0.137667
v 0.064440 0.817215 -0.198201
v 0.064440 0.789877 -0.198201
v 0.013669 0.789877 -0.225540
v 0.013669 0.817215 -0.225540
v 0.101542 0.709815 -0.069322
v 0.101542 0.789877 -0.067369
v 0.109353 0.670761 -0.047842
v -0.285098 0.506732 -0.135714
v -0.287050 0.475488 -0.145478
v -0.289003 0.444245 -0.151336
v -0.283145 0.528212 -0.123998
v -0.279239 0.549692 -0.108376
v -0.273381 0.571172 -0.090802
v -0.265570 0.586793 -0.073227
v -0.257760 0.598510 -0.053700
v -0.247996 0.590699 -0.051747
v -0.232374 0.606321 -0.002929
v -0.232374 0.616084 -0.000976
v -0.205036 0.598510 0.028314
v -0.205036 0.604368 0.026362
v -0.287050 0.411048 -0.149383
v -0.226516 0.600462 -0.006835
v -0.205036 0.590699 0.022456
v -0.175745 0.582888 0.045889
v -0.177698 0.575077 0.040031
v -0.138643 0.561408 0.061511
v -0.070298 0.524306 0.069322
v -0.076156 0.536023 0.077133
v -0.050771 0.522354 0.082991
v -0.052724 0.512590 0.075180
v 0.021480 0.495015 0.079085
v 0.017575 0.483299 0.069322
v -0.052724 0.506732 0.065416
v -0.175745 0.588746 0.045889
v 0.013669 0.479394 0.057605
v 0.099589 0.467677 0.055653
v 0.093731 0.455961 0.045889
v 0.085920 0.455961 0.034173
v -0.138643 0.571172 0.059558
v -0.285098 0.379805 -0.139620
v -0.281192 0.352467 -0.123998
v -0.255807 0.334892 -0.100565
v -0.275334 0.329034 -0.102518
v -0.238232 0.311459 -0.057605
v -0.259712 0.301696 -0.051747
v -0.099589 0.483299 0.086896
v -0.113258 0.420812 0.100565
v -0.126927 0.383710 0.102518
v -0.148407 0.352467 0.094707
v -0.208941 0.309507 0.000976
v -0.226516 0.299743 0.014645
v -0.195272 0.313412 0.018551
v -0.212847 0.303649 0.034173
v -0.175745 0.323176 0.073227
v -0.320247 -0.567266 -0.059558
v -0.289003 -0.500874 -0.024409
v -0.304625 -0.561408 -0.077133
v -0.261665 -0.498921 -0.051747
v -0.279239 -0.561408 -0.094707
v -0.230421 -0.502826 -0.065416
v -0.242138 -0.569219 -0.104471
v -0.197225 -0.512590 -0.063464
v -0.206989 -0.580935 -0.102518
v 0.574101 -0.256783 0.163052
v 0.620966 -0.256783 0.125951
v 0.574101 -0.254830 0.159147
v 0.619013 -0.254830 0.123998
v 0.564337 -0.243114 0.166958
v 0.130832 -0.082991 0.034173
v 0.177698 -0.079085 -0.006835
v 0.175745 -0.053700 -0.006835
v 0.128880 -0.057605 0.034173
v -0.199178 -0.924615 0.178674
v -0.216752 -0.924615 0.213823
v -0.185509 -0.926567 0.151336
v -0.255807 -0.924615 0.260689
v -0.205036 -0.905087 0.163052
v -0.259712 -0.891418 0.229445
v -0.263618 -0.869938 0.198201
v -0.199178 -0.905087 0.100565
v -0.222610 -0.881655 0.116187
v -0.224563 -0.885560 0.131809
v -0.197225 -0.908993 0.114234
v -0.263618 -0.873844 0.190391
v -0.208941 -0.908993 0.151336
v -0.267523 -0.864080 0.153289
v -0.265570 -0.858222 0.139620
v -0.226516 -0.879702 0.096660
v -0.267523 -0.854317 0.118140
v -0.224563 -0.877749 0.086896
v -0.203083 -0.907040 0.084943
v -0.205036 -0.901182 0.071274
v -0.267523 -0.848458 0.112282
v -0.191367 -0.928520 0.092754
v -0.189414 -0.928520 0.106423
v -0.195272 -0.928520 0.143525
v -0.199178 -0.920709 0.061511
v -0.195272 -0.928520 0.077133
v -0.199178 -0.893371 0.057605
v -0.218705 -0.869938 0.077133
v -0.205036 -0.881655 0.032220
v -0.220658 -0.860175 0.049794
v -0.267523 -0.844553 0.102518
v -0.267523 -0.834789 0.075180
v -0.197225 -0.901182 0.022456
v -0.195272 -0.914851 0.045889
v -0.195272 0.143525 -0.114234
v -0.181603 0.141572 -0.157194
v -0.189414 0.098613 -0.161100
v -0.165982 0.139620 -0.188438
v -0.199178 0.143525 -0.081038
v -0.130832 0.139620 -0.229445
v -0.095683 0.096660 -0.272405
v -0.091778 0.139620 -0.264594
v -0.054676 0.139620 -0.284121
v -0.029291 0.141572 -0.293885
v -0.269476 0.264594 -0.014645
v -0.296814 0.268499 -0.047842
v -0.265570 0.289979 -0.016598
v -0.290956 0.293885 -0.047842
v -0.255807 0.311459 -0.020504
v -0.279239 0.319270 -0.051747
v -0.318294 0.233350 -0.034173
v -0.292909 0.231398 -0.000976
v -0.242138 0.311459 0.012693
v -0.251901 0.291932 0.018551
v -0.255807 0.268499 0.024409
v -0.341727 0.204060 -0.012693
v -0.279239 0.239209 0.036125
v -0.320247 0.206012 0.018551
v -0.230421 0.319270 0.008787
v -0.244090 0.319270 -0.024409
v -0.267523 0.330987 -0.059558
v -0.316341 0.299743 -0.063464
v -0.345632 0.237256 -0.047842
v -0.324152 0.274358 -0.063464
v -0.367112 0.206012 -0.022456
v -0.302672 0.330987 -0.067369
v 0.357348 -0.922662 -0.206012
v 0.320247 -0.922662 -0.206012
v 0.290956 -0.924615 -0.207965
v 0.421788 -0.924615 -0.221634
v 0.310483 -0.903135 -0.215776
v 0.394450 -0.893371 -0.237256
v 0.369065 -0.869938 -0.252878
v 0.337821 -0.073227 -0.489157
v 0.337821 -0.051747 -0.483299
v 0.345632 -0.057605 -0.467677
v 0.326105 -0.043936 -0.510637
v 0.347585 -0.077133 -0.473535
v 0.330010 -0.065416 -0.516495
v 0.330010 -0.092754 -0.489157
v 0.322199 -0.086896 -0.516495
v 0.341727 -0.096660 -0.473535
v 0.343679 -0.079085 -0.461819
v 0.341727 -0.063464 -0.457914
v 0.376876 -0.082991 -0.379805
v 0.390545 -0.116187 -0.356372
v 0.335868 -0.094707 -0.461819
v 0.333916 -0.041984 -0.457914
v 0.326105 -0.036125 -0.471583
v 0.312436 -0.028314 -0.498921
v 0.331963 -0.051747 -0.450103
v 0.119116 0.430576 0.016598
v 0.132785 0.479394 -0.018551
v 0.142549 0.405190 0.008787
v 0.105447 0.418859 0.030267
v 0.113258 0.383710 0.038078
v 0.150360 0.383710 0.010740
v 0.169887 0.506732 -0.079085
v -0.378828 0.405190 0.116187
v -0.343679 0.454008 0.098613
v -0.404214 0.411048 0.094707
v -0.361254 0.471583 0.075180
v -0.341727 0.477441 0.084943
v -0.322199 0.436434 0.116187
v -0.376876 0.477441 0.051747
v -0.421788 0.411048 0.071274
v -0.351490 0.389568 0.127903
v -0.382734 0.399332 0.122045
v -0.410072 0.407143 0.100565
v -0.417883 0.389568 0.102518
v -0.392497 0.381757 0.125951
v -0.355396 0.385663 0.135714
v -0.365159 0.368088 0.137667
v -0.429599 0.407143 0.075180
v -0.435457 0.391521 0.079085
v -0.361254 0.483299 0.075180
v -0.388592 0.473535 0.028314
v -0.433505 0.409096 0.047842
v -0.441316 0.405190 0.049794
v -0.449126 0.391521 0.055653
v -0.322199 0.344656 0.143525
v -0.300719 0.416906 0.120092
v -0.331963 0.377852 0.129856
v -0.331963 0.373947 0.137667
v -0.275334 0.405190 0.127903
v -0.378828 0.485252 0.051747
v -0.394450 0.481346 0.028314
v 0.078109 -0.139620 -0.325128
v 0.060534 -0.141572 -0.344656
v 0.109353 -0.170863 -0.329034
v 0.154265 -0.221634 -0.321223
v 0.041007 -0.125951 -0.327081
v 0.046865 -0.135714 -0.346608
v 0.357348 0.288027 -0.329034
v 0.333916 0.334892 -0.346608
v 0.328058 0.325128 -0.317318
v 0.361254 0.303649 -0.358325
v 0.330010 0.340750 -0.375899
v 0.355396 0.309507 -0.387616
v 0.326105 0.352467 -0.370041
v 0.320247 0.342703 -0.403237
v 0.314388 0.358325 -0.397379
v 0.308530 0.377852 -0.389568
v 0.331963 0.344656 -0.342703
v 0.322199 0.371994 -0.364183
v 0.326105 0.364183 -0.336845
v 0.320247 0.387616 -0.336845
v 0.314388 0.395427 -0.364183
v 0.320247 0.371994 -0.309507
v 0.363207 0.282169 -0.364183
v 0.357348 0.289979 -0.391521
v 0.326105 0.332939 -0.313412
v 0.320247 0.352467 -0.305601
v 0.386639 0.262641 -0.368088
v 0.380781 0.266547 -0.397379
v 0.404214 0.233350 -0.399332
v 0.410072 0.233350 -0.366136
v 0.421788 0.188438 -0.395427
v 0.427646 0.186485 -0.360277
v 0.404214 0.227492 -0.336845
v 0.425694 0.182580 -0.327081
v 0.382734 0.254830 -0.342703
v 0.359301 0.270452 -0.340750
v 0.384687 0.219681 -0.305601
v 0.369065 0.243114 -0.317318
v 0.314388 0.370041 -0.297790
v 0.404214 0.170863 -0.293885
v 0.302672 0.340750 -0.278263
v 0.308530 0.321223 -0.286074
v 0.290956 0.395427 -0.250925
v 0.347585 0.254830 -0.317318
v 0.341727 0.252878 -0.293885
v 0.347585 0.231398 -0.297790
v 0.359301 0.207965 -0.286074
v 0.378828 0.159147 -0.274358
v 0.330010 0.237256 -0.295838
v 0.320247 0.217729 -0.289979
v 0.300719 0.221634 -0.282169
v 0.328058 0.192343 -0.278263
v 0.345632 0.143525 -0.266547
v 0.292909 0.204060 -0.291932
v -0.302672 0.161100 0.063464
v -0.298767 0.172816 0.086896
v -0.310483 0.204060 0.065416
v -0.308530 0.219681 0.100565
v -0.298767 0.190391 0.118140
v -0.312436 0.182580 0.055653
v -0.312436 0.151336 0.045889
v -0.322199 0.233350 0.131809
v -0.314388 0.206012 0.149383
v -0.322199 0.165005 0.041984
v -0.326105 0.141572 0.028314
v -0.331963 0.153289 0.026362
v -0.345632 0.133762 0.016598
v -0.347585 0.145478 0.014645
v -0.000000 -0.125951 -0.092754
v -0.023433 -0.123998 -0.131809
v 0.017575 -0.125951 -0.088849
v -0.015622 -0.123998 -0.137667
v -0.041007 -0.120092 -0.170863
v -0.048818 -0.120092 -0.165005
v -0.029291 -0.122045 -0.172816
v -0.003905 -0.125951 -0.133762
v 0.013669 -0.122045 -0.053700
v 0.042960 -0.120092 -0.047842
v -0.044913 -0.112282 -0.207965
v 0.027338 -0.123998 -0.096660
v -0.074203 -0.110329 -0.188438
v -0.058582 -0.110329 -0.198201
v 0.011716 -0.108376 -0.006835
v 0.064440 -0.114234 -0.069322
v 0.074203 -0.118140 -0.081038
v 0.058582 -0.108376 -0.020504
v 0.093731 -0.096660 -0.049794
v 0.109353 -0.100565 -0.073227
v -0.123022 -0.123998 0.131809
v -0.095683 -0.123998 0.135714
v -0.082014 -0.077133 0.120092
v -0.128880 -0.069322 0.112282
v -0.095683 -0.131809 0.137667
v -0.164029 -0.118140 0.120092
v -0.160123 -0.063464 0.100565
v -0.197225 -0.114234 0.102518
v -0.162076 -0.123998 0.120092
v -0.197225 -0.120092 0.102518
v -0.123022 -0.131809 0.129856
v -0.085920 -0.125951 0.133762
v -0.072251 -0.079085 0.122045
v 0.415930 -0.192343 -0.313412
v 0.398356 -0.190391 -0.313412
v 0.447174 -0.184532 -0.332939
v 0.460843 -0.182580 -0.317318
v 0.441316 -0.188438 -0.299743
v 0.431552 -0.186485 -0.334892
v 0.400308 -0.190391 -0.291932
v 0.421788 -0.190391 -0.282169
v 0.464748 -0.172816 -0.299743
v 0.480370 -0.161100 -0.317318
v 0.472559 -0.157194 -0.346608
v 0.445221 -0.186485 -0.289979
v -0.031244 -0.106423 0.045889
v 0.236280 0.555550 -0.227492
v 0.232374 0.571172 -0.247020
v 0.193320 0.567266 -0.192343
v 0.193320 0.545786 -0.155242
v 0.191367 0.584841 -0.225540
v 0.224563 0.580935 -0.270452
v 0.187461 0.594604 -0.256783
v 0.216752 0.586793 -0.293885
v 0.238232 0.534070 -0.207965
v 0.218705 0.506732 -0.165005
v 0.201131 0.512590 -0.141572
v 0.175745 0.516495 -0.098613
v 0.240185 0.495015 -0.188438
v 0.208941 0.473535 -0.135714
v 0.222610 0.473535 -0.159147
v 0.199178 0.477441 -0.118140
v 0.238232 0.455961 -0.174769
v 0.218705 0.426670 -0.141572
v 0.212847 0.418859 -0.125951
v 0.228469 0.436434 -0.165005
v 0.232374 0.409096 -0.180627
v 0.220658 0.395427 -0.157194
v 0.214800 0.383710 -0.139620
v 0.220658 0.368088 -0.172816
v 0.234327 0.381757 -0.200154
v 0.242138 0.424717 -0.192343
v 0.257760 0.403237 -0.217729
v 0.201131 0.575077 -0.188438
v 0.197225 0.592652 -0.221634
v 0.197225 0.598510 -0.221634
v 0.191367 0.610226 -0.254830
v 0.191367 0.604368 -0.254830
v 0.203083 0.582888 -0.186485
v 0.201131 0.553597 -0.149383
v 0.205036 0.563361 -0.147431
v 0.183556 0.524306 -0.092754
v 0.195272 0.536023 -0.096660
v 0.177698 0.512590 -0.077133
v 0.183556 0.522354 -0.069322
v 0.142549 0.483299 -0.010740
v 0.150360 0.495015 -0.002929
v 0.165982 0.608273 -0.293885
v 0.138643 0.600462 -0.323176
v 0.164029 0.616084 -0.293885
v 0.189414 0.616084 -0.254830
v 0.162076 0.621942 -0.293885
v 0.083967 0.352467 -0.350514
v 0.123022 0.612179 -0.319270
v 0.208941 0.481346 -0.112282
v 0.099589 0.332939 -0.336845
v 0.205036 0.473535 -0.092754
v 0.226516 0.422765 -0.120092
v 0.220658 0.416906 -0.100565
v 0.234327 0.383710 -0.133762
v 0.232374 0.373947 -0.116187
v 0.238232 0.350514 -0.159147
v 0.236280 0.334892 -0.143525
v 0.232374 0.323176 -0.194296
v 0.230421 0.303649 -0.182580
v 0.218705 0.305601 -0.233350
v 0.212847 0.284121 -0.225540
v 0.208941 0.301696 -0.250925
v 0.203083 0.280216 -0.245067
v 0.197225 0.299743 -0.268499
v 0.191367 0.278263 -0.262641
v 0.146454 0.301696 -0.325128
v 0.132785 0.311459 -0.305601
v 0.214800 0.354419 -0.161100
v 0.179651 0.309507 -0.252878
v 0.208941 0.330987 -0.192343
v 0.195272 0.315365 -0.225540
v 0.187461 0.311459 -0.241161
v 0.308530 0.192343 -0.268499
v 0.335868 0.235303 -0.282169
v 0.347585 0.207965 -0.268499
v 0.277287 0.178674 -0.282169
v 0.275334 0.207965 -0.295838
v 0.257760 0.168911 -0.297790
v 0.249949 0.194296 -0.319270
v 0.244090 0.159147 -0.313412
v 0.234327 0.186485 -0.344656
v 0.255807 0.373947 -0.129856
v 0.298767 0.391521 -0.209918
v 0.287050 0.393474 -0.217729
v 0.244090 0.375899 -0.137667
v -0.425694 0.243114 0.200154
v -0.388592 0.245067 0.200154
v -0.406166 0.272405 0.172816
v -0.372970 0.264594 0.180627
v -0.439363 0.274358 0.157194
v -0.458890 0.243114 0.190391
v -0.384687 0.217729 0.211871
v -0.335868 0.225540 0.194296
v -0.337821 0.233350 0.190391
v -0.343679 0.252878 0.172816
v -0.339774 0.237256 0.186485
v -0.312436 0.243114 0.149383
v -0.306578 0.225540 0.159147
v -0.304625 0.221634 0.161100
v -0.302672 0.213823 0.165005
v -0.456937 0.192343 0.190391
v -0.492086 0.235303 0.166958
v -0.283145 0.204060 0.123998
v -0.281192 0.196249 0.125951
v -0.349538 -0.912898 0.057605
v -0.341727 -0.893371 0.071274
v -0.345632 -0.901182 0.028314
v -0.337821 -0.879702 0.041984
v -0.343679 -0.920709 0.075180
v -0.349538 -0.926567 0.094707
v -0.345632 -0.926567 0.108376
v -0.333916 -0.926567 0.151336
v -0.337821 -0.908993 0.116187
v -0.341727 -0.903135 0.102518
v -0.322199 -0.908993 0.159147
v -0.333916 -0.901182 0.086896
v -0.318294 -0.869938 0.090802
v -0.310483 -0.885560 0.135714
v -0.316341 -0.860175 0.057605
v -0.314388 -0.881655 0.120092
v -0.308530 -0.877749 0.102518
v -0.324152 -0.905087 0.172816
v -0.339774 -0.924615 0.163052
v -0.308530 -0.860175 0.053700
v -0.330010 -0.881655 0.038078
v -0.302672 -0.924615 0.217729
v -0.324152 -0.924615 0.188438
v -0.232374 -0.703957 -0.088849
v -0.228469 -0.659044 -0.102518
v -0.257760 -0.700051 -0.088849
v -0.257760 -0.655139 -0.102518
v -0.283145 -0.692240 -0.082991
v -0.283145 -0.647328 -0.096660
v -0.304625 -0.682477 -0.069322
v -0.304625 -0.637564 -0.081038
v 0.123022 -0.110329 0.008787
v 0.121069 -0.084943 0.008787
v 0.158171 -0.108376 -0.024409
v 0.156218 -0.081038 -0.024409
v 0.158171 -0.110329 -0.024409
v 0.124974 -0.112282 0.008787
v 0.083967 -0.705910 -0.332939
v 0.072251 -0.660997 -0.297790
v 0.089825 -0.703957 -0.309507
v 0.064440 -0.660997 -0.325128
v 0.101542 -0.698099 -0.288027
v 0.085920 -0.702004 -0.358325
v 0.068345 -0.657091 -0.354419
v 0.566290 -0.358325 0.063464
v 0.548715 -0.348561 0.038078
v 0.529188 -0.329034 0.006835
v 0.583864 -0.358325 0.092754
v 0.511614 -0.330987 -0.018551
v 0.464748 -0.332939 -0.063464
v 0.601439 -0.350514 0.116187
v -0.312436 0.079085 0.141572
v -0.304625 0.090802 0.108376
v -0.304625 0.100565 0.135714
v -0.312436 0.069322 0.116187
v -0.300719 0.096660 0.104471
v -0.314388 0.081038 0.081038
v -0.320247 0.061511 0.090802
v -0.310483 0.086896 0.077133
v -0.292909 0.114234 0.096660
v -0.290956 0.125951 0.127903
v -0.298767 0.106423 0.133762
v -0.304625 0.104471 0.065416
v -0.290956 0.122045 0.092754
v -0.289003 0.131809 0.123998
v -0.304625 0.110329 0.063464
v -0.316341 0.065416 0.118140
v -0.316341 0.075180 0.143525
v -0.335868 -0.004882 0.178674
v -0.333916 -0.010740 0.157194
v -0.326105 0.057605 0.094707
v -0.341727 -0.020504 0.139620
v -0.306578 0.139620 0.168911
v -0.304625 0.147431 0.166958
v -0.326105 0.082991 0.168911
v -0.347585 0.002929 0.200154
v -0.322199 0.108376 0.168911
v -0.335868 0.086896 0.178674
v 0.716650 -0.299743 0.266547
v 0.070298 -0.084943 0.000976
v 0.072251 -0.065416 0.004882
v -0.001953 -0.077133 0.032220
v -0.035149 -0.043936 0.057605
v -0.019527 -0.088849 0.038078
v 0.109353 -0.047842 -0.020504
v 0.117163 -0.073227 -0.045889
v 0.138643 -0.079085 -0.077133
v 0.146454 -0.043936 -0.075180
v 0.130832 -0.020504 -0.045889
v -0.062487 -0.217729 0.081038
v -0.082014 -0.278263 0.098613
v -0.105447 -0.338798 0.114234
v -0.132785 -0.262641 0.118140
v -0.117163 -0.370041 0.123998
v -0.160123 -0.366136 0.125951
v 0.087873 0.395427 -0.452055
v 0.087873 0.405190 -0.461819
v 0.175745 0.403237 -0.459866
v 0.169887 0.413001 -0.469630
v 0.005858 0.483299 -0.424717
v 0.208941 0.534070 -0.430576
v 0.089825 0.606321 -0.383710
v 0.242138 0.555550 -0.411048
v 0.126927 0.643422 -0.344656
v 0.277287 0.567266 -0.385663
v 0.160123 0.657091 -0.313412
v 0.281192 0.565313 -0.389568
v 0.246043 0.553597 -0.414954
v 0.287050 0.555550 -0.393474
v 0.251901 0.543834 -0.418859
v 0.212847 0.532117 -0.434481
v 0.220658 0.522354 -0.438386
v 0.058582 0.553597 -0.407143
v 0.175745 0.498921 -0.446197
v 0.179651 0.498921 -0.450103
v 0.191367 0.495015 -0.452055
v 0.099589 0.457914 -0.446197
v 0.041007 0.493063 -0.422765
v 0.150360 0.463772 -0.455961
v 0.146454 0.461819 -0.450103
v 0.150360 0.428623 -0.457914
v 0.101542 0.422765 -0.450103
v 0.165982 0.457914 -0.455961
v 0.152312 0.428623 -0.465725
v 0.097636 0.422765 -0.459866
v 0.035149 0.493063 -0.428623
v 0.093731 0.457914 -0.450103
v 0.039054 0.577030 -0.411048
v 0.052724 0.569219 -0.414954
v 0.080062 0.625848 -0.391521
v 0.068345 0.635612 -0.385663
v 0.101542 0.690288 -0.354419
v 0.109353 0.682477 -0.358325
v 0.142549 0.711768 -0.303649
v 0.150360 0.705910 -0.307554
v 0.029291 0.575077 -0.403237
v 0.060534 0.637564 -0.373947
v 0.093731 0.690288 -0.344656
v 0.134738 0.713720 -0.297790
v 0.173792 0.403237 -0.446197
v 0.085920 0.395427 -0.438386
v 0.005858 0.481346 -0.407143
v 0.052724 0.473535 -0.405190
v 0.072251 0.537975 -0.385663
v 0.101542 0.592652 -0.362230
v 0.029291 0.569219 -0.391521
v 0.058582 0.627801 -0.366136
v 0.124974 0.619990 -0.338798
v 0.091778 0.672713 -0.334892
v 0.154265 0.639517 -0.301696
v 0.126927 0.698099 -0.291932
v 0.181603 0.633659 -0.256783
v 0.164029 0.696146 -0.243114
v 0.201131 0.616084 -0.204060
v 0.197225 0.668808 -0.174769
v 0.230421 0.592652 -0.270452
v 0.210894 0.582888 -0.161100
v 0.212847 0.616084 -0.127903
v 0.212847 0.528212 -0.125951
v 0.210894 0.553597 -0.090802
v 0.212847 0.455961 -0.104471
v 0.203083 -0.926567 -0.424717
v 0.177698 -0.901182 -0.430576
v 0.205036 -0.901182 -0.420812
v 0.175745 -0.926567 -0.434481
v 0.179651 -0.871891 -0.426670
v 0.203083 -0.932425 -0.424717
v 0.175745 -0.932425 -0.434481
v 0.226516 -0.926567 -0.411048
v 0.228469 -0.903135 -0.407143
v 0.208941 -0.879702 -0.413001
v 0.236280 -0.901182 -0.405190
v 0.150360 -0.901182 -0.434481
v 0.154265 -0.864080 -0.428623
v 0.150360 -0.926567 -0.436434
v 0.150360 -0.932425 -0.436434
v 0.236280 -0.881655 -0.391521
v 0.246043 -0.879702 -0.393474
v 0.246043 -0.860175 -0.366136
v 0.126927 -0.926567 -0.430576
v 0.128880 -0.901182 -0.426670
v 0.247996 -0.903135 -0.409096
v 0.253854 -0.879702 -0.397379
v 0.279239 -0.893371 -0.393474
v 0.271429 -0.916804 -0.405190
v 0.132785 -0.862127 -0.420812
v 0.289003 -0.869938 -0.362230
v 0.261665 -0.860175 -0.368088
v 0.253854 -0.860175 -0.368088
v 0.283145 -0.844553 -0.303649
v 0.290956 -0.848458 -0.299743
v 0.253854 -0.834789 -0.307554
v -0.419836 -0.166958 0.206012
v -0.402261 -0.166958 0.223587
v -0.437410 -0.125951 0.227492
v -0.447174 -0.131809 0.213823
v -0.423741 -0.120092 0.239209
v -0.394450 -0.180627 0.204060
v -0.419836 -0.174769 0.186485
v -0.453032 -0.141572 0.194296
v -0.434538 -0.169663 0.167987
v -0.455507 -0.143867 0.174340
v -0.392497 -0.182580 0.184532
v -0.408119 -0.178674 0.157194
v -0.400308 -0.180627 0.168911
v -0.454985 -0.057605 0.172816
v -0.454985 -0.067369 0.151336
v -0.460843 -0.065416 0.139620
v -0.449126 -0.049794 0.188438
v -0.437410 -0.043936 0.202107
v -0.415930 -0.036125 0.217729
v -0.410072 -0.106423 0.256783
v -0.402261 -0.147431 0.239209
v -0.382734 -0.174769 0.217729
v -0.386639 -0.159147 0.239209
v -0.365159 -0.174769 0.213823
v -0.388592 -0.030267 0.223587
v -0.392497 -0.090802 0.262641
v 0.271429 0.131809 -0.454008
v 0.253854 0.129856 -0.432528
v 0.244090 0.127903 -0.409096
v 0.234327 0.131809 -0.381757
v 0.234327 0.137667 -0.358325
v 0.238232 0.147431 -0.334892
v 0.294861 0.137667 -0.467677
v -0.351490 -0.030267 0.207965
v -0.337821 -0.026362 0.211871
v -0.357348 -0.024409 0.227492
v -0.330010 -0.032220 0.188438
v -0.396403 -0.024409 0.239209
v -0.427646 -0.030267 0.231398
v -0.453032 -0.038078 0.213823
v -0.466701 -0.047842 0.194296
v -0.470606 -0.055653 0.168911
v -0.326105 -0.032220 0.190391
v -0.324152 -0.040031 0.166958
v -0.372970 -0.024409 0.237256
v -0.328058 -0.036125 0.170863
v -0.355396 -0.016598 0.229445
v -0.335868 -0.018551 0.211871
v -0.398356 -0.018551 0.241161
v -0.372970 -0.016598 0.239209
v -0.456937 -0.032220 0.213823
v -0.431552 -0.024409 0.231398
v -0.324152 -0.024409 0.188438
v -0.474512 -0.049794 0.165005
v -0.470606 -0.040031 0.192343
v 0.095683 0.358325 0.079085
v 0.109353 0.371994 0.069322
v 0.082014 0.385663 0.077133
v 0.039054 0.383710 0.096660
v 0.052724 0.352467 0.096660
v 0.011716 0.379805 0.106423
v 0.009764 0.432528 0.092754
v 0.042960 0.407143 0.086896
v 0.078109 0.420812 0.065416
v 0.097636 0.426670 0.055653
v 0.062487 0.432528 0.065416
v 0.091778 0.455961 0.045889
v 0.019527 0.323176 0.110329
v 0.097636 0.286074 0.081038
v 0.111305 0.286074 0.071274
v 0.124974 0.432528 0.028314
v 0.105447 0.231398 0.069322
v 0.072251 0.262641 0.090802
v 0.123022 0.286074 0.059558
v 0.142549 0.264594 0.043936
v 0.123022 0.358325 0.057605
v 0.113258 0.420812 0.040031
v 0.123022 0.383710 0.049794
v 0.160123 0.383710 0.020504
v 0.152312 0.352467 0.034173
v 0.181603 0.379805 -0.000976
v 0.171840 0.430576 -0.010740
v 0.150360 0.407143 0.018551
v 0.177698 0.325128 0.006835
v 0.697122 -0.381757 0.254830
v 0.699075 -0.354419 0.252878
v 0.697122 -0.409096 0.258736
v 0.702980 -0.329034 0.256783
v 0.710791 -0.307554 0.262641
v 0.701028 -0.436434 0.270452
v 0.701028 -0.442292 0.272405
v 0.701028 -0.481346 0.303649
v -0.068345 0.659044 -0.026362
v -0.072251 0.692240 -0.045889
v -0.056629 0.694193 -0.030267
v -0.107400 0.672713 -0.088849
v -0.103494 0.684430 -0.088849
v -0.046865 0.670761 0.002929
v -0.111305 0.676619 -0.118140
v 0.259712 0.137667 -0.467677
v 0.230421 0.176721 -0.444245
v 0.247996 0.182580 -0.465725
v 0.240185 0.133762 -0.442292
v 0.216752 0.174769 -0.420812
v 0.226516 0.133762 -0.416906
v 0.208941 0.178674 -0.395427
v 0.218705 0.137667 -0.385663
v 0.212847 0.202107 -0.452055
v 0.203083 0.194296 -0.424717
v 0.205036 0.209918 -0.452055
v 0.197225 0.200154 -0.422765
v 0.201131 0.188438 -0.393474
v 0.228469 0.211871 -0.473535
v 0.220658 0.219681 -0.475488
v 0.283145 0.145478 -0.485252
v 0.269476 0.192343 -0.483299
v 0.247996 0.225540 -0.489157
v 0.283145 0.141572 -0.485252
v 0.240185 0.233350 -0.493063
v 0.269476 0.241161 -0.498921
v 0.290956 0.207965 -0.493063
v 0.308530 0.170863 -0.502826
v 0.314388 0.153289 -0.495015
v 0.316341 0.147431 -0.495015
v 0.287050 0.133762 -0.485252
v 0.261665 0.125951 -0.467677
v 0.259712 0.133762 -0.469630
v 0.240185 0.122045 -0.442292
v 0.238232 0.129856 -0.442292
v 0.228469 0.122045 -0.414954
v 0.224563 0.129856 -0.416906
v 0.318294 0.139620 -0.493063
v 0.218705 0.125951 -0.383710
v 0.263618 0.248972 -0.502826
v 0.330010 0.182580 -0.506732
v 0.339774 0.165005 -0.500874
v 0.289003 0.256783 -0.502826
v 0.310483 0.221634 -0.495015
v 0.355396 0.149383 -0.491110
v 0.283145 0.266547 -0.506732
v 0.353443 0.190391 -0.506732
v 0.363207 0.131809 -0.487205
v 0.304625 0.282169 -0.504779
v 0.330010 0.235303 -0.491110
v 0.308530 0.272405 -0.498921
v 0.380781 0.155242 -0.479394
v 0.384687 0.143525 -0.477441
v 0.328058 0.288027 -0.491110
v 0.374923 0.202107 -0.498921
v 0.347585 0.248972 -0.483299
v 0.386639 0.137667 -0.479394
v 0.382734 0.118140 -0.469630
v 0.351490 0.133762 -0.467677
v 0.324152 0.297790 -0.496968
v 0.410072 0.123998 -0.454008
v 0.074203 0.612179 -0.098613
v 0.076156 0.623895 -0.127903
v 0.074203 0.649281 -0.110329
v 0.072251 0.635612 -0.084943
v 0.070298 0.662950 -0.137667
v 0.072251 0.637564 -0.157194
v 0.074203 0.657091 -0.108376
v 0.074203 0.643422 -0.079085
v 0.072251 0.676619 -0.135714
v 0.072251 0.633659 -0.063464
v 0.082014 0.588746 -0.102518
v 0.083967 0.604368 -0.137667
v 0.078109 0.619990 -0.170863
v 0.060534 0.674666 -0.163052
v 0.060534 0.649281 -0.182580
v 0.064440 0.633659 -0.198201
v 0.044913 0.678571 -0.186485
v 0.044913 0.659044 -0.202107
v 0.046865 0.643422 -0.217729
v 0.068345 0.575077 -0.069322
v 0.060534 0.602415 -0.067369
v 0.064440 0.623895 -0.065416
v 0.035149 0.594604 -0.040031
v 0.037102 0.616084 -0.036125
v 0.480370 -0.118140 -0.360277
v 0.454985 -0.045889 -0.354419
v 0.490134 -0.114234 -0.332939
v 0.458890 -0.040031 -0.327081
v 0.495992 -0.094707 -0.307554
v 0.443268 -0.051747 -0.373947
v 0.468654 -0.129856 -0.375899
v 0.429599 -0.057605 -0.387616
v 0.449126 -0.129856 -0.393474
v 0.490134 -0.123998 -0.313412
v 0.497945 -0.157194 -0.293885
v 0.490134 -0.155242 -0.305601
v 0.480370 -0.184532 -0.282169
v 0.474512 -0.182580 -0.293885
v 0.410072 -0.063464 -0.395427
v 0.431552 -0.125951 -0.405190
v 0.458890 -0.200154 -0.270452
v 0.453032 -0.198201 -0.282169
v 0.433505 -0.206012 -0.254830
v -0.337821 0.110329 0.047842
v -0.361254 0.135714 0.014645
v -0.335868 0.143525 0.030267
v -0.363207 0.104471 0.032220
v -0.318294 0.118140 0.069322
v -0.316341 0.153289 0.051747
v -0.372970 0.139620 0.006835
v -0.390545 0.131809 0.008787
v -0.390545 0.100565 0.026362
v -0.398356 0.137667 0.004882
v -0.421788 0.131809 0.010740
v -0.419836 0.100565 0.028314
v -0.425694 0.139620 0.008787
v -0.330010 -0.141572 0.147431
v -0.343679 -0.112282 0.145478
v -0.330010 -0.123998 0.145478
v -0.320247 -0.135714 0.151336
v -0.328058 -0.112282 0.149383
v -0.316341 -0.122045 0.153289
v -0.343679 -0.102518 0.155242
v -0.326105 -0.165005 0.165005
v -0.316341 -0.153289 0.163052
v 0.320247 0.334892 -0.286074
v 0.331963 0.354419 -0.321223
v 0.333916 0.368088 -0.350514
v 0.330010 0.375899 -0.377852
v 0.318294 0.377852 -0.403237
v 0.298767 0.375899 -0.422765
v 0.275334 0.371994 -0.436434
v 0.249949 0.362230 -0.444245
v 0.206989 0.342703 -0.448150
v 0.308530 0.383710 -0.438386
v 0.331963 0.385663 -0.413001
v 0.279239 0.377852 -0.454008
v 0.347585 0.383710 -0.379805
v 0.251901 0.368088 -0.461819
v 0.351490 0.373947 -0.346608
v 0.208941 0.350514 -0.467677
v 0.351490 0.358325 -0.315365
v 0.337821 0.334892 -0.278263
v 0.330010 0.368088 -0.293885
v 0.345632 0.375899 -0.307554
v 0.335868 0.381757 -0.309507
v 0.337821 0.364183 -0.291932
v 0.347585 0.391521 -0.338798
v 0.337821 0.397379 -0.338798
v 0.333916 0.407143 -0.370041
v 0.312436 0.409096 -0.268499
v 0.306578 -0.114234 -0.459866
v 0.292909 -0.110329 -0.473535
v 0.326105 -0.110329 -0.467677
v 0.314388 -0.106423 -0.483299
v 0.306578 -0.102518 -0.510637
v 0.287050 -0.108376 -0.500874
v 0.279239 -0.104471 -0.461819
v 0.267523 -0.102518 -0.487205
v 0.289003 -0.106423 -0.446197
v 0.324152 -0.104471 -0.455961
v 0.304625 -0.106423 -0.450103
v 0.359301 -0.125951 -0.362230
v 0.374923 -0.123998 -0.354419
v 0.341727 -0.120092 -0.354419
v 0.341727 -0.122045 -0.348561
v 0.371017 -0.133762 -0.346608
v 0.349538 -0.129856 -0.352467
v 0.390545 -0.127903 -0.348561
v 0.222610 -0.145478 -0.118140
v 0.210894 -0.122045 -0.106423
v 0.191367 -0.219681 -0.098613
v 0.191367 -0.082991 -0.094707
v 0.162076 -0.065416 -0.081038
v 0.175745 -0.049794 -0.079085
v 0.169887 -0.051747 -0.073227
v 0.152312 -0.043936 -0.069322
v 0.216752 -0.081038 -0.088849
v 0.101542 -0.248972 -0.100565
v 0.142549 -0.237256 -0.094707
v 0.119116 -0.118140 -0.081038
v 0.082014 -0.131809 -0.086896
v 0.117163 -0.311459 -0.114234
v 0.156218 -0.299743 -0.108376
v 0.138643 -0.373947 -0.129856
v 0.177698 -0.360277 -0.125951
v 0.160123 -0.420812 -0.145478
v 0.197225 -0.401285 -0.141572
v 0.185509 -0.219681 -0.104471
v 0.152312 -0.102518 -0.088849
v 0.158171 -0.067369 -0.086896
v 0.191367 -0.235303 -0.110329
v 0.203083 -0.282169 -0.122045
v 0.208941 -0.270452 -0.120092
v 0.138643 -0.020504 -0.040031
v -0.339774 0.395427 -0.153289
v -0.394450 0.403237 -0.090802
v -0.384687 0.403237 -0.082991
v -0.330010 0.395427 -0.145478
v 0.142549 0.291932 0.043936
v 0.173792 0.313412 0.012693
v 0.142549 0.338798 0.043936
v 0.044913 0.114234 0.067369
v 0.013669 0.120092 0.077133
v -0.232374 0.592652 0.016598
v -0.275334 0.590699 -0.016598
v -0.214800 0.582888 0.036125
v -0.197225 0.567266 0.051747
v 0.249949 -0.903135 -0.250925
v 0.283145 -0.879702 -0.258736
v 0.267523 -0.877749 -0.268499
v 0.234327 -0.901182 -0.262641
v 0.257760 -0.875796 -0.276310
v 0.263618 -0.901182 -0.243114
v 0.300719 -0.854317 -0.293885
v 0.316341 -0.858222 -0.286074
v 0.298767 -0.881655 -0.254830
v 0.275334 -0.905087 -0.237256
v 0.328058 -0.864080 -0.280216
v 0.363207 -0.871891 -0.254830
v 0.306578 -0.907040 -0.225540
v 0.265570 -0.924615 -0.231398
v 0.292909 -0.924615 -0.219681
v 0.255807 -0.924615 -0.237256
v 0.242138 -0.924615 -0.243114
v 0.224563 -0.920709 -0.260689
v 0.218705 -0.893371 -0.262641
v 0.206989 -0.914851 -0.262641
v 0.181603 -0.903135 -0.282169
v 0.195272 -0.881655 -0.284121
v 0.242138 -0.869938 -0.272405
v 0.218705 -0.860175 -0.289979
v -0.179651 0.147431 -0.014645
v -0.191367 0.149383 -0.047842
v -0.193320 0.149383 -0.081038
v -0.191367 0.147431 -0.112282
v -0.177698 0.145478 -0.155242
v -0.162076 0.145478 -0.184532
v -0.128880 0.143525 -0.227492
v -0.089825 0.143525 -0.260689
v -0.052724 0.145478 -0.280216
v -0.027338 0.147431 -0.289979
v 0.035149 0.151336 -0.295838
v 0.072251 0.151336 -0.289979
v 0.103494 0.151336 -0.278263
v 0.132785 0.151336 -0.258736
v 0.160123 0.149383 -0.227492
v 0.074203 0.147431 -0.295838
v 0.035149 0.147431 -0.301696
v 0.265570 -0.368088 -0.188438
v 0.263618 -0.370041 -0.233350
v 0.271429 -0.332939 -0.170863
v 0.242138 -0.375899 -0.141572
v 0.201131 -0.403237 -0.129856
v 0.156218 -0.426670 -0.133762
v 0.123022 -0.438386 -0.151336
v 0.093731 -0.444245 -0.176721
v 0.070298 -0.444245 -0.209918
v 0.058582 -0.442292 -0.245067
v 0.056629 -0.434481 -0.280216
v 0.068345 -0.424717 -0.313412
v 0.091778 -0.413001 -0.340750
v 0.058582 -0.450103 -0.245067
v 0.058582 -0.442292 -0.282169
v 0.093731 -0.420812 -0.342703
v 0.070298 -0.432528 -0.315365
v -0.421788 0.377852 -0.030267
v -0.431552 0.389568 -0.012693
v -0.400308 0.418859 -0.043936
v -0.408119 0.436434 -0.020504
v -0.437410 0.403237 0.016598
v -0.400308 0.457914 0.004882
v -0.390545 0.477441 0.004882
v -0.447174 0.399332 0.016598
v -0.454985 0.385663 0.020504
v -0.441316 0.385663 -0.014645
v -0.451079 0.375899 -0.012693
v -0.427646 0.350514 -0.045889
v -0.429599 0.375899 -0.034173
v -0.390545 0.411048 -0.063464
v 0.183556 0.143525 -0.165005
v 0.187461 0.141572 -0.139620
v 0.183556 0.135714 -0.098613
v 0.169887 0.129856 -0.055653
v 0.154265 0.127903 -0.030267
v 0.154265 0.586793 -0.106423
v 0.152312 0.610226 -0.092754
v 0.134738 0.594604 -0.020504
v 0.126927 0.547739 -0.028314
v 0.160123 0.616084 -0.184532
v 0.083967 0.526259 0.028314
v 0.130832 0.643422 -0.241161
v 0.179651 0.534070 -0.073227
v 0.144502 0.508684 -0.006835
v 0.191367 0.547739 -0.100565
v 0.201131 0.571172 -0.149383
v 0.199178 0.588746 -0.186485
v 0.195272 0.604368 -0.221634
v 0.099589 0.485252 0.049794
v 0.013669 0.547739 0.045889
v 0.021480 0.508684 0.071274
v -0.050771 0.534070 0.077133
v -0.054676 0.573124 0.041984
v -0.078109 0.547739 0.071274
v -0.136691 0.616084 0.008787
v -0.246043 0.625848 -0.071274
v 0.117163 0.625848 -0.319270
v -0.251901 0.618037 -0.098613
v 0.097636 0.614132 -0.334892
v 0.056629 0.602415 -0.342703
v -0.247996 0.621942 -0.069322
v -0.240185 0.604368 -0.137667
v -0.255807 0.612179 -0.096660
v -0.218705 0.588746 -0.186485
v 0.013669 0.588746 -0.340750
v -0.244090 0.598510 -0.135714
v -0.222610 0.580935 -0.186485
v -0.261665 0.487205 -0.221634
v 0.244090 0.178674 -0.284121
v 0.267523 0.194296 -0.270452
v 0.246043 0.182580 -0.288027
v 0.228469 0.166958 -0.305601
v 0.230421 0.168911 -0.307554
v 0.220658 0.153289 -0.330987
v 0.218705 0.133762 -0.356372
v 0.222610 0.145478 -0.327081
v 0.216752 0.141572 -0.358325
v 0.216752 0.133762 -0.385663
v 0.230421 0.159147 -0.303649
v 0.222610 0.157194 -0.332939
v 0.218705 0.145478 -0.360277
v 0.591675 -0.426670 0.102518
v 0.568243 -0.479394 0.092754
v 0.074203 -0.711768 -0.332939
v 0.062487 -0.666855 -0.295838
v 0.054676 -0.666855 -0.327081
v 0.082014 -0.709815 -0.303649
v 0.078109 -0.660997 -0.268499
v 0.095683 -0.703957 -0.280216
v 0.076156 -0.705910 -0.364183
v 0.058582 -0.660997 -0.358325
v -0.306578 0.180627 0.102518
v -0.322199 0.221634 0.110329
v -0.320247 0.198201 0.131809
v -0.318294 0.151336 0.155242
v -0.306578 0.137667 0.120092
v -0.306578 0.166958 0.075180
v -0.308530 0.127903 0.092754
v -0.347585 0.239209 0.133762
v -0.345632 0.213823 0.155242
v -0.343679 0.165005 0.178674
v -0.296814 0.209918 0.045889
v -0.376876 0.250925 0.147431
v -0.376876 0.225540 0.168911
v -0.378828 0.178674 0.190391
v -0.412025 0.229445 0.172816
v -0.408119 0.184532 0.188438
v -0.423741 0.194296 0.196249
v 0.626824 -0.448150 0.155242
v 0.603392 -0.496968 0.149383
v 0.062487 -0.592652 0.016598
v 0.124974 -0.584841 -0.012693
v 0.160123 -0.582888 -0.030267
v -0.460843 0.270452 0.137667
v -0.513566 0.143525 0.122045
v 0.564337 -0.473535 0.086896
v 0.589723 -0.426670 0.100565
v 0.117163 -0.862127 -0.407143
v 0.109353 -0.864080 -0.387616
v 0.111305 -0.867986 -0.364183
v 0.124974 -0.877749 -0.338798
v 0.164029 -0.901182 -0.305601
v 0.111305 -0.901182 -0.411048
v 0.109353 -0.926567 -0.413001
v 0.599486 -0.493063 0.145478
v 0.624872 -0.446197 0.151336
v 0.105447 -0.084943 0.006835
v 0.103494 -0.061511 0.006835
v 0.156218 -0.057605 -0.038078
v 0.158171 -0.081038 -0.038078
v -0.000000 -0.016598 0.075180
v 0.025385 -0.008787 0.067369
v -0.001953 0.049794 0.065416
v -0.021480 -0.006835 0.084943
v 0.035149 0.022456 0.053700
v 0.066393 0.002929 0.041984
v -0.023433 -0.016598 0.084943
v -0.050771 -0.416906 0.082991
v 0.421788 -0.174769 -0.274358
v 0.439363 -0.172816 -0.284121
v 0.300719 -0.053700 -0.434481
v 0.378828 -0.075180 -0.338798
v 0.351490 -0.079085 -0.334892
v 0.359301 -0.096660 -0.307554
v 0.314388 -0.047842 -0.440339
v 0.380781 -0.098613 -0.278263
v 0.308530 -0.038078 -0.442292
v 0.296814 -0.034173 -0.454008
v 0.277287 -0.026362 -0.475488
v -0.015622 0.719579 -0.004882
v -0.025385 0.752775 -0.012693
v -0.031244 0.725437 -0.012693
v -0.054676 0.768397 -0.024409
v -0.021480 0.772302 -0.012693
v -0.054676 0.789877 -0.026362
v -0.054676 0.733248 -0.024409
v 0.011716 0.731295 -0.000976
v 0.013669 0.770349 -0.008787
v 0.011716 0.725437 -0.000976
v -0.033196 0.707862 -0.006835
v -0.050771 0.709815 -0.026362
v -0.041007 0.690288 -0.010740
v -0.013669 0.715673 0.000976
v 0.013669 0.715673 0.002929
v 0.031244 0.715673 0.002929
v 0.033196 0.719579 0.004882
v 0.033196 0.705910 0.008787
v 0.015622 0.705910 0.008787
v 0.017575 0.694193 0.008787
v 0.033196 0.696146 0.008787
v -0.019527 0.684430 0.002929
v -0.013669 0.696146 0.002929
v -0.019527 0.676619 0.004882
v -0.001953 0.703957 0.002929
v -0.003905 0.707862 0.006835
v -0.031244 0.705910 -0.000976
v -0.017575 0.698099 0.006835
v -0.041007 0.684430 -0.002929
v -0.023433 0.682477 0.006835
v -0.042960 0.664902 -0.004882
v -0.023433 0.674666 0.008787
v -0.029291 0.643422 0.010740
v 0.019527 0.657091 0.030267
v 0.017575 0.682477 0.020504
v -0.011716 0.623895 0.022456
v 0.019527 0.623895 0.034173
v 0.039054 0.657091 0.028314
v 0.035149 0.684430 0.018551
v 0.039054 0.623895 0.030267
v 0.019527 0.686382 0.016598
v 0.035149 0.686382 0.014645
v -0.068345 0.674666 -0.043936
v -0.085920 0.682477 -0.069322
v -0.052724 0.655139 -0.026362
v 0.021480 0.729342 0.026362
v -0.013669 0.782066 0.002929
v -0.044913 0.797688 -0.014645
v -0.015622 0.789877 0.004882
v 0.029291 0.778160 0.010740
v 0.029291 0.784018 0.010740
v -0.013669 0.795735 0.004882
v -0.027338 0.799640 0.000976
v -0.011716 0.801593 0.004882
v 0.027338 0.793782 0.006835
v 0.027338 0.801593 0.008787
v 0.017575 0.776208 0.006835
v 0.031244 0.735200 0.030267
v -0.031244 0.633659 -0.008787
v 0.074203 0.291932 0.090802
v 0.074203 0.338798 0.088849
v 0.042960 0.315365 0.104471
v 0.068345 0.801593 -0.020504
v 0.076156 0.799640 -0.032220
v 0.082014 0.797688 -0.057605
v -0.058582 0.789877 -0.012693
v 0.091778 0.789877 -0.065416
v 0.082014 0.789877 -0.073227
v 0.091778 0.709815 -0.067369
v -0.107400 0.789877 -0.069322
v -0.123022 0.817215 -0.137667
v -0.123022 0.789877 -0.137667
v -0.388592 0.239209 0.174769
v -0.376876 0.258736 0.165005
v -0.386639 0.211871 0.194296
v -0.343679 0.215776 0.176721
v -0.349538 0.243114 0.157194
v 0.048818 0.051747 0.071274
v 0.124974 0.053700 0.026362
v 0.083967 0.709815 -0.067369
v 0.083967 0.733248 -0.071274
v 0.083967 0.768397 -0.071274
v 0.085920 0.694193 -0.073227
v 0.095683 0.670761 -0.045889
v 0.091778 0.659044 -0.077133
v 0.080062 0.674666 -0.118140
v 0.078109 0.672713 -0.147431
v 0.224563 -0.155242 -0.112282
v 0.228469 -0.155242 -0.110329
v -0.398356 0.131809 -0.012693
v -0.398356 0.174769 -0.018551
v -0.371017 0.174769 -0.016598
v -0.369065 0.133762 -0.008787
v -0.343679 0.180627 -0.006835
v -0.339774 0.139620 0.000976
v -0.318294 0.149383 0.016598
v -0.431552 0.133762 -0.006835
v -0.427646 0.176721 -0.014645
v -0.398356 0.194296 -0.036125
v -0.369065 0.190391 -0.030267
v -0.396403 0.202107 -0.041984
v -0.367112 0.198201 -0.034173
v -0.341727 0.188438 -0.014645
v -0.339774 0.196249 -0.018551
v -0.425694 0.209918 -0.041984
v -0.425694 0.202107 -0.034173
v -0.314388 0.190391 0.016598
v -0.300719 0.161100 0.036125
v -0.310483 0.200154 0.012693
v -0.292909 0.202107 0.047842
v -0.290956 0.174769 0.057605
v -0.460843 0.137667 0.006835
v -0.453032 0.184532 -0.004882
v -0.451079 0.213823 -0.026362
v -0.451079 0.219681 -0.034173
v 0.171840 0.411048 -0.444245
v -0.425694 0.454008 -0.032220
v -0.412025 0.434481 -0.055653
v -0.412025 0.428623 -0.049794
v -0.423741 0.444245 -0.026362
v -0.431552 0.459866 0.000976
v -0.427646 0.469630 0.034173
v -0.408119 0.473535 0.075180
v 0.283145 0.434481 -0.215776
v 0.294861 0.461819 -0.237256
v 0.300719 0.440339 -0.209918
v 0.310483 0.469630 -0.229445
v 0.316341 0.498921 -0.260689
v 0.322199 0.520401 -0.299743
v 0.318294 0.534070 -0.336845
v 0.310483 0.543834 -0.366136
v 0.285098 0.543834 -0.391521
v 0.251901 0.532117 -0.414954
v 0.005858 0.379805 0.094707
v 0.003905 0.430576 0.081038
v 0.013669 0.323176 0.098613
v 0.734224 -0.202107 0.278263
v 0.669784 -0.178674 0.180627
v 0.615108 -0.178674 0.217729
v 0.673690 -0.202107 0.323176
v 0.308530 0.397379 -0.243114
v 0.277287 0.418859 -0.235303
v 0.318294 0.405190 -0.239209
v 0.255807 0.455961 -0.176721
v 0.277287 0.383710 -0.245067
v 0.273381 0.330987 -0.254830
v 0.253854 0.360277 -0.231398
v 0.218705 0.332939 -0.229445
v 0.246043 0.297790 -0.254830
v 0.281192 0.309507 -0.264594
v 0.283145 0.301696 -0.268499
v 0.310483 0.313412 -0.289979
v 0.298767 0.436434 -0.225540
v 0.253854 0.276310 -0.254830
v 0.306578 0.260689 -0.274358
v 0.271429 0.245067 -0.270452
v 0.326105 0.237256 -0.295838
v 0.296814 0.219681 -0.293885
v 0.316341 0.422765 -0.241161
v 0.314388 0.434481 -0.256783
v 0.320247 0.454008 -0.280216
v 0.328058 0.450103 -0.280216
v 0.322199 0.430576 -0.254830
v 0.148407 -0.055653 -0.006835
v 0.136691 -0.057605 -0.014645
v 0.132785 -0.668808 -0.420812
v 0.121069 -0.625848 -0.420812
v 0.158171 -0.655139 -0.420812
v 0.150360 -0.614132 -0.418859
v 0.093731 -0.639517 -0.409096
v 0.107400 -0.682477 -0.411048
v 0.072251 -0.651233 -0.387616
v 0.087873 -0.696146 -0.391521
v 0.185509 -0.645375 -0.407143
v 0.177698 -0.604368 -0.409096
v 0.134738 -0.670761 -0.409096
v 0.158171 -0.657091 -0.409096
v 0.121069 -0.625848 -0.407143
v 0.146454 -0.614132 -0.409096
v 0.097636 -0.637564 -0.397379
v 0.113258 -0.682477 -0.399332
v 0.078109 -0.649281 -0.379805
v 0.095683 -0.694193 -0.381757
v -0.064440 -0.079085 0.110329
v -0.066393 -0.073227 0.092754
v -0.054676 -0.071274 0.114234
v -0.042960 -0.030267 0.077133
v -0.085920 -0.135714 0.106423
v -0.080062 -0.131809 0.120092
v -0.041007 -0.024409 0.098613
v -0.060534 -0.071274 0.123998
v -0.044913 -0.022456 0.106423
v -0.089825 -0.139620 0.125951
v -0.095683 -0.139620 0.114234
v -0.062487 -0.141572 0.094707
v -0.039054 -0.139620 0.077133
v -0.062487 -0.118140 0.094707
v -0.039054 -0.166958 0.077133
v -0.062487 -0.168911 0.094707
v -0.039054 -0.112282 0.077133
v -0.017575 -0.137667 0.059558
v -0.017575 -0.163052 0.059558
v -0.017575 -0.108376 0.059558
v -0.017575 -0.024409 0.059558
v -0.087873 -0.145478 0.108376
v -0.085920 -0.170863 0.108376
v -0.111305 -0.147431 0.116187
v -0.015622 -0.018551 0.067369
v -0.027338 -0.018551 0.098613
v -0.031244 -0.014645 0.110329
v -0.019527 -0.008787 0.096660
v -0.048818 -0.014645 0.112282
v -0.068345 -0.010740 0.112282
v -0.187461 -0.444245 -0.082991
v -0.222610 -0.436434 -0.081038
v -0.220658 -0.432528 -0.086896
v -0.185509 -0.440339 -0.086896
v -0.195272 -0.457914 -0.071274
v -0.162076 -0.467677 -0.059558
v -0.152312 -0.452055 -0.071274
v -0.150360 -0.448150 -0.075180
v -0.121069 -0.454008 -0.045889
v -0.119116 -0.452055 -0.049794
v -0.251901 -0.420812 -0.071274
v -0.251901 -0.424717 -0.067369
v -0.279239 -0.411048 -0.040031
v -0.279239 -0.407143 -0.043936
v -0.292909 -0.395427 -0.004882
v -0.294861 -0.383710 0.032220
v 0.171840 0.452055 -0.448150
v 0.197225 0.487205 -0.444245
v 0.224563 0.512590 -0.434481
v -0.331963 -0.657091 -0.026362
v -0.333916 -0.614132 -0.034173
v -0.328058 -0.625848 -0.061511
v -0.328058 -0.670761 -0.053700
v -0.314388 -0.637564 -0.086896
v -0.314388 -0.682477 -0.077133
v -0.290956 -0.649281 -0.104471
v -0.290956 -0.694193 -0.092754
v -0.394450 0.293885 0.153289
v -0.372970 0.266547 0.170863
v -0.298767 0.233350 0.108376
v -0.316341 0.247020 0.143525
v -0.292909 0.229445 0.112282
v -0.294861 0.221634 0.073227
v -0.289003 0.215776 0.075180
v -0.347585 0.254830 0.165005
v -0.287050 0.207965 0.122045
v -0.281192 0.184532 0.082991
v -0.285098 0.188438 0.082991
v -0.287050 0.172816 0.057605
v -0.298767 0.157194 0.036125
v -0.316341 0.145478 0.014645
v -0.337821 0.135714 -0.000976
v -0.367112 0.129856 -0.010740
v -0.398356 0.127903 -0.014645
v -0.431552 0.129856 -0.008787
v -0.296814 0.151336 0.038078
v -0.285098 0.165005 0.059558
v -0.367112 0.122045 -0.008787
v -0.337821 0.127903 0.002929
v -0.279239 0.176721 0.086896
v -0.314388 0.137667 0.018551
v -0.398356 0.120092 -0.010740
v 0.173792 -0.106423 -0.004882
v 0.171840 -0.079085 -0.004882
v 0.173792 -0.108376 -0.004882
v 0.136691 -0.110329 0.026362
v 0.134738 -0.082991 0.028314
v 0.136691 -0.112282 0.026362
v -0.167934 -0.696146 -0.045889
v -0.144502 -0.651233 -0.034173
v -0.156218 -0.657091 -0.057605
v -0.183556 -0.703957 -0.069322
v -0.173792 -0.662950 -0.082991
v -0.232374 -0.707862 -0.098613
v -0.230421 -0.662950 -0.112282
v -0.199178 -0.664902 -0.102518
v -0.206989 -0.707862 -0.088849
v -0.263618 -0.702004 -0.100565
v -0.261665 -0.657091 -0.114234
v 0.361254 -0.157194 -0.371994
v 0.357348 -0.143525 -0.366136
v 0.376876 -0.149383 -0.381757
v 0.343679 -0.139620 -0.356372
v 0.386639 -0.159147 -0.389568
v 0.343679 -0.155242 -0.356372
v 0.400308 -0.129856 -0.401285
v 0.413977 -0.127903 -0.409096
v 0.396403 -0.069322 -0.399332
v 0.337821 -0.114234 -0.338798
v 0.396403 -0.127903 -0.385663
v 0.394450 -0.133762 -0.360277
v 0.341727 -0.110329 -0.329034
v -0.214800 -0.110329 -0.131809
v -0.206989 -0.102518 -0.131809
v -0.230421 -0.135714 -0.116187
v -0.173792 -0.489157 -0.051747
v -0.206989 -0.477441 -0.059558
v -0.197225 -0.473535 -0.069322
v -0.228469 -0.463772 -0.067369
v -0.240185 -0.469630 -0.053700
v -0.162076 -0.483299 -0.059558
v 0.226516 -0.377852 -0.303649
v 0.251901 -0.373947 -0.284121
v -0.244090 0.393474 0.135714
v 0.384687 0.233350 -0.264594
v 0.406166 0.235303 -0.284121
v 0.404214 0.241161 -0.286074
v 0.423741 0.252878 -0.315365
v 0.394450 0.256783 -0.293885
v 0.394450 0.282169 -0.323176
v 0.410072 0.227492 -0.278263
v 0.372970 0.254830 -0.276310
v 0.382734 0.237256 -0.268499
v 0.384687 0.268499 -0.301696
v 0.427646 0.231398 -0.309507
v 0.433505 0.223587 -0.301696
v 0.402261 0.288027 -0.354419
v 0.441316 0.254830 -0.350514
v 0.386639 0.225540 -0.262641
v 0.388592 0.313412 -0.329034
v 0.380781 0.297790 -0.309507
v 0.445221 0.215776 -0.338798
v 0.390545 0.327081 -0.360277
v 0.404214 0.289979 -0.385663
v 0.454985 0.206012 -0.332939
v 0.435457 0.215776 -0.297790
v 0.410072 0.221634 -0.278263
v 0.447174 0.252878 -0.389568
v 0.388592 0.330987 -0.395427
v 0.451079 0.200154 -0.370041
v 0.458890 0.190391 -0.366136
v 0.462795 0.184532 -0.364183
v 0.390545 0.332939 -0.358325
v 0.396403 0.286074 -0.418859
v 0.388592 0.338798 -0.395427
v 0.382734 0.342703 -0.389568
v 0.445221 0.186485 -0.405190
v 0.451079 0.176721 -0.403237
v 0.378828 0.327081 -0.426670
v 0.454985 0.170863 -0.403237
v 0.441316 0.243114 -0.424717
v 0.384687 0.276310 -0.446197
v 0.380781 0.336845 -0.428623
v 0.374923 0.342703 -0.424717
v 0.365159 0.317318 -0.454008
v 0.429599 0.174769 -0.436434
v 0.435457 0.163052 -0.434481
v 0.451079 0.147431 -0.395427
v 0.437410 0.157194 -0.436434
v 0.425694 0.231398 -0.455961
v 0.365159 0.327081 -0.455961
v 0.359301 0.334892 -0.452055
v 0.435457 0.135714 -0.426670
v 0.367112 0.262641 -0.467677
v 0.347585 0.303649 -0.475488
v 0.406166 0.163052 -0.461819
v 0.410072 0.151336 -0.461819
v 0.345632 0.313412 -0.479394
v 0.412025 0.145478 -0.463772
v 0.402261 0.217729 -0.481346
v 0.341727 0.321223 -0.473535
v -0.415930 0.188438 0.190391
v 0.076156 0.385663 0.065416
v 0.033196 0.383710 0.082991
v 0.290956 0.473535 -0.366136
v 0.281192 0.471583 -0.371994
v 0.277287 0.475488 -0.381757
v 0.298767 0.463772 -0.346608
v 0.261665 0.467677 -0.397379
v 0.244090 0.454008 -0.416906
v 0.220658 0.434481 -0.434481
v 0.195272 0.418859 -0.438386
v 0.310483 0.450103 -0.319270
v 0.316341 0.426670 -0.293885
v -0.421788 0.381757 0.071274
v -0.408119 0.381757 0.088849
v -0.386639 0.375899 0.106423
v -0.361254 0.364183 0.118140
v -0.324152 0.342703 0.123998
v -0.433505 0.379805 0.051747
v -0.439363 0.375899 0.022456
v -0.316341 -0.670761 -0.047842
v -0.318294 -0.625848 -0.059558
v -0.320247 -0.659044 -0.022456
v -0.320247 -0.616084 -0.034173
v -0.396403 0.465725 0.069322
v -0.382734 0.469630 0.102518
v -0.413977 0.461819 0.034173
v -0.415930 0.454008 0.004882
v -0.374923 0.463772 0.092754
v -0.353443 0.459866 0.118140
v -0.349538 0.455961 0.108376
v -0.324152 0.442292 0.129856
v -0.298767 0.422765 0.135714
v -0.273381 0.413001 0.137667
v -0.062487 0.623895 -0.041984
v -0.044913 0.649281 -0.036125
v -0.066393 0.662950 -0.051747
v -0.083967 0.637564 -0.059558
v -0.083967 0.674666 -0.073227
v -0.099589 0.649281 -0.081038
v -0.064440 0.676619 -0.049794
v -0.042960 0.657091 -0.032220
v -0.035149 0.612179 -0.030267
v -0.021480 0.635612 -0.024409
v -0.021480 0.643422 -0.020504
v -0.074203 0.604368 -0.038078
v -0.099589 0.619990 -0.059558
v -0.042960 0.588746 -0.024409
v -0.115211 0.633659 -0.084943
v -0.109353 0.659044 -0.102518
v -0.095683 0.678571 -0.096660
v -0.124974 0.643422 -0.108376
v -0.001953 0.633659 -0.012693
v -0.101542 0.682477 -0.122045
v -0.003905 0.575077 -0.022456
v -0.000000 0.602415 -0.028314
v -0.000000 0.623895 -0.022456
v 0.261665 -0.629753 -0.248972
v 0.226516 -0.619990 -0.221634
v 0.189414 -0.604368 -0.206012
v 0.195272 -0.604368 -0.198201
v 0.232374 -0.619990 -0.215776
v 0.150360 -0.578983 -0.194296
v 0.138643 -0.571172 -0.196249
v 0.273381 -0.598510 -0.291932
v 0.255807 -0.559455 -0.329034
v 0.232374 -0.379805 -0.299743
v -0.044913 0.041984 -0.282169
v -0.017575 -0.002929 -0.321223
v -0.011716 -0.014645 -0.327081
v 0.001953 -0.020504 -0.327081
v 0.007811 -0.069322 -0.336845
v -0.007811 -0.006835 -0.340750
v -0.013669 -0.000976 -0.334892
v 0.023433 -0.073227 -0.354419
v 0.017575 -0.075180 -0.336845
v 0.035149 -0.081038 -0.346608
v 0.001953 -0.008787 -0.344656
v 0.033196 -0.081038 -0.332939
v 0.249949 0.165005 -0.286074
v 0.273381 0.176721 -0.268499
v 0.308530 0.192343 -0.252878
v 0.349538 0.209918 -0.252878
v 0.384687 0.219681 -0.264594
v 0.236280 0.153289 -0.305601
v 0.351490 0.215776 -0.248972
v 0.308530 0.198201 -0.248972
v 0.228469 0.141572 -0.329034
v 0.224563 0.129856 -0.356372
v 0.224563 0.122045 -0.383710
v 0.234327 0.120092 -0.413001
v 0.246043 0.120092 -0.438386
v 0.265570 0.123998 -0.461819
v 0.290956 0.129856 -0.477441
v 0.318294 0.135714 -0.485252
v 0.318294 0.143525 -0.473535
v 0.269476 0.182580 -0.264594
v 0.246043 0.170863 -0.282169
v 0.070298 0.291932 0.079085
v 0.070298 0.338798 0.077133
v 0.089825 0.286074 0.067369
v 0.087873 0.358325 0.067369
v 0.064440 0.262641 0.077133
v 0.037102 0.405190 0.073227
v 0.054676 0.430576 0.055653
v 0.072251 0.418859 0.053700
v -0.078109 0.471583 0.082991
v -0.042960 0.395427 0.100565
v -0.021480 0.362230 0.102518
v -0.087873 0.414954 0.096660
v -0.041007 0.305601 0.104471
v -0.070298 0.346608 0.104471
v -0.103494 0.370041 0.100565
v 0.027338 0.262641 0.090802
v -0.027338 0.252878 0.096660
v 0.048818 0.209918 0.077133
v -0.019527 0.200154 0.084943
v 0.046865 0.352467 0.082991
v 0.037102 0.315365 0.092754
v -0.093731 0.295838 0.096660
v -0.080062 0.248972 0.090802
v -0.064440 0.196249 0.081038
v -0.126927 0.334892 0.090802
v -0.091778 0.416906 0.104471
v -0.107400 0.371994 0.108376
v -0.080062 0.475488 0.090802
v -0.132785 0.336845 0.098613
v -0.164029 0.303649 0.077133
v 0.124974 0.133762 0.028314
v -0.292909 -0.065416 0.168911
v -0.339774 -0.045889 0.151336
v -0.308530 -0.075180 0.157194
v -0.273381 -0.112282 0.172816
v -0.287050 -0.112282 0.165005
v -0.343679 -0.079085 0.149383
v -0.404214 -0.063464 0.133762
v -0.277287 -0.143525 0.178674
v -0.289003 -0.137667 0.168911
v -0.384687 -0.084943 0.147431
v -0.423741 -0.094707 0.131809
v -0.404214 -0.104471 0.143525
v -0.443268 -0.081038 0.135714
v -0.433505 -0.069322 0.133762
v -0.431552 -0.139620 0.155242
v -0.304625 -0.110329 0.168911
v -0.318294 -0.100565 0.168911
v -0.302672 -0.122045 0.166958
v -0.330010 -0.096660 0.168911
v -0.447174 -0.141572 0.159147
v -0.421788 -0.147431 0.157194
v -0.408119 -0.135714 0.161100
v -0.417883 -0.133762 0.159147
v -0.432585 -0.157946 0.156270
v -0.302672 -0.149383 0.176721
v -0.380781 -0.098613 0.165005
v -0.355396 -0.098613 0.170863
v -0.369065 -0.100565 0.168911
v 0.343679 -0.059558 -0.342703
v 0.376876 -0.053700 -0.327081
v 0.367112 -0.045889 -0.299743
v 0.353443 -0.067369 -0.364183
v 0.341727 -0.055653 -0.319270
v 0.349538 -0.049794 -0.297790
v 0.363207 -0.043936 -0.280216
v 0.337821 -0.053700 -0.342703
v 0.347585 -0.061511 -0.368088
v 0.337821 -0.047842 -0.319270
v 0.345632 -0.043936 -0.297790
v 0.359301 -0.038078 -0.278263
v 0.382734 -0.038078 -0.266547
v 0.378828 -0.030267 -0.264594
v 0.406166 -0.030267 -0.262641
v 0.404214 -0.024409 -0.260689
v 0.390545 -0.067369 -0.405190
v 0.365159 -0.063464 -0.393474
v 0.388592 -0.061511 -0.409096
v 0.369065 -0.069322 -0.389568
v 0.415930 -0.061511 -0.409096
v 0.441316 -0.053700 -0.399332
v 0.460843 -0.045889 -0.381757
v 0.472559 -0.038078 -0.356372
v 0.476465 -0.030267 -0.321223
v 0.464748 -0.024409 -0.291932
v 0.451079 -0.024409 -0.278263
v 0.429599 -0.026362 -0.266547
v 0.429599 -0.018551 -0.264594
v 0.451079 -0.016598 -0.276310
v 0.441316 -0.047842 -0.405190
v 0.413977 -0.055653 -0.413001
v 0.466701 -0.016598 -0.291932
v 0.478417 -0.022456 -0.323176
v 0.462795 -0.038078 -0.385663
v 0.474512 -0.030267 -0.360277
v -0.413977 0.403237 0.036125
v -0.216752 -0.079085 -0.133762
v -0.197225 -0.014645 -0.174769
v -0.203083 -0.024409 -0.155242
v -0.212847 -0.018551 -0.172816
v -0.206989 -0.006835 -0.180627
v -0.152312 0.081038 -0.194296
v -0.216752 -0.069322 -0.153289
v -0.226516 -0.077133 -0.147431
v -0.238232 -0.067369 -0.153289
v -0.218705 -0.020504 -0.159147
v -0.222610 -0.008787 -0.172816
v -0.240185 -0.075180 -0.135714
v -0.152312 0.038078 -0.192343
v -0.392497 0.557503 0.063464
v -0.394450 0.543834 0.024409
v -0.394450 0.530164 -0.008787
v -0.382734 0.555550 0.079085
v -0.357348 0.545786 0.094707
v -0.328058 0.530164 0.114234
v -0.290956 0.506732 0.127903
v -0.408119 0.518448 -0.038078
v -0.259712 0.473535 0.137667
v -0.402261 0.491110 -0.067369
v -0.394450 0.452055 -0.092754
v -0.265570 0.465725 0.122045
v -0.238232 0.442292 0.133762
v -0.189414 -0.598510 -0.077133
v -0.222610 -0.584841 -0.090802
v -0.173792 -0.596557 -0.088849
v -0.160123 -0.621942 -0.038078
v -0.150360 -0.614132 -0.067369
v -0.138643 -0.631706 -0.036125
v -0.285098 0.170863 0.086896
v -0.290956 0.159147 0.063464
v -0.287050 0.190391 0.123998
v -0.302672 0.145478 0.041984
v -0.304625 0.207965 0.161100
v -0.337821 0.219681 0.190391
v -0.318294 0.133762 0.022456
v -0.339774 0.123998 0.008787
v -0.369065 0.118140 -0.000976
v 0.169887 0.325128 -0.002929
v -0.183556 0.010740 0.065416
v -0.240185 0.008787 -0.028314
v -0.244090 0.004882 -0.065416
v -0.242138 -0.000976 -0.104471
v -0.236280 -0.008787 -0.102518
v -0.230421 -0.008787 -0.147431
v -0.226516 -0.016598 -0.143525
v -0.228469 -0.008787 -0.161100
v -0.246043 0.010740 -0.065416
v -0.328058 -0.873844 -0.028314
v -0.316341 -0.867986 -0.053700
v -0.300719 -0.864080 -0.069322
v -0.281192 -0.864080 -0.075180
v -0.257760 -0.862127 -0.081038
v -0.259712 -0.866033 -0.071274
v -0.232374 -0.867986 -0.063464
v -0.238232 -0.873844 -0.055653
v -0.331963 -0.879702 0.004882
v -0.222610 -0.879702 -0.030267
v -0.205036 -0.873844 -0.034173
v -0.197225 -0.897276 -0.000976
v -0.212847 -0.901182 -0.004882
v -0.351490 -0.034173 0.122045
v -0.372970 -0.041984 0.110329
v -0.396403 -0.047842 0.104471
v -0.419836 -0.047842 0.106423
v -0.335868 -0.024409 0.137667
v -0.328058 -0.014645 0.159147
v -0.328058 -0.006835 0.182580
v -0.419836 -0.069322 0.106423
v -0.443268 -0.067369 0.116187
v -0.462795 -0.041984 0.133762
v -0.464748 -0.059558 0.133762
v -0.472559 -0.032220 0.161100
v -0.394450 -0.067369 0.106423
v -0.369065 -0.061511 0.112282
v -0.347585 -0.053700 0.123998
v -0.330010 -0.043936 0.141572
v -0.322199 -0.032220 0.163052
v -0.468654 -0.022456 0.186485
v -0.456937 -0.014645 0.206012
v -0.431552 -0.006835 0.225540
v -0.400308 -0.000976 0.235303
v 0.039054 -0.125951 -0.344656
v 0.066393 -0.141572 -0.356372
v 0.347585 -0.043936 -0.368088
v 0.339774 -0.038078 -0.342703
v 0.363207 -0.045889 -0.393474
v 0.386639 -0.043936 -0.409096
v 0.339774 -0.032220 -0.321223
v 0.345632 -0.026362 -0.299743
v 0.361254 -0.016598 -0.288027
v 0.357348 -0.020504 -0.282169
v 0.378828 -0.010740 -0.276310
v 0.376876 -0.014645 -0.268499
v 0.400308 -0.004882 -0.272405
v 0.400308 -0.006835 -0.264594
v 0.412025 -0.000976 -0.270452
v 0.439363 -0.030267 -0.405190
v -0.220658 0.317318 0.006835
v -0.246043 0.319270 -0.049794
v -0.206989 0.321223 0.022456
v -0.330010 -0.157194 0.235303
v -0.341727 -0.155242 0.243114
v -0.306578 -0.157194 0.194296
v -0.292909 -0.157194 0.209918
v -0.308530 -0.153289 0.239209
v -0.326105 -0.166958 0.217729
v -0.361254 -0.135714 0.266547
v -0.343679 -0.131809 0.268499
v -0.372970 -0.125951 0.264594
v 0.632682 -0.299743 0.151336
v 0.636588 -0.280216 0.153289
v 0.626824 -0.313412 0.147431
v 0.617061 -0.332939 0.137667
v -0.095683 0.657091 -0.186485
v -0.087873 0.672713 -0.178674
v -0.064440 0.672713 -0.200154
v -0.070298 0.657091 -0.207965
v -0.058582 0.686382 -0.196249
v -0.082014 0.686382 -0.174769
v -0.035149 0.657091 -0.231398
v -0.031244 0.672713 -0.219681
v -0.029291 0.686382 -0.211870
v -0.115211 0.655139 -0.159147
v -0.103494 0.670761 -0.153289
v -0.095683 0.686382 -0.147431
v -0.124974 0.651233 -0.133762
v -0.111305 0.666855 -0.127903
v -0.003905 0.655139 -0.235303
v 0.023433 0.651233 -0.231398
v 0.099589 -0.018551 0.012693
v 0.105447 -0.016598 0.018551
v 0.060534 0.000976 0.036125
v 0.128880 -0.036125 -0.014645
v 0.138643 -0.034173 -0.008787
v -0.058582 0.709815 -0.014645
v 0.406166 0.004882 -0.268499
v 0.361254 0.079085 -0.270452
v 0.371017 0.082991 -0.262641
v 0.339774 0.069322 -0.274358
v 0.318294 0.059558 -0.286074
v 0.314388 0.063464 -0.284121
v 0.304625 0.082991 -0.280216
v 0.335868 0.073227 -0.270452
v 0.328058 0.092754 -0.266547
v 0.298767 0.088849 -0.278263
v 0.363207 0.102518 -0.258736
v 0.324152 0.098613 -0.262641
v 0.314388 0.118140 -0.256783
v 0.289003 0.106423 -0.272405
v 0.285098 0.112282 -0.272405
v 0.312436 0.123998 -0.254830
v 0.349538 0.131809 -0.248972
v 0.347585 0.139620 -0.247020
v 0.359301 0.112282 -0.256783
v 0.398356 0.036125 -0.272405
v 0.388592 0.149383 -0.260689
v 0.386639 0.157194 -0.258736
v 0.394450 0.127903 -0.272405
v 0.396403 0.114234 -0.278263
v 0.369065 0.108376 -0.262641
v 0.413977 0.038078 -0.282169
v 0.421788 0.000976 -0.276310
v 0.277287 -0.901182 -0.383710
v 0.287050 -0.877749 -0.354419
v 0.269476 -0.920709 -0.397379
v 0.089825 -0.473535 -0.219681
v 0.064440 -0.452055 -0.247020
v 0.078109 -0.467677 -0.252878
v 0.076156 -0.454008 -0.211870
v 0.113258 -0.475488 -0.188438
v 0.099589 -0.454008 -0.180627
v 0.062487 -0.444245 -0.282169
v 0.076156 -0.457914 -0.286074
v 0.072251 -0.452055 -0.209918
v 0.095683 -0.452055 -0.176721
v 0.128880 -0.448150 -0.153289
v 0.144502 -0.469630 -0.163052
v 0.124974 -0.446197 -0.151336
v 0.162076 -0.436434 -0.135714
v 0.160123 -0.434481 -0.131809
v 0.074203 -0.436434 -0.313412
v 0.097636 -0.424717 -0.340750
v 0.132785 -0.411048 -0.356372
v 0.085920 -0.448150 -0.315365
v 0.206989 -0.020504 -0.053700
v 0.191367 -0.008787 -0.047842
v -0.376876 0.000976 0.233350
v -0.357348 -0.000976 0.223587
v -0.218705 -0.487205 -0.069322
v -0.253854 -0.481346 -0.057605
v -0.257760 -0.483299 -0.059558
v -0.220658 -0.489157 -0.073227
v -0.179651 -0.498921 -0.065416
v -0.181603 -0.500874 -0.069322
v -0.263618 -0.493063 -0.061511
v -0.226516 -0.498921 -0.075180
v -0.376876 -0.172816 0.157194
v -0.386639 -0.168911 0.141572
v -0.369065 -0.176721 0.168911
v -0.361254 -0.153289 0.141572
v -0.372970 -0.149383 0.131809
v -0.353443 -0.165005 0.155242
v -0.396403 -0.159147 0.131809
v -0.384687 -0.141572 0.123998
v -0.414489 -0.165415 0.144983
v -0.355396 -0.131809 0.135714
v -0.345632 -0.143525 0.143525
v -0.376876 -0.182580 0.184532
v -0.351490 -0.176721 0.180627
v -0.341727 -0.161100 0.163052
v -0.355396 -0.168911 0.233350
v -0.316341 -0.166958 0.182580
v -0.339774 -0.174769 0.198201
v -0.378828 -0.143525 0.258736
v -0.372970 -0.159147 0.241161
v 0.142549 0.319270 -0.309507
v -0.267523 -0.133762 0.194296
v -0.269476 -0.106423 0.188438
v -0.290956 -0.061511 0.190391
v -0.275334 -0.102518 0.206012
v -0.275334 -0.118140 0.211871
v -0.304625 -0.926567 -0.079085
v -0.281192 -0.901182 -0.082991
v -0.281192 -0.926567 -0.086896
v -0.302672 -0.901182 -0.077133
v -0.304625 -0.932425 -0.079085
v -0.281192 -0.932425 -0.086896
v -0.320247 -0.901182 -0.059558
v -0.322199 -0.926567 -0.061511
v -0.322199 -0.932425 -0.061511
v -0.257760 -0.901182 -0.077133
v -0.255807 -0.926567 -0.081038
v -0.255807 -0.932425 -0.081038
v -0.247996 0.600462 -0.092754
v -0.240185 0.612179 -0.067369
v -0.238232 0.588746 -0.131809
v -0.218705 0.575077 -0.180627
v 0.169887 0.426670 -0.434481
v -0.054676 0.692240 -0.252878
v 0.013669 0.702004 -0.243114
v 0.013669 0.692240 -0.241161
v 0.070298 0.702004 -0.209918
v 0.070298 0.692240 -0.209918
v 0.103494 0.684430 -0.151336
v 0.101542 0.672713 -0.151336
v 0.109353 0.668808 -0.081038
v 0.109353 0.659044 -0.081038
v -0.050771 0.686382 -0.229445
v -0.091778 0.686382 -0.188438
v -0.115211 0.686382 -0.141572
v -0.001953 0.686382 -0.211870
v 0.013669 0.686382 -0.221634
v 0.056629 0.686382 -0.190391
v 0.064440 0.682477 -0.165005
v 0.413977 -0.170863 -0.266547
v 0.400308 -0.161100 -0.256783
v 0.421788 -0.192343 -0.276310
v 0.369065 -0.088849 -0.248972
v 0.380781 -0.118140 -0.254830
v 0.398356 -0.198201 -0.252878
v 0.371017 -0.170863 -0.233350
v 0.425694 -0.204060 -0.268499
v 0.382734 -0.114234 -0.264594
v 0.404214 -0.200154 -0.239209
v 0.162076 -0.061511 -0.047842
v 0.158171 -0.055653 -0.057605
v 0.279239 -0.088849 -0.436434
v 0.269476 -0.065416 -0.444245
v 0.269476 -0.086896 -0.450103
v 0.279239 -0.067369 -0.432528
v 0.253854 -0.086896 -0.477441
v 0.251901 -0.063464 -0.471583
v 0.292909 -0.098613 -0.440339
v 0.289003 -0.082991 -0.432528
v 0.337821 -0.106423 -0.344656
v 0.341727 -0.090802 -0.336845
v 0.347585 -0.098613 -0.325128
v 0.290956 -0.067369 -0.430576
v 0.355396 -0.110329 -0.315365
v 0.363207 -0.114234 -0.291932
v 0.347585 -0.116187 -0.313412
v 0.372970 -0.116187 -0.272405
v 0.365159 -0.116187 -0.280216
v 0.289003 -0.049794 -0.434481
v 0.279239 -0.045889 -0.446197
v 0.259712 -0.041984 -0.469630
v 0.173792 0.379805 -0.012693
v 0.656115 -0.500874 0.229445
v 0.046865 0.131809 0.075180
v 0.054676 0.061511 0.079085
v 0.052724 0.123998 0.081038
v 0.041007 0.118140 0.059558
v -0.216752 -0.629753 0.114234
v -0.179651 -0.618037 0.092754
v -0.259712 -0.596557 0.102518
v -0.285098 -0.559455 0.077133
v -0.150360 -0.602415 0.065416
v -0.177698 -0.692240 -0.041984
v -0.162076 -0.645375 -0.038078
v -0.167934 -0.653186 -0.053700
v -0.191367 -0.700051 -0.063464
v -0.181603 -0.659044 -0.075180
v -0.208941 -0.703957 -0.079085
v -0.203083 -0.660997 -0.092754
v -0.181603 -0.690288 -0.032220
v -0.132785 0.057605 -0.207965
v -0.091778 0.059558 -0.245067
v -0.042960 0.084943 -0.282169
v -0.214800 -0.000976 -0.178674
v -0.224563 -0.002929 -0.165005
v -0.003905 0.000976 -0.340750
v -0.228469 0.002929 -0.149383
v -0.230421 -0.002929 -0.149383
v -0.240185 0.010740 -0.104471
v -0.242138 0.004882 -0.104471
v 0.019527 -0.000976 -0.342703
v 0.074203 0.008787 -0.340750
v 0.021480 -0.006835 -0.342703
v 0.074203 0.002929 -0.340750
v 0.443268 -0.120092 -0.284121
v 0.042960 0.625848 -0.026362
v 0.042960 0.621942 -0.020504
v 0.074203 0.621942 -0.040031
v -0.011716 0.621942 -0.002929
v 0.080062 0.633659 -0.057605
v 0.080062 0.643422 -0.075180
v 0.066393 0.623895 0.012693
v 0.091778 0.623895 -0.022456
v 0.214800 0.192343 -0.340750
v 0.197225 0.196249 -0.393474
v 0.212847 0.200154 -0.338798
v 0.238232 0.204060 -0.301696
v 0.265570 0.215776 -0.278263
v 0.304625 0.209918 -0.254830
v 0.298767 0.229445 -0.264594
v 0.267523 0.190391 -0.266547
v 0.306578 0.206012 -0.250925
v 0.347585 0.227492 -0.254830
v 0.349538 0.223587 -0.250925
v -0.351490 -0.174769 0.202107
v -0.345632 -0.125951 0.141572
v -0.214800 -0.881655 0.032220
v -0.203083 -0.871891 0.032220
v -0.224563 -0.842600 0.069322
v -0.226516 -0.860175 0.047842
v -0.308530 -0.852364 0.049794
v 0.277287 0.112282 -0.307554
v 0.265570 0.104471 -0.334892
v 0.294861 0.120092 -0.286074
v 0.316341 0.129856 -0.272405
v 0.300719 0.178674 -0.282169
v 0.269476 0.190391 -0.303649
v 0.277287 0.165005 -0.293885
v -0.427646 0.127903 0.010740
v -0.398356 0.125951 0.004882
v -0.371017 0.127903 0.008787
v -0.453032 0.131809 0.022456
v -0.413977 0.186485 0.204060
v -0.495992 0.135714 0.059558
v -0.480370 0.129856 0.034173
v -0.460843 0.123998 0.014645
v -0.503803 0.141572 0.086896
v -0.431552 0.120092 0.000976
v -0.398356 0.118140 -0.004882
v -0.499897 0.147431 0.114234
v -0.494039 0.153289 0.141572
v -0.480370 0.161100 0.165005
v -0.462795 0.168911 0.182580
v -0.439363 0.176721 0.196249
v -0.269476 0.313412 -0.116187
v -0.275334 0.340750 -0.139620
v 0.078109 -0.498921 -0.274358
v 0.087873 -0.489157 -0.262641
v 0.083967 -0.487205 -0.309507
v 0.082014 -0.489157 -0.313412
v 0.091778 -0.477441 -0.295838
v 0.074203 -0.500874 -0.276310
v 0.107400 -0.479394 -0.340750
v 0.105447 -0.481346 -0.344656
v 0.089825 -0.514543 -0.241161
v 0.085920 -0.516495 -0.241161
v 0.113258 -0.534070 -0.215776
v 0.109353 -0.537975 -0.215776
v 0.107400 -0.469630 -0.327081
v 0.093731 0.643422 -0.041984
v 0.089825 0.664902 -0.061511
v 0.078109 0.662950 -0.106423
v 0.083967 0.674666 -0.104471
v 0.089825 0.684430 -0.057605
v 0.087873 0.674666 -0.038078
v 0.085920 0.682477 -0.038078
v 0.082014 0.698099 -0.034173
v 0.083967 0.690288 -0.051747
v 0.080062 0.702004 -0.038078
v 0.072251 0.725437 -0.038078
v 0.070298 0.711768 -0.026362
v 0.050771 0.729342 -0.016598
v 0.068345 0.752775 -0.041984
v 0.044913 0.770349 -0.022456
v 0.052724 0.719579 -0.014645
v 0.066393 0.772302 -0.040031
v 0.046865 0.735200 0.020504
v 0.046865 0.725437 0.022456
v 0.044913 0.776208 0.002929
v 0.072251 0.707862 -0.022456
v 0.078109 0.696146 -0.030267
v 0.082014 0.684430 -0.036125
v 0.056629 0.705910 -0.006835
v 0.070298 0.703957 -0.022456
v 0.054676 0.715673 -0.010740
v 0.054676 0.694193 -0.004882
v 0.082014 0.676619 -0.034173
v 0.058582 0.686382 0.000976
v 0.060534 0.682477 0.002929
v 0.064440 0.657091 0.010740
v 0.068345 0.782066 -0.020504
v 0.072251 0.789877 -0.020504
v 0.068345 0.795735 -0.020504
v -0.093731 0.817215 -0.190391
v -0.093731 0.789877 -0.190391
v -0.183556 -0.432528 -0.086896
v -0.148407 -0.440339 -0.075180
v -0.218705 -0.424717 -0.086896
v -0.302672 -0.123998 0.223587
v -0.328058 -0.116187 0.215776
v -0.343679 -0.108376 0.227492
v -0.330010 -0.108376 0.239209
v -0.294861 -0.129856 0.225540
v -0.324152 -0.114234 0.248972
v -0.333916 -0.106423 0.204060
v -0.308530 -0.114234 0.209918
v -0.287050 -0.110329 0.215776
v 0.240185 0.580935 -0.243114
v 0.246043 0.563361 -0.221634
v 0.249949 0.539928 -0.202107
v 0.253854 0.498921 -0.182580
v -0.253854 0.438386 0.129856
v -0.273381 0.426670 0.137667
v -0.287050 0.438386 0.139620
v -0.294861 0.430576 0.139620
v -0.320247 0.450103 0.133762
v -0.312436 0.459866 0.133762
v -0.349538 0.469630 0.123998
v -0.287050 0.440339 0.131809
v -0.310483 0.461819 0.127903
v -0.273381 0.428623 0.131809
v -0.185509 -0.256783 0.112282
v -0.222610 -0.254830 0.081038
v -0.247996 -0.248972 0.016598
v -0.246043 -0.223587 -0.018551
v 0.201131 0.321223 -0.227492
v 0.191367 0.317318 -0.247020
v 0.208941 0.334892 -0.207965
v 0.222610 0.352467 -0.209918
v -0.312436 -0.106423 0.213823
v -0.331963 -0.098613 0.229445
v -0.289003 -0.098613 0.215776
v -0.205036 0.282169 0.032220
v 0.099589 0.600462 -0.329034
v 0.099589 0.608273 -0.334892
v 0.119116 0.612179 -0.313412
v 0.119116 0.619990 -0.319270
v 0.058582 0.594604 -0.344656
v 0.060534 0.586793 -0.336845
v 0.015622 0.580935 -0.342703
v 0.017575 0.575077 -0.334892
v -0.257760 0.600462 -0.088849
v -0.247996 0.612179 -0.065416
v -0.265570 0.582888 -0.108376
v -0.257760 0.584841 -0.112282
v -0.271429 0.561408 -0.125951
v -0.222610 0.565313 -0.174769
v -0.263618 0.561408 -0.129856
v -0.226516 0.553597 -0.182580
v -0.232374 0.539928 -0.188438
v -0.269476 0.537975 -0.147431
v -0.275334 0.537975 -0.143525
v -0.279239 0.512590 -0.155242
v -0.238232 0.516495 -0.184532
v -0.230421 0.522354 -0.186485
v -0.234327 0.516495 -0.188438
v -0.232374 0.516495 -0.194296
v -0.228469 0.522354 -0.192343
v -0.232374 0.530164 -0.180627
v 0.382734 -0.176721 -0.311459
v -0.331963 -0.049794 0.145478
v -0.349538 -0.059558 0.127903
v -0.371017 -0.067369 0.120092
v -0.394450 -0.073227 0.114234
v -0.417883 -0.073227 0.112282
v -0.441316 -0.071274 0.122045
v -0.189414 -0.510637 -0.071274
v -0.154265 -0.524306 -0.053700
v -0.167934 -0.526259 -0.047842
v -0.148407 -0.543834 -0.020504
v -0.136691 -0.565313 0.012693
v 0.246043 -0.852364 -0.368088
v 0.193320 -0.866033 -0.282169
v 0.197225 -0.869938 -0.295838
v 0.097636 0.090802 0.069322
v 0.095683 0.112282 0.059558
v 0.076156 0.098613 0.069322
v 0.083967 0.118140 0.057605
v 0.066393 0.112282 0.065416
v 0.078109 0.090802 0.071274
v 0.109353 0.090802 0.051747
v 0.107400 0.108376 0.040031
v 0.109353 0.090802 0.038078
v -0.421788 0.217729 -0.036125
v -0.394450 0.209918 -0.036125
v -0.447174 0.227492 -0.030267
v -0.468654 0.241161 -0.018551
v -0.367112 0.206012 -0.028314
v -0.495992 0.293885 0.041984
v -0.494039 0.276310 0.018551
v -0.484275 0.256783 -0.000976
v 0.156218 -0.053700 -0.040031
v 0.132785 -0.047842 -0.010740
v 0.115211 -0.047842 -0.014645
v -0.365159 -0.112282 0.137667
v -0.374923 -0.102518 0.147431
v -0.365159 -0.104471 0.147431
v -0.355396 -0.116187 0.139620
v -0.374923 -0.108376 0.135714
v -0.355396 -0.106423 0.147431
v -0.367112 -0.125951 0.131809
v -0.378828 -0.120092 0.127903
v -0.388592 -0.106423 0.135714
v -0.392497 -0.116187 0.127903
v -0.398356 -0.131809 0.125951
v -0.386639 -0.102518 0.149383
v -0.357348 -0.102518 0.165005
v 0.105447 -0.491110 -0.350514
v 0.082014 -0.498921 -0.319270
v 0.082014 -0.526259 -0.248972
v 0.072251 -0.510637 -0.282169
v 0.105447 -0.547739 -0.223587
v -0.226516 -0.053700 0.049794
v -0.242138 -0.053700 0.020504
v -0.255807 -0.055653 -0.020504
v -0.259712 -0.059558 -0.057605
v -0.255807 -0.067369 -0.096660
v -0.244090 -0.067369 -0.137667
v -0.261665 -0.053700 -0.059558
v -0.257760 -0.059558 -0.098613
v 0.497945 -0.405190 -0.010740
v 0.536999 -0.455961 0.047842
v 0.562384 -0.473535 0.084943
v 0.626824 -0.502826 0.186485
v 0.660021 -0.450103 0.206012
v 0.628777 -0.444245 0.155242
v 0.595581 -0.493063 0.141572
v 0.661973 -0.446197 0.204060
v 0.552621 -0.399332 0.045889
v -0.249949 -0.364183 0.116187
v -0.208941 -0.358325 0.147431
v -0.208941 -0.346608 0.147431
v -0.251901 -0.356372 0.116187
v 0.011716 0.122045 0.065416
v -0.410072 -0.151336 0.145478
v -0.404214 -0.133762 0.143525
v -0.402261 -0.143525 0.133762
v -0.404214 -0.125951 0.137667
v -0.404214 -0.116187 0.139620
v -0.404214 -0.137667 0.153289
v 0.359301 -0.926567 -0.344656
v 0.369065 -0.926567 -0.344656
v 0.331963 -0.928520 -0.364183
v 0.320247 -0.926567 -0.371994
v 0.308530 -0.926567 -0.383710
v 0.294861 -0.926567 -0.387616
v 0.294861 -0.903135 -0.379805
v 0.318294 -0.905087 -0.362230
v 0.316341 -0.881655 -0.336845
v 0.328058 -0.885560 -0.327081
v 0.328058 -0.908993 -0.352467
v 0.308530 -0.901182 -0.373947
v 0.304625 -0.879702 -0.346608
v 0.355396 -0.908993 -0.327081
v 0.365159 -0.905087 -0.327081
v 0.384687 -0.924615 -0.321223
v 0.402261 -0.924615 -0.286074
v 0.023433 0.682477 -0.204060
v 0.042960 0.721531 0.016598
v 0.449126 -0.131809 -0.289979
v 0.460843 -0.133762 -0.266547
v 0.093731 0.077133 0.057605
v 0.099589 0.075180 0.043936
v 0.083967 0.073227 0.055653
v 0.068345 0.079085 0.063464
v -0.115211 -0.141572 0.127903
v -0.121069 -0.139620 0.123998
v -0.160123 -0.131809 0.114234
v -0.193320 -0.127903 0.096660
v -0.249949 -0.413001 -0.073227
v -0.275334 -0.399332 -0.045889
v 0.083967 0.580935 -0.344656
v 0.068345 0.559455 -0.354419
v 0.056629 0.532117 -0.366136
v 0.015622 0.516495 -0.362230
v 0.015622 0.539928 -0.356372
v 0.007811 0.530164 -0.360277
v 0.019527 0.553597 -0.348561
v 0.023433 0.567266 -0.340750
v 0.013669 0.522354 -0.356372
v 0.318294 0.446197 -0.323176
v 0.314388 0.457914 -0.354419
v 0.300719 0.463772 -0.383710
v 0.275334 0.459866 -0.411048
v 0.247996 0.450103 -0.424717
v 0.331963 0.440339 -0.286074
v 0.333916 0.459866 -0.317318
v 0.326105 0.420812 -0.260689
v 0.330010 0.475488 -0.352467
v 0.328058 0.430576 -0.291932
v 0.330010 0.450103 -0.321223
v 0.326105 0.463772 -0.356372
v 0.322199 0.413001 -0.264594
v 0.310483 0.471583 -0.393474
v 0.283145 0.467677 -0.424717
v 0.253854 0.457914 -0.442292
v 0.226516 0.442292 -0.450103
v 0.197225 0.428623 -0.452055
v 0.126927 0.125951 0.036125
v 0.128880 0.063464 0.034173
v 0.320247 0.305601 -0.489157
v 0.300719 0.288027 -0.496968
v 0.283145 0.272405 -0.500874
v 0.261665 0.256783 -0.496968
v 0.242138 0.241161 -0.487205
v 0.271429 0.256783 -0.491110
v 0.222610 0.227492 -0.471583
v 0.208941 0.215776 -0.448150
v 0.201131 0.207965 -0.420812
v 0.203083 0.204060 -0.391521
v 0.339774 0.245067 -0.266547
v -0.119116 -0.444245 -0.051747
v -0.093731 -0.442292 -0.018551
v -0.201131 -0.362230 0.127903
v -0.154265 -0.364183 0.139620
v -0.242138 -0.362230 0.100565
v -0.148407 -0.329034 0.151336
v -0.242138 -0.348561 0.108376
v -0.201131 -0.338798 0.135714
v 0.369065 -0.135714 -0.356372
v 0.361254 -0.133762 -0.356372
v 0.371017 -0.139620 -0.368088
v 0.177698 -0.926567 -0.293885
v 0.183556 -0.903135 -0.293885
v 0.197225 -0.881655 -0.293885
v 0.216752 -0.860175 -0.295838
v 0.013669 -0.307554 0.055653
v -0.206989 -0.903135 0.020504
v -0.205036 -0.926567 0.016598
v 0.023433 0.666855 -0.215776
v -0.001953 0.670761 -0.221634
v 0.572148 -0.186485 0.178674
v 0.638541 -0.186485 0.129856
v 0.628777 -0.243114 0.118140
v 0.230421 -0.139620 -0.094707
v 0.216752 -0.139620 -0.106423
v 0.203083 0.012693 -0.256783
v 0.144502 -0.045889 -0.002929
v 0.105447 0.071274 0.049794
v 0.117163 0.090802 0.041984
v 0.085920 0.067369 0.061511
v 0.068345 0.075180 0.071274
v 0.115211 0.112282 0.043936
v 0.087873 0.122045 0.063464
v 0.064440 0.112282 0.073227
v -0.314388 -0.108376 0.161100
v -0.306578 -0.135714 0.163052
v 0.447174 -0.000976 -0.282169
v 0.462795 -0.000976 -0.297790
v 0.425694 -0.002929 -0.268499
v 0.472559 -0.006835 -0.327081
v 0.470606 -0.014645 -0.362230
v 0.458890 -0.022456 -0.387616
v -0.208941 -0.926567 -0.008787
v -0.218705 -0.926567 -0.038078
v -0.220658 -0.901182 -0.034173
v -0.208941 -0.932425 -0.008787
v -0.218705 -0.932425 -0.038078
v -0.236280 -0.901182 -0.061511
v -0.234327 -0.926567 -0.063464
v -0.234327 -0.932425 -0.063464
v -0.339774 -0.932425 -0.006835
v -0.333916 -0.932425 -0.036125
v -0.339774 -0.926567 -0.006835
v -0.341727 -0.926567 0.020504
v -0.333916 -0.926567 -0.036125
v -0.331963 -0.901182 -0.034173
v -0.335868 -0.901182 -0.002929
v -0.337821 -0.903135 0.024409
v -0.068345 0.508684 -0.321223
v -0.249949 -0.772302 -0.061511
v -0.251901 -0.770349 -0.059558
v -0.230421 -0.778160 -0.045889
v -0.048818 0.514543 -0.334892
v 0.197225 0.469630 -0.061511
v -0.165982 -0.165005 0.127903
v -0.201131 -0.163052 0.110329
v -0.136691 -0.166958 0.135714
v -0.126927 -0.161100 0.131809
v -0.255807 -0.053700 -0.098613
v -0.242138 -0.063464 -0.139620
v 0.247996 0.143525 -0.340750
v 0.238232 0.166958 -0.348561
v 0.259712 0.153289 -0.313412
v 0.251901 0.178674 -0.321223
v 0.117163 -0.926567 -0.336845
v 0.142549 -0.901182 -0.319270
v 0.121069 -0.901182 -0.338798
v 0.138643 -0.926567 -0.317318
v 0.160123 -0.926567 -0.303649
v 0.105447 -0.901182 -0.362230
v 0.103494 -0.926567 -0.360277
v 0.099589 -0.926567 -0.389568
v 0.103494 -0.901182 -0.387616
v 0.078109 -0.471583 -0.288027
v 0.087873 -0.461819 -0.317318
v 0.310483 0.424717 -0.243114
v 0.158171 -0.567266 -0.192343
v 0.164029 -0.543834 -0.186485
v 0.146454 -0.559455 -0.192343
v 0.201131 -0.590699 -0.196249
v 0.203083 -0.561408 -0.190391
v 0.156218 -0.571172 -0.190391
v 0.195272 -0.539928 -0.168911
v 0.187461 -0.510637 -0.143525
v 0.154265 -0.510637 -0.157194
v 0.177698 -0.459866 -0.145478
v 0.228469 -0.434481 -0.147431
v 0.259712 -0.500874 -0.141572
v 0.249949 -0.389568 -0.147431
v 0.206989 -0.414954 -0.131809
v 0.205036 -0.413001 -0.127903
v 0.115211 -0.504779 -0.186485
v 0.247996 -0.537975 -0.165005
v 0.201131 -0.594604 -0.194296
v 0.238232 -0.604368 -0.211870
v 0.249949 -0.385663 -0.143525
v 0.144502 -0.563361 -0.190391
v 0.238232 -0.610226 -0.209918
v 0.124974 -0.522354 -0.206012
v 0.089825 -0.495015 -0.219681
v 0.099589 -0.504779 -0.231398
v 0.078109 -0.483299 -0.254830
v 0.240185 -0.571172 -0.204060
v -0.214800 -0.782066 -0.024409
v -0.232374 -0.776208 -0.045889
v -0.203083 -0.660997 -0.071274
v -0.234327 -0.653186 -0.084943
v -0.195272 -0.627801 -0.081038
v -0.216752 -0.823073 -0.028314
v -0.234327 -0.817215 -0.047842
v -0.255807 -0.809404 -0.063464
v -0.228469 -0.619990 -0.094707
v -0.285098 0.475488 -0.176721
v -0.281192 0.541881 -0.155242
v -0.271429 0.596557 -0.120092
v -0.257760 0.631706 -0.155242
v -0.263618 0.571172 -0.192343
v -0.263618 0.621942 -0.090802
v -0.253854 0.637564 -0.059558
v -0.378828 0.426670 -0.069322
v -0.277287 -0.139620 0.213823
v -0.292909 -0.139620 0.231398
v -0.328058 -0.122045 0.262641
v -0.371017 -0.077133 0.266547
v -0.302672 -0.065416 0.209918
v -0.320247 -0.077133 0.221634
v -0.333916 -0.086896 0.245067
v -0.345632 -0.079085 0.260689
v -0.222610 -0.700051 -0.405190
v -0.310483 -0.682477 -0.330987
v -0.124974 0.444245 -0.321223
v -0.226516 0.440339 -0.229445
v -0.179651 -0.698099 -0.452055
v -0.121069 -0.686382 -0.508684
v -0.060534 -0.678571 -0.553597
v -0.374923 -0.680524 -0.288027
v -0.441316 -0.686382 -0.235303
v 0.052724 0.450103 -0.409096
v -0.304625 0.475488 -0.190391
v -0.466701 -0.690288 -0.209918
v -0.328058 0.483299 -0.157194
v -0.015622 -0.674666 -0.571172
v -0.484275 -0.696146 -0.184532
v -0.343679 0.491110 -0.127903
v 0.021480 -0.672713 -0.578983
v 0.074203 -0.668808 -0.582888
v 0.093731 0.448150 -0.426670
v -0.175745 -0.698099 -0.446197
v -0.117163 -0.688335 -0.502826
v -0.216752 -0.700051 -0.397379
v -0.304625 -0.684430 -0.325128
v -0.054676 -0.680524 -0.545786
v -0.369065 -0.682477 -0.282169
v -0.435457 -0.690288 -0.227492
v -0.279239 0.473535 -0.186485
v -0.460843 -0.694193 -0.204060
v -0.302672 0.481346 -0.157194
v -0.013669 -0.676619 -0.563361
v -0.476465 -0.700051 -0.180627
v -0.320247 0.487205 -0.131809
v 0.021480 -0.674666 -0.571172
v 0.074203 -0.672713 -0.573124
v 0.095683 0.446197 -0.418859
v -0.431552 -0.729342 -0.030267
v -0.478417 -0.703957 -0.161100
v -0.330010 0.491110 -0.108376
v -0.486228 -0.700051 -0.157194
v -0.441316 -0.725437 -0.026362
v -0.154265 -0.571172 -0.258736
v 0.019527 -0.565313 -0.356372
v -0.121069 -0.051747 -0.254830
v 0.011716 -0.067369 -0.329034
v -0.257760 -0.565313 -0.161100
v -0.216752 -0.065416 -0.151336
v -0.160123 -0.571172 -0.266547
v -0.126927 -0.051747 -0.262641
v 0.013669 -0.563361 -0.366136
v 0.007811 -0.065416 -0.334892
v -0.263618 -0.565313 -0.168911
v -0.222610 -0.063464 -0.157194
v -0.283145 -0.543834 -0.397379
v -0.304625 -0.541881 -0.407143
v -0.289003 0.637564 -0.243114
v -0.298767 0.639517 -0.248972
v -0.324152 -0.541881 -0.403237
v -0.310483 0.639517 -0.247020
v -0.294861 -0.549692 -0.348561
v -0.279239 -0.547739 -0.360277
v -0.292909 0.631706 -0.204060
v -0.283145 0.633659 -0.215776
v -0.308530 0.631706 -0.200154
v -0.312436 -0.549692 -0.346608
v -0.322199 0.633659 -0.207965
v -0.331963 -0.549692 -0.354419
v -0.275334 -0.545786 -0.379805
v -0.281192 0.635612 -0.229445
v -0.339774 -0.545786 -0.371994
v -0.322199 0.637564 -0.237256
v -0.335868 -0.543834 -0.389568
v -0.326105 0.635612 -0.223587
v -0.335868 -0.547739 -0.371994
v -0.331963 -0.545786 -0.387616
v -0.279239 -0.545786 -0.379805
v -0.287050 -0.543834 -0.395427
v -0.322199 -0.543834 -0.399332
v -0.283145 -0.549692 -0.360277
v -0.328058 -0.549692 -0.354419
v -0.304625 -0.541881 -0.403237
v -0.296814 -0.549692 -0.350514
v -0.312436 -0.551644 -0.350514
v -0.462795 -0.428623 0.219681
v -0.511614 0.299743 0.141572
v -0.480370 0.303649 0.190391
v -0.431552 -0.420812 0.268499
v -0.495992 -0.430576 0.168911
v -0.527235 -0.424717 0.120092
v -0.400308 -0.407143 0.315365
v -0.371017 -0.381757 0.358325
v -0.341727 -0.350514 0.399332
v -0.316341 -0.309507 0.434481
v -0.294861 -0.260689 0.463772
v -0.277287 -0.206012 0.489157
v -0.265570 -0.149383 0.504779
v -0.257760 -0.067369 0.516495
v -0.259712 -0.018551 0.514543
v -0.263618 0.032220 0.506732
v -0.275334 0.088849 0.489157
v -0.292909 0.139620 0.463772
v -0.556526 -0.411048 0.069322
v -0.583864 -0.389568 0.020504
v -0.611202 -0.356372 -0.026362
v -0.316341 0.184532 0.432528
v -0.632682 -0.317318 -0.069322
v -0.652210 -0.268499 -0.104471
v -0.667831 -0.215776 -0.131809
v -0.677595 -0.157194 -0.151336
v -0.683453 -0.098613 -0.161100
v -0.683453 -0.038078 -0.165005
v -0.681501 0.008787 -0.159147
v -0.675642 0.065416 -0.145478
v -0.663926 0.118140 -0.123998
v -0.646351 0.168911 -0.094707
v -0.626824 0.211871 -0.059558
v -0.603392 0.245067 -0.020504
v -0.341727 0.221634 0.399332
v -0.371017 0.254830 0.358325
v -0.576053 0.272405 0.024409
v -0.548715 0.289979 0.073227
v -0.404214 0.280216 0.311459
v -0.437410 0.295838 0.262641
v -0.331963 -0.358325 0.401285
v -0.306578 -0.317318 0.434481
v -0.328058 -0.409096 0.407143
v -0.357348 -0.438386 0.364183
v -0.388592 -0.461819 0.317318
v -0.361254 -0.391521 0.358325
v -0.390545 -0.414954 0.313412
v -0.419836 -0.475488 0.266547
v -0.421788 -0.430576 0.264594
v -0.453032 -0.481346 0.215776
v -0.453032 -0.436434 0.215776
v -0.486228 -0.483299 0.163052
v -0.486228 -0.438386 0.163052
v -0.517472 -0.477441 0.110329
v -0.517472 -0.432528 0.114234
v -0.300719 -0.371994 0.446197
v -0.283145 -0.266547 0.465725
v -0.277287 -0.329034 0.479394
v -0.265570 -0.209918 0.491110
v -0.548715 -0.463772 0.057605
v -0.548715 -0.418859 0.061511
v -0.579959 -0.444245 0.008787
v -0.578006 -0.397379 0.010740
v -0.607297 -0.416906 -0.038078
v -0.605344 -0.364183 -0.036125
v -0.632682 -0.381757 -0.081038
v -0.628777 -0.323176 -0.077133
v -0.654162 -0.340750 -0.118140
v -0.648304 -0.274358 -0.114234
v -0.671737 -0.293885 -0.151336
v -0.663926 -0.219681 -0.143525
v -0.685406 -0.241161 -0.178674
v -0.673690 -0.159147 -0.163052
v -0.697122 -0.184532 -0.196249
v -0.679548 -0.100565 -0.174769
v -0.702980 -0.127903 -0.209918
v -0.679548 -0.038078 -0.176721
v -0.704933 -0.069322 -0.213823
v -0.702980 -0.000976 -0.209918
v -0.675642 0.010740 -0.170863
v -0.255807 -0.280216 0.506732
v -0.253854 -0.151336 0.508684
v -0.240185 -0.225540 0.530164
v -0.669784 0.069322 -0.155242
v -0.697122 0.055653 -0.198201
v -0.687359 0.108376 -0.182580
v -0.658068 0.120092 -0.135714
v -0.675642 0.155242 -0.161100
v -0.640493 0.172816 -0.104471
v -0.658068 0.207965 -0.129856
v -0.620966 0.215776 -0.069322
v -0.636588 0.252878 -0.092754
v -0.595581 0.250925 -0.030267
v -0.611202 0.289979 -0.049794
v -0.570195 0.278263 0.016598
v -0.581912 0.321223 0.000976
v -0.540904 0.295838 0.065416
v -0.548715 0.344656 0.057605
v -0.505755 0.305601 0.131809
v -0.511614 0.354419 0.123998
v -0.472559 0.309507 0.188438
v -0.460843 0.356372 0.202107
v -0.427646 0.301696 0.260689
v -0.454985 -0.489157 0.217729
v -0.421788 -0.481346 0.270452
v -0.488181 -0.489157 0.165005
v -0.583864 -0.450103 0.008787
v -0.611202 -0.422765 -0.038078
v -0.552621 -0.469630 0.059558
v -0.636588 -0.387616 -0.081038
v -0.359301 -0.444245 0.368088
v -0.390545 -0.467677 0.321223
v -0.330010 -0.414954 0.411048
v -0.302672 -0.375899 0.452055
v -0.277287 -0.330987 0.485252
v -0.257760 -0.282169 0.512590
v -0.660021 -0.344656 -0.120092
v -0.521377 -0.483299 0.112282
v -0.246043 -0.069322 0.518448
v -0.242138 -0.227492 0.536023
v -0.230421 -0.170863 0.551644
v -0.228469 -0.168911 0.545786
v -0.519424 0.360277 0.123998
v -0.556526 0.350514 0.059558
v -0.222610 -0.112282 0.561408
v -0.222610 -0.112282 0.553597
v -0.220658 -0.063464 0.563361
v -0.220658 -0.063464 0.555550
v -0.222610 -0.006835 0.561408
v -0.220658 -0.006835 0.553597
v -0.228469 0.047842 0.551644
v -0.251901 0.034173 0.508684
v -0.263618 0.090802 0.491110
v -0.246043 -0.016598 0.516495
v -0.281192 0.143525 0.463772
v -0.619013 0.295838 -0.047842
v -0.589723 0.327081 0.002929
v -0.226516 0.047842 0.545786
v -0.238232 0.100565 0.537975
v -0.236280 0.098613 0.530164
v -0.249949 0.149383 0.518448
v -0.249949 0.145478 0.512590
v -0.267523 0.192343 0.496968
v -0.265570 0.188438 0.491110
v -0.304625 0.188438 0.432528
v -0.361254 0.260689 0.356372
v -0.392497 0.286074 0.309507
v -0.330010 0.225540 0.399332
v -0.517472 -0.489157 0.186485
v -0.548715 -0.483299 0.127903
v -0.482323 -0.489157 0.235303
v -0.581912 -0.469630 0.075180
v -0.611202 -0.450103 0.024409
v -0.640493 -0.422765 -0.020504
v -0.556526 -0.477441 0.133762
v -0.525283 -0.483299 0.190391
v -0.587770 -0.463772 0.081038
v -0.617061 -0.444245 0.032220
v -0.646351 -0.416906 -0.014645
v -0.665879 -0.387616 -0.063464
v -0.671737 -0.381757 -0.055653
v -0.687359 -0.344656 -0.102518
v -0.693217 -0.338798 -0.092754
v -0.706886 -0.297790 -0.133762
v -0.710791 -0.291932 -0.123998
v -0.722508 -0.245067 -0.161100
v -0.726413 -0.241161 -0.151336
v -0.732271 -0.188438 -0.180627
v -0.738129 -0.184532 -0.170863
v -0.693217 -0.245067 -0.178674
v -0.677595 -0.297790 -0.153289
v -0.704933 -0.188438 -0.198201
v -0.710791 -0.129856 -0.209918
v -0.515519 0.362230 0.200154
v -0.499897 0.362230 0.225540
v -0.466701 0.362230 0.206012
v -0.554573 0.360277 0.133762
v -0.423741 0.354419 0.274358
v -0.441316 0.350514 0.307554
v -0.388592 0.338798 0.325128
v -0.412025 0.336845 0.348561
v -0.587770 0.348561 0.075180
v -0.353443 0.313412 0.373947
v -0.380781 0.313412 0.393474
v -0.320247 0.280216 0.420812
v -0.349538 0.280216 0.438386
v -0.292909 0.239209 0.459866
v -0.320247 0.241161 0.477441
v -0.419836 0.348561 0.270452
v -0.384687 0.332939 0.321223
v -0.351490 0.307554 0.368088
v -0.318294 0.274358 0.414954
v -0.290956 0.235303 0.454008
v -0.285098 -0.282169 0.532117
v -0.269476 -0.227492 0.555550
v -0.306578 -0.330987 0.504779
v -0.330010 -0.375899 0.471583
v -0.357348 -0.414954 0.432528
v -0.257760 -0.170863 0.569219
v -0.296814 -0.278263 0.532117
v -0.316341 -0.327081 0.504779
v -0.337821 -0.370041 0.471583
v -0.734224 0.057605 -0.180627
v -0.724460 0.112282 -0.165005
v -0.695170 0.112282 -0.182580
v -0.704933 0.057605 -0.198201
v -0.742035 -0.000976 -0.192343
v -0.710791 -0.000976 -0.209918
v -0.742035 -0.071274 -0.198201
v -0.712744 -0.071274 -0.213823
v -0.683453 0.159147 -0.161100
v -0.712744 0.159147 -0.141572
v -0.665879 0.211871 -0.129856
v -0.693217 0.211871 -0.110329
v -0.740082 -0.129856 -0.192343
v -0.644399 0.256783 -0.092754
v -0.277287 0.147431 0.537975
v -0.265570 0.100565 0.555550
v -0.255807 0.047842 0.569219
v -0.249949 -0.006835 0.578983
v -0.247996 -0.063464 0.580935
v -0.249949 -0.112282 0.578983
v -0.261665 -0.063464 0.578983
v -0.263618 -0.112282 0.577030
v -0.269476 -0.168911 0.569219
v -0.261665 -0.006835 0.577030
v -0.267523 0.045889 0.567266
v -0.277287 0.096660 0.553597
v -0.289003 0.141572 0.537975
v -0.308530 0.194296 0.510637
v -0.296814 0.194296 0.512590
v -0.281192 -0.223587 0.553597
v -0.330010 0.235303 0.479394
v -0.359301 0.274358 0.438386
v -0.390545 0.305601 0.397379
v -0.386639 -0.444245 0.387616
v -0.417883 -0.467677 0.338798
v -0.451079 -0.481346 0.288027
v -0.394450 -0.438386 0.391521
v -0.425694 -0.461819 0.342703
v -0.458890 -0.475488 0.291932
v -0.365159 -0.409096 0.434481
v -0.490134 -0.483299 0.239209
v -0.474512 0.051747 0.282169
v -0.505755 0.065416 0.235303
v -0.519424 0.065416 0.243114
v -0.490134 0.051747 0.291932
v -0.468654 0.051747 0.278263
v -0.499897 0.065416 0.231398
v -0.458890 0.036125 0.305601
v -0.474512 0.036125 0.315365
v -0.453032 0.036125 0.301696
v -0.437410 -0.081038 0.340750
v -0.453032 -0.024409 0.346608
v -0.453032 -0.079085 0.348561
v -0.437410 -0.026362 0.338798
v -0.447174 -0.125951 0.325128
v -0.462795 -0.125951 0.334892
v -0.456937 -0.157194 0.307554
v -0.474512 -0.155242 0.317318
v -0.626824 0.086896 0.038078
v -0.620966 0.086896 0.036125
v -0.671737 0.178674 -0.065416
v -0.665879 0.178674 -0.067369
v -0.615108 0.057605 0.045889
v -0.484275 -0.120092 0.299743
v -0.476465 -0.075180 0.315365
v -0.488181 -0.075180 0.321223
v -0.497945 -0.120092 0.307554
v -0.484275 -0.041984 0.321223
v -0.515519 -0.073227 0.325128
v -0.533094 -0.116187 0.303649
v -0.515519 -0.043936 0.321223
v -0.513566 -0.135714 0.291932
v -0.560432 -0.079085 0.303649
v -0.554573 -0.045889 0.305601
v -0.564337 -0.108376 0.284121
v -0.535046 -0.016598 0.305601
v -0.578006 -0.082991 0.284121
v -0.578006 -0.059558 0.286074
v -0.550668 -0.133762 0.270452
v -0.501850 0.004882 0.297790
v -0.474512 -0.026362 0.311459
v -0.527235 0.024409 0.254830
v -0.550668 0.002929 0.272405
v -0.570195 -0.032220 0.282169
v -0.552621 0.014645 0.219681
v -0.578006 -0.012693 0.229445
v -0.585817 -0.043936 0.260689
v -0.490134 0.004882 0.289979
v -0.525283 -0.192343 0.204060
v -0.540904 -0.190391 0.215776
v -0.546763 -0.176721 0.176721
v -0.562384 -0.174769 0.186485
v -0.564337 -0.151336 0.145478
v -0.579959 -0.149383 0.157194
v -0.574101 -0.127903 0.127903
v -0.589723 -0.125951 0.139620
v -0.525283 -0.194296 0.239209
v -0.509661 -0.196249 0.229445
v -0.613155 0.264594 0.030267
v -0.585817 0.286074 0.081038
v -0.595581 0.288027 0.082991
v -0.564337 0.301696 0.137667
v -0.554573 0.297790 0.135714
v -0.622919 0.264594 0.032220
v -0.640493 0.233350 -0.014645
v -0.650257 0.233350 -0.012693
v -0.447174 0.288027 0.325128
v -0.501850 0.301696 0.243114
v -0.495992 0.299743 0.239209
v -0.439363 0.286074 0.321223
v -0.509661 0.299743 0.223587
v -0.515519 0.301696 0.227492
v -0.529188 0.303649 0.192343
v -0.535046 0.305601 0.196249
v -0.406166 0.260689 0.383710
v -0.521377 0.061511 0.200154
v -0.546763 0.040031 0.159147
v -0.597533 0.030267 0.075180
v -0.560432 0.022456 0.141572
v -0.568243 0.008787 0.123998
v -0.396403 0.082991 0.389568
v -0.400308 0.051747 0.377852
v -0.412025 0.030267 0.364183
v -0.441316 0.008787 0.321223
v -0.328058 0.163052 0.469630
v -0.367112 0.219681 0.424717
v -0.400308 0.258736 0.375899
v -0.564337 0.022456 0.145478
v -0.552621 0.040031 0.163052
v -0.579959 0.022456 0.155242
v -0.568243 0.040031 0.172816
v -0.574101 0.008787 0.127903
v -0.525283 0.061511 0.204060
v -0.538952 0.061511 0.213823
v -0.591675 -0.026362 0.131809
v -0.591675 -0.081038 0.127903
v -0.579959 -0.081038 0.118140
v -0.578006 -0.026362 0.120092
v -0.490134 -0.176721 0.291932
v -0.495992 -0.137667 0.282169
v -0.527235 -0.153289 0.237256
v -0.509661 -0.190391 0.264594
v -0.552621 -0.135714 0.196249
v -0.564337 -0.114234 0.176721
v -0.460843 0.008787 0.334892
v -0.515519 0.024409 0.248972
v -0.542857 0.014645 0.209918
v -0.556526 0.000976 0.190391
v -0.566290 -0.036125 0.168911
v -0.570195 -0.071274 0.165005
v -0.474512 -0.178674 0.282169
v -0.492086 -0.190391 0.254830
v -0.398356 0.082991 0.393474
v -0.331963 0.163052 0.473535
v -0.564337 0.000976 0.198201
v -0.558479 -0.143525 0.209918
v -0.578006 -0.114234 0.188438
v -0.581912 -0.069322 0.172816
v -0.447174 0.008787 0.325128
v -0.578006 -0.036125 0.176721
v -0.587770 -0.038078 0.206012
v -0.587770 -0.096660 0.248972
v -0.589723 -0.071274 0.260689
v -0.589723 -0.073227 0.198201
v -0.579959 -0.120092 0.225540
v -0.601439 0.030267 0.075180
v -0.619013 0.057605 0.049794
v -0.415930 0.030267 0.368088
v -0.513566 -0.147431 0.264594
v -0.531141 -0.147431 0.256783
v -0.404214 0.051747 0.381757
v -0.646351 0.293885 -0.030267
v -0.619013 0.325128 0.020504
v -0.673690 0.256783 -0.073227
v -0.697122 0.211871 -0.096660
v -0.652210 0.288027 -0.020504
v -0.675642 0.252878 -0.061511
v -0.716650 0.153289 -0.131809
v -0.728366 0.108376 -0.153289
v -0.706886 0.104471 -0.110329
v -0.624872 0.319270 0.028314
v -0.738129 0.055653 -0.170863
v -0.743988 -0.000976 -0.182580
v -0.745940 -0.071274 -0.186485
v -0.743988 -0.127903 -0.182580
v -0.726413 -0.061511 -0.147431
v -0.681501 0.178674 -0.065416
v -0.699075 0.104471 -0.112282
v -0.708839 0.051747 -0.129856
v -0.585817 -0.024409 0.106423
v -0.716650 -0.008787 -0.143525
v -0.718602 -0.061511 -0.147431
v -0.589723 -0.081038 0.100565
v -0.679548 -0.282169 -0.075180
v -0.660021 -0.327081 -0.038078
v -0.687359 -0.286074 -0.075180
v -0.665879 -0.330987 -0.038078
v -0.702980 -0.233350 -0.104471
v -0.716650 -0.178674 -0.125951
v -0.634635 -0.366136 0.000976
v -0.609250 -0.393474 0.043936
v -0.579959 -0.413001 0.090802
v -0.550668 -0.424717 0.139620
v -0.521377 -0.430576 0.188438
v -0.585817 -0.418859 0.092754
v -0.490134 -0.430576 0.235303
v -0.460843 -0.422765 0.284121
v -0.495992 -0.436434 0.239209
v -0.429599 -0.409096 0.330987
v -0.402261 -0.385663 0.375899
v -0.374923 -0.354419 0.414954
v -0.349538 -0.313412 0.450103
v -0.378828 -0.358325 0.420812
v -0.328058 -0.266547 0.479394
v -0.310483 -0.215776 0.504779
v -0.296814 -0.161100 0.520401
v -0.290956 -0.104471 0.530164
v -0.300719 -0.163052 0.528212
v -0.289003 -0.047842 0.532117
v -0.292909 0.010740 0.526259
v -0.290956 -0.047842 0.539928
v -0.302672 0.067369 0.512590
v -0.292909 -0.106423 0.537975
v -0.294861 0.010740 0.534070
v -0.615108 -0.401285 0.045889
v -0.525283 -0.436434 0.192343
v -0.331963 -0.270452 0.485252
v -0.435457 -0.414954 0.336845
v -0.314388 -0.217729 0.510637
v -0.406166 -0.391521 0.381757
v -0.353443 -0.317318 0.455961
v -0.464748 -0.430576 0.288027
v -0.695170 -0.231398 -0.104471
v -0.304625 0.067369 0.520401
v -0.335868 0.163052 0.479394
v -0.371017 0.219681 0.432528
v -0.593628 0.340750 0.081038
v -0.564337 0.352467 0.137667
v -0.523330 0.356372 0.206012
v -0.509661 0.354419 0.231398
v -0.447174 0.340750 0.319270
v -0.419836 0.327081 0.354419
v -0.724460 -0.122045 -0.141572
v -0.714697 -0.120092 -0.139620
v -0.718602 0.051747 -0.129856
v -0.708839 -0.176721 -0.125951
v -0.642446 -0.371994 0.000976
v -0.556526 -0.432528 0.141572
v -0.724460 -0.008787 -0.143525
v -0.523330 -0.442292 0.204060
v -0.501850 -0.465725 0.235303
v -0.507708 -0.479394 0.225540
v -0.527235 -0.455961 0.196249
v -0.511614 -0.438386 0.223587
v -0.503803 -0.448150 0.235303
v -0.525283 -0.473535 0.200154
v -0.517472 -0.481346 0.211871
v -0.519424 -0.463772 0.239209
v -0.519424 -0.452055 0.239209
v -0.536999 -0.457914 0.211871
v -0.533094 -0.448150 0.217729
v -0.535046 -0.469630 0.213823
v -0.523330 -0.473535 0.233350
v -0.525283 -0.444245 0.231398
v -0.529188 -0.475488 0.221634
v 0.167934 -0.405190 -0.000976
v 0.126927 -0.112282 0.008787
v 0.142549 -0.108376 -0.004882
v 0.189414 -0.399332 -0.022456
v 0.162076 -0.106423 -0.024409
v 0.154265 -0.401285 0.010740
v 0.181603 -0.405190 0.010740
v 0.152312 -0.108376 0.008787
v 0.134738 -0.112282 0.020504
v 0.164029 -0.401285 0.020504
v 0.201131 -0.397379 -0.010740
v 0.171840 -0.106423 -0.010740
v -0.351490 -0.321223 0.461819
v -0.343679 -0.307554 0.467677
v -0.324152 -0.329034 0.491110
v -0.324152 -0.313412 0.489157
v -0.331963 -0.303649 0.479394
v -0.330010 -0.342703 0.485252
v -0.349538 -0.336845 0.465725
v -0.341727 -0.344656 0.475488
v -0.341727 -0.334892 0.493063
v -0.349538 -0.336845 0.485252
v -0.355396 -0.330987 0.479394
v -0.355396 -0.321223 0.477441
v -0.351490 -0.311459 0.481346
v -0.343679 -0.309507 0.489157
v -0.337821 -0.315365 0.495015
v -0.337821 -0.327081 0.496968
v -0.564337 -0.332939 0.139620
v -0.548715 -0.289979 0.157194
v -0.538952 -0.301696 0.170863
v -0.536999 -0.323176 0.174769
v -0.544810 -0.340750 0.165005
v -0.568243 -0.313412 0.131809
v -0.562384 -0.293885 0.139620
v -0.556526 -0.342703 0.151336
v -0.552621 -0.303649 0.176721
v -0.550668 -0.319270 0.178674
v -0.556526 -0.330987 0.172816
v -0.564337 -0.334892 0.161100
v -0.574101 -0.313412 0.147431
v -0.570195 -0.299743 0.153289
v -0.560432 -0.295838 0.166958
v -0.572148 -0.327081 0.153289
v -0.693217 -0.309507 -0.094707
v -0.689311 -0.295838 -0.088849
v -0.677595 -0.315365 -0.055653
v -0.693217 -0.325128 -0.088849
v -0.681501 -0.329034 -0.061511
v -0.675642 -0.299743 -0.059558
v -0.681501 -0.289979 -0.073227
v -0.687359 -0.332939 -0.075180
v -0.702980 -0.317318 -0.077133
v -0.702980 -0.307554 -0.081038
v -0.699075 -0.323176 -0.069322
v -0.695170 -0.319270 -0.059558
v -0.699075 -0.297790 -0.077133
v -0.693217 -0.293885 -0.067369
v -0.691264 -0.299743 -0.057605
v -0.691264 -0.311459 -0.055653
v 0.206989 -0.282169 -0.104471
v 0.208941 -0.282169 -0.104471
v 0.206989 -0.282169 -0.102518
v 0.208941 -0.280216 -0.104471
v 0.206989 -0.280216 -0.104471
v 0.181603 -0.280216 -0.090802
v 0.183556 -0.280216 -0.090802
v 0.181603 -0.280216 -0.088849
v 0.183556 -0.280216 -0.088849
v 0.183556 -0.278263 -0.088849
v 0.181603 -0.278263 -0.090802
v 0.224563 -0.280216 -0.122045
v 0.226516 -0.280216 -0.123998
v 0.226516 -0.280216 -0.122045
v 0.226516 -0.278263 -0.122045
v 0.226516 -0.278263 -0.123998
v 0.242138 -0.280216 -0.141572
v 0.244090 -0.280216 -0.141572
v 0.242138 -0.278263 -0.141572
v 0.244090 -0.278263 -0.141572
v -0.080062 -0.278263 0.112282
v -0.078109 -0.278263 0.110329
v -0.078109 -0.278263 0.112282
v -0.078109 -0.276310 0.112282
v -0.078109 -0.276310 0.110329
v -0.078109 -0.274358 0.112282
v -0.078109 -0.274358 0.110329
v -0.078109 -0.272405 0.112282
v -0.080062 -0.276310 0.112282
v -0.080062 -0.274358 0.112282
v -0.080062 -0.272405 0.112282
v -0.060534 -0.278263 0.098613
v -0.058582 -0.278263 0.096660
v -0.058582 -0.278263 0.098613
v -0.058582 -0.276310 0.098613
v -0.058582 -0.276310 0.096660
v -0.058582 -0.274358 0.098613
v -0.058582 -0.274358 0.096660
v -0.058582 -0.272405 0.098613
v -0.060534 -0.276310 0.098613
v -0.060534 -0.274358 0.098613
v -0.060534 -0.272405 0.098613
v 0.181603 -0.278263 -0.088849
v 0.226516 -0.276310 -0.123998
v 0.226516 -0.276310 -0.122045
v 0.244090 -0.276310 -0.141572
v 0.244090 -0.274358 -0.141572
v 0.242138 -0.276310 -0.141572
v 0.242138 -0.274358 -0.141572
v 0.173792 -0.276310 -0.082991
v 0.175745 -0.276310 -0.082991
v 0.173792 -0.276310 -0.081038
v 0.173792 -0.274358 -0.082991
v 0.173792 -0.274358 -0.081038
v 0.173792 -0.272405 -0.082991
v 0.173792 -0.272405 -0.081038
v 0.226516 -0.274358 -0.122045
v -0.097636 -0.274358 0.120092
v -0.095683 -0.274358 0.120092
v -0.097636 -0.274358 0.122045
v -0.095683 -0.272405 0.120092
v -0.097636 -0.272405 0.120092
v 0.244090 -0.272405 -0.141572
v 0.253854 -0.274358 -0.176721
v 0.255807 -0.274358 -0.174769
v 0.253854 -0.274358 -0.174769
v 0.255807 -0.274358 -0.176721
v 0.253854 -0.272405 -0.174769
v 0.255807 -0.272405 -0.174769
v 0.253854 -0.270452 -0.174769
v 0.255807 -0.270452 -0.174769
v 0.253854 -0.268499 -0.174769
v 0.255807 -0.268499 -0.174769
v 0.253854 -0.266547 -0.174769
v 0.255807 -0.266547 -0.174769
v 0.253854 -0.264594 -0.174769
v 0.255807 -0.264594 -0.174769
v 0.253854 -0.262641 -0.174769
v 0.255807 -0.262641 -0.174769
v 0.253854 -0.260689 -0.174769
v 0.255807 -0.260689 -0.174769
v 0.253854 -0.258736 -0.174769
v 0.255807 -0.258736 -0.174769
v 0.253854 -0.272405 -0.176721
v 0.253854 -0.270452 -0.176721
v 0.253854 -0.268499 -0.176721
v 0.253854 -0.266547 -0.176721
v 0.253854 -0.264594 -0.176721
v 0.253854 -0.262641 -0.176721
v 0.253854 -0.260689 -0.176721
v 0.253854 -0.258736 -0.176721
v 0.255807 -0.272405 -0.176721
v 0.255807 -0.270452 -0.176721
v 0.255807 -0.268499 -0.176721
v 0.255807 -0.266547 -0.176721
v 0.255807 -0.264594 -0.176721
v 0.255807 -0.262641 -0.176721
v 0.255807 -0.260689 -0.176721
v 0.255807 -0.258736 -0.176721
v -0.097636 -0.270452 0.120092
v -0.095683 -0.270452 0.120092
v -0.058582 -0.270452 0.098613
v -0.060534 -0.270452 0.098613
v 0.173792 -0.270452 -0.082991
v 0.173792 -0.270452 -0.081038
v 0.693217 -0.266547 0.309507
v 0.687359 -0.248972 0.313412
v 0.724460 -0.247020 0.284121
v 0.718602 -0.229445 0.288027
v 0.720555 -0.264594 0.288027
v 0.706886 -0.272405 0.299743
v 0.706886 -0.223587 0.299743
v 0.691264 -0.231398 0.311459
v 0.702980 -0.248972 0.321223
v 0.730319 -0.247020 0.299743
v 0.726413 -0.235303 0.301696
v 0.704933 -0.235303 0.319270
v 0.716650 -0.229445 0.309507
v 0.706886 -0.260689 0.317318
v 0.726413 -0.260689 0.301696
v 0.716650 -0.266547 0.309507
v -0.140596 -0.270452 0.127903
v -0.138643 -0.270452 0.127903
v -0.140596 -0.268499 0.127903
v -0.138643 -0.268499 0.127903
v -0.097636 -0.268499 0.120092
v -0.095683 -0.268499 0.120092
v 0.173792 -0.268499 -0.082991
v 0.173792 -0.268499 -0.081038
v 0.259712 -0.270452 -0.202107
v 0.261665 -0.270452 -0.200154
v 0.259712 -0.270452 -0.200154
v 0.261665 -0.270452 -0.202107
v 0.259712 -0.268499 -0.200154
v 0.261665 -0.268499 -0.200154
v 0.259712 -0.266547 -0.200154
v 0.261665 -0.266547 -0.200154
v 0.259712 -0.264594 -0.200154
v 0.261665 -0.264594 -0.200154
v 0.259712 -0.262641 -0.200154
v 0.261665 -0.262641 -0.200154
v 0.259712 -0.260689 -0.200154
v 0.261665 -0.260689 -0.200154
v 0.259712 -0.258736 -0.200154
v 0.261665 -0.258736 -0.200154
v 0.259712 -0.268499 -0.202107
v 0.259712 -0.266547 -0.202107
v 0.259712 -0.264594 -0.202107
v 0.259712 -0.262641 -0.202107
v 0.259712 -0.260689 -0.202107
v 0.259712 -0.258736 -0.202107
v 0.261665 -0.268499 -0.202107
v 0.261665 -0.266547 -0.202107
v 0.261665 -0.264594 -0.202107
v 0.261665 -0.262641 -0.202107
v 0.261665 -0.260689 -0.202107
v 0.261665 -0.258736 -0.202107
v -0.140596 -0.266547 0.127903
v -0.138643 -0.266547 0.127903
v -0.097636 -0.266547 0.120092
v -0.095683 -0.266547 0.120092
v -0.140596 -0.264594 0.127903
v -0.138643 -0.264594 0.127903
v -0.097636 -0.264594 0.120092
v -0.097636 -0.262641 0.120092
v -0.095683 -0.264594 0.120092
v -0.095683 -0.262641 0.120092
v -0.140596 -0.262641 0.127903
v -0.138643 -0.262641 0.127903
v -0.097636 -0.260689 0.120092
v -0.095683 -0.260689 0.120092
v -0.160123 -0.260689 0.122045
v -0.162076 -0.260689 0.122045
v -0.164029 -0.260689 0.122045
v -0.164029 -0.260689 0.123998
v -0.162076 -0.260689 0.123998
v -0.097636 -0.258736 0.120092
v -0.095683 -0.258736 0.120092
v -0.259712 -0.258736 -0.018551
v -0.257760 -0.258736 -0.018551
v -0.259712 -0.256783 -0.018551
v -0.257760 -0.256783 -0.018551
v -0.257760 -0.258736 -0.002929
v -0.255807 -0.258736 -0.002929
v -0.257760 -0.256783 -0.002929
v -0.255807 -0.256783 -0.002929
v -0.253854 -0.258736 -0.045889
v -0.253854 -0.258736 -0.043936
v -0.253854 -0.256783 -0.045889
v -0.253854 -0.256783 -0.043936
v -0.236280 -0.258736 0.077133
v -0.234327 -0.258736 0.075180
v -0.234327 -0.258736 0.077133
v -0.232374 -0.258736 0.075180
v -0.230421 -0.258736 0.075180
v -0.232374 -0.258736 0.077133
v -0.222610 -0.258736 0.086896
v -0.224563 -0.258736 0.086896
v -0.226516 -0.258736 0.086896
v -0.226516 -0.258736 0.088849
v -0.224563 -0.258736 0.088849
v -0.212847 -0.258736 0.102518
v -0.210894 -0.258736 0.102518
v -0.210894 -0.258736 0.100565
v -0.208941 -0.258736 0.100565
v -0.197225 -0.258736 0.112282
v -0.195272 -0.258736 0.112282
v -0.197225 -0.258736 0.114234
v -0.195272 -0.258736 0.114234
v -0.162076 -0.258736 0.125951
v -0.160123 -0.258736 0.125951
v -0.158171 -0.258736 0.125951
v -0.158171 -0.258736 0.123998
v -0.160123 -0.258736 0.123998
v -0.162076 -0.258736 0.123998
v -0.138643 -0.258736 0.129856
v -0.136691 -0.258736 0.129856
v -0.134738 -0.258736 0.129856
v -0.132785 -0.258736 0.129856
v -0.130832 -0.258736 0.129856
v -0.128880 -0.258736 0.129856
v -0.124974 -0.258736 0.127903
v -0.126927 -0.258736 0.127903
v -0.128880 -0.258736 0.127903
v -0.134738 -0.258736 0.127903
v -0.136691 -0.258736 0.127903
v -0.138643 -0.258736 0.127903
v -0.121069 -0.258736 0.127903
v -0.123022 -0.258736 0.127903
v -0.130832 -0.258736 0.127903
v -0.132785 -0.258736 0.127903
v -0.124974 -0.258736 0.129856
v -0.123022 -0.258736 0.129856
v -0.121069 -0.258736 0.129856
v -0.126927 -0.258736 0.129856
v -0.097636 -0.258736 0.122045
v -0.095683 -0.258736 0.122045
v -0.093731 -0.258736 0.120092
v -0.097636 -0.256783 0.122045
v -0.095683 -0.256783 0.122045
v 0.214800 -0.258736 -0.295838
v 0.214800 -0.256783 -0.295838
v 0.214800 -0.256783 -0.297790
v 0.214800 -0.254830 -0.297790
v 0.214800 -0.254830 -0.295838
v 0.232374 -0.258736 -0.272405
v 0.234327 -0.258736 -0.272405
v 0.236280 -0.258736 -0.272405
v 0.234327 -0.258736 -0.274358
v 0.236280 -0.258736 -0.274358
v 0.626824 -0.258736 0.270452
v 0.619013 -0.252878 0.254830
v 0.630730 -0.215776 0.270452
v 0.638541 -0.223587 0.284121
v 0.640493 -0.239209 0.288027
v 0.634635 -0.254830 0.282169
v 0.615108 -0.237256 0.248972
v 0.620966 -0.219681 0.254830
v 0.611202 -0.225540 0.266547
v 0.617061 -0.221634 0.278263
v 0.622919 -0.225540 0.288027
v 0.607297 -0.235303 0.262641
v 0.615108 -0.250925 0.276310
v 0.609250 -0.247020 0.266547
v 0.620966 -0.247020 0.286074
v 0.624872 -0.237256 0.289979
v 0.720555 -0.239209 0.215776
v 0.702980 -0.231398 0.186485
v 0.706886 -0.219681 0.192343
v 0.716650 -0.250925 0.209918
v 0.702980 -0.245067 0.188438
v 0.718602 -0.225540 0.213823
v 0.712744 -0.217729 0.204060
v 0.710791 -0.252878 0.198201
v 0.708839 -0.221634 0.227492
v 0.701028 -0.211870 0.213823
v 0.699075 -0.258736 0.206012
v 0.693217 -0.213823 0.198201
v 0.706886 -0.256783 0.221634
v 0.687359 -0.229445 0.190391
v 0.712744 -0.241161 0.229445
v 0.687359 -0.248972 0.192343
v -0.257760 -0.254830 -0.018551
v -0.259712 -0.254830 -0.018551
v -0.257760 -0.252878 -0.002929
v -0.257760 -0.254830 -0.002929
v -0.255807 -0.254830 -0.002929
v -0.255807 -0.252878 -0.002929
v -0.253854 -0.254830 -0.043936
v -0.253854 -0.254830 -0.045889
v 0.107400 -0.256783 -0.348561
v 0.107400 -0.256783 -0.346608
v 0.107400 -0.254830 -0.348561
v 0.107400 -0.254830 -0.346608
v -0.259712 -0.252878 -0.018551
v -0.257760 -0.252878 -0.018551
v -0.253854 -0.252878 -0.045889
v -0.253854 -0.252878 -0.043936
v 0.107400 -0.252878 -0.348561
v 0.107400 -0.252878 -0.346608
v 0.214800 -0.252878 -0.295838
v 0.214800 -0.250925 -0.295838
v 0.214800 -0.252878 -0.297790
v 0.214800 -0.250925 -0.297790
v -0.257760 -0.250925 -0.002929
v -0.255807 -0.250925 -0.002929
v -0.253854 -0.250925 -0.045889
v -0.253854 -0.250925 -0.043936
v 0.107400 -0.250925 -0.348561
v 0.107400 -0.250925 -0.346608
v -0.255807 -0.248972 -0.002929
v -0.255807 -0.247020 -0.002929
v -0.257760 -0.248972 -0.002929
v -0.253854 -0.248972 -0.045889
v -0.253854 -0.248972 -0.043936
v 0.083967 -0.250925 -0.348561
v 0.083967 -0.250925 -0.346608
v 0.083967 -0.248972 -0.348561
v 0.083967 -0.248972 -0.346608
v 0.214800 -0.248972 -0.297790
v 0.214800 -0.247020 -0.297790
v 0.214800 -0.248972 -0.295838
v 0.214800 -0.247020 -0.295838
v 0.083967 -0.247020 -0.348561
v 0.083967 -0.247020 -0.346608
v 0.083967 -0.245067 -0.348561
v 0.083967 -0.245067 -0.346608
v 0.083967 -0.243114 -0.348561
v 0.083967 -0.243114 -0.346608
v 0.083967 -0.241161 -0.348561
v 0.083967 -0.241161 -0.346608
v -0.517472 -0.176721 0.248972
v -0.523330 -0.186485 0.241161
v -0.535046 -0.163052 0.223587
v -0.536999 -0.176721 0.223587
v -0.515519 -0.163052 0.247020
v -0.521377 -0.153289 0.239209
v -0.529188 -0.153289 0.229445
v -0.533094 -0.186485 0.231398
v -0.529188 -0.172816 0.252878
v -0.527235 -0.163052 0.252878
v -0.542857 -0.165005 0.235303
v -0.538952 -0.157194 0.239209
v -0.542857 -0.172816 0.235303
v -0.533094 -0.180627 0.248972
v -0.538952 -0.180627 0.241161
v -0.531141 -0.157194 0.247020
v -0.564337 -0.122045 0.172816
v -0.552621 -0.149383 0.184532
v -0.558479 -0.157194 0.174769
v -0.566290 -0.153289 0.165005
v -0.556526 -0.123998 0.182580
v -0.550668 -0.135714 0.188438
v -0.572148 -0.141572 0.161100
v -0.570195 -0.127903 0.165005
v -0.566290 -0.129856 0.188438
v -0.572148 -0.127903 0.180627
v -0.562384 -0.137667 0.192343
v -0.562384 -0.147431 0.190391
v -0.578006 -0.143525 0.172816
v -0.574101 -0.151336 0.176721
v -0.566290 -0.153289 0.184532
v -0.576053 -0.133762 0.174769
v -0.433505 -0.137667 0.350514
v -0.427646 -0.094707 0.352467
v -0.435457 -0.096660 0.340750
v -0.433505 -0.137667 0.348561
v -0.431552 -0.137667 0.346608
v -0.429599 -0.137667 0.348561
v -0.591675 -0.135714 0.100565
v -0.585817 -0.092754 0.112282
v -0.589723 -0.135714 0.102518
v -0.595581 -0.092754 0.098613
v -0.593628 -0.135714 0.104471
v -0.593628 -0.135714 0.102518
v -0.439363 -0.131809 0.334892
v -0.441316 -0.131809 0.332939
v -0.441316 -0.131809 0.336845
v -0.443268 -0.131809 0.334892
v -0.605344 -0.125951 0.084943
v -0.609250 -0.122045 0.073227
v -0.607297 -0.125951 0.082991
v -0.605344 -0.125951 0.081038
v -0.603392 -0.125951 0.082991
v -0.406166 -0.123998 0.387616
v -0.413977 -0.075180 0.377852
v -0.408119 -0.123998 0.385663
v -0.406166 -0.123998 0.383710
v -0.404214 -0.123998 0.385663
v -0.398356 -0.120092 0.397379
v -0.396403 -0.120092 0.395427
v -0.400308 -0.120092 0.395427
v -0.398356 -0.120092 0.393474
v -0.620966 -0.118140 0.047842
v -0.609250 -0.092754 0.061511
v -0.628777 -0.114234 0.036125
v -0.628777 -0.112282 0.034173
v -0.622919 -0.118140 0.045889
v -0.626824 -0.114234 0.032220
v -0.620966 -0.118140 0.043936
v -0.619013 -0.118140 0.045889
v -0.624872 -0.114234 0.034173
v -0.378828 -0.096660 0.424717
v -0.376876 -0.096660 0.426670
v -0.361254 -0.075180 0.432528
v -0.376876 -0.096660 0.422765
v -0.374923 -0.096660 0.424717
v -0.283145 -0.059558 0.551644
v -0.275334 -0.051747 0.559455
v -0.265570 -0.082991 0.575077
v -0.287050 -0.073227 0.549692
v -0.283145 -0.084943 0.555550
v -0.273381 -0.088849 0.567266
v -0.261665 -0.069322 0.578983
v -0.265570 -0.055653 0.573124
v -0.290956 -0.071274 0.563361
v -0.275334 -0.067369 0.582888
v -0.289003 -0.061511 0.563361
v -0.277287 -0.059558 0.578983
v -0.283145 -0.055653 0.569219
v -0.277287 -0.077133 0.580935
v -0.289003 -0.079085 0.567266
v -0.283145 -0.081038 0.575077
v -0.638541 -0.086896 0.006835
v -0.634635 -0.086896 0.008787
v -0.646351 -0.082991 -0.008787
v -0.636588 -0.086896 0.004882
v -0.644399 -0.082991 -0.010740
v -0.628777 -0.082991 0.024409
v -0.650257 -0.077133 -0.018551
v -0.605344 -0.043936 0.081038
v -0.652210 -0.069322 -0.022456
v -0.656115 -0.069322 -0.020504
v -0.632682 -0.086896 0.006835
v -0.654162 -0.077133 -0.016598
v -0.449126 -0.061511 0.344656
v -0.449126 -0.075180 0.346608
v -0.468654 -0.077133 0.323176
v -0.462795 -0.086896 0.330987
v -0.454985 -0.086896 0.340750
v -0.468654 -0.063464 0.323176
v -0.462795 -0.053700 0.329034
v -0.454985 -0.053700 0.338798
v -0.460843 -0.063464 0.350514
v -0.460843 -0.073227 0.350514
v -0.464748 -0.081038 0.346608
v -0.470606 -0.081038 0.338798
v -0.474512 -0.075180 0.334892
v -0.474512 -0.065416 0.332939
v -0.470606 -0.057605 0.336845
v -0.464748 -0.057605 0.344656
v -0.591675 -0.065416 0.139620
v -0.572148 -0.071274 0.168911
v -0.576053 -0.082991 0.163052
v -0.587770 -0.053700 0.145478
v -0.579959 -0.049794 0.157194
v -0.589723 -0.079085 0.143525
v -0.572148 -0.057605 0.166958
v -0.583864 -0.084943 0.153289
v -0.597533 -0.065416 0.151336
v -0.583864 -0.059558 0.170863
v -0.595581 -0.057605 0.155242
v -0.589723 -0.055653 0.163052
v -0.583864 -0.069322 0.172816
v -0.597533 -0.075180 0.155242
v -0.587770 -0.077133 0.168911
v -0.591675 -0.079085 0.161100
v -0.415930 -0.047842 0.377852
v -0.331963 -0.047842 0.477441
v -0.413977 -0.047842 0.373947
v -0.353443 -0.014645 0.442292
v -0.310483 0.000976 0.500874
v -0.316341 -0.030267 0.491110
v -0.349538 0.036125 0.450103
v -0.324152 0.063464 0.481346
v -0.314388 0.030267 0.493063
v -0.390545 0.010740 0.399332
v -0.404214 -0.020504 0.385663
v -0.306578 0.075180 0.506732
v -0.345632 -0.057605 0.452055
v -0.392497 -0.051747 0.397379
v -0.328058 -0.047842 0.475488
v -0.372970 -0.057605 0.420812
v -0.326105 0.004882 0.479394
v -0.349538 -0.022456 0.461819
v -0.345632 -0.022456 0.457914
v -0.400308 -0.020504 0.383710
v -0.392497 0.010740 0.401285
v -0.310483 0.075180 0.508684
v -0.353443 0.036125 0.452055
v -0.318294 0.030267 0.495015
v -0.330010 0.004882 0.481346
v -0.357348 -0.014645 0.446197
v -0.328058 0.063464 0.483299
v -0.374923 -0.057605 0.424717
v -0.349538 -0.057605 0.454008
v -0.396403 -0.051747 0.399332
v -0.320247 -0.030267 0.493063
v -0.314388 0.000976 0.502826
v -0.675642 0.014645 -0.073227
v -0.691264 0.084943 -0.106423
v -0.624872 0.014645 0.036125
v -0.685406 0.041984 -0.092754
v -0.671737 0.065416 -0.063464
v -0.626824 -0.014645 0.040031
v -0.628777 0.014645 0.038078
v -0.691264 0.041984 -0.090802
v -0.658068 0.041984 -0.022456
v -0.660021 -0.004882 -0.032220
v -0.679548 0.014645 -0.071274
v -0.660021 -0.014645 -0.036125
v -0.695170 0.084943 -0.104471
v -0.675642 0.065416 -0.061511
v -0.687359 -0.018551 -0.079085
v -0.679548 -0.036125 -0.061511
v -0.691264 0.012693 -0.090802
v -0.620966 -0.045889 0.057605
v -0.667831 -0.047842 -0.038078
v -0.634635 -0.053700 0.028314
v -0.650257 -0.053700 -0.004882
v -0.617061 -0.045889 0.055653
v -0.656115 -0.014645 -0.038078
v -0.656115 -0.004882 -0.034173
v -0.622919 -0.014645 0.036125
v -0.687359 0.012693 -0.092754
v -0.654162 0.041984 -0.024409
v -0.646351 -0.053700 -0.006835
v -0.630730 -0.053700 0.026362
v -0.663926 -0.047842 -0.040031
v -0.683453 -0.018551 -0.081038
v -0.675642 -0.036125 -0.063464
v 0.089825 -0.043936 0.038078
v 0.091778 -0.043936 0.038078
v 0.089825 -0.043936 0.040031
v 0.089825 -0.041984 0.038078
v 0.089825 -0.041984 0.040031
v 0.091778 -0.043936 0.036125
v 0.093731 -0.043936 0.036125
v 0.091778 -0.041984 0.036125
v 0.093731 -0.041984 0.036125
v 0.091778 -0.041984 0.038078
v 0.095683 -0.043936 0.030267
v 0.097636 -0.043936 0.030267
v 0.095683 -0.043936 0.032220
v 0.095683 -0.041984 0.030267
v 0.097636 -0.041984 0.030267
v 0.095683 -0.041984 0.032220
v 0.097636 -0.043936 0.026362
v 0.099589 -0.043936 0.026362
v 0.097636 -0.043936 0.028314
v 0.097636 -0.041984 0.026362
v 0.099589 -0.041984 0.026362
v 0.097636 -0.041984 0.028314
v 0.101542 -0.041984 0.024409
v 0.101542 -0.043936 0.024409
v 0.099589 -0.043936 0.024409
v 0.099589 -0.041984 0.024409
v 0.103494 -0.043936 0.020504
v 0.105447 -0.043936 0.018551
v 0.103494 -0.043936 0.022456
v 0.105447 -0.041984 0.018551
v 0.103494 -0.041984 0.022456
v 0.103494 -0.041984 0.020504
v 0.107400 -0.043936 0.014645
v 0.109353 -0.043936 0.014645
v 0.107400 -0.043936 0.016598
v 0.107400 -0.041984 0.014645
v 0.109353 -0.041984 0.014645
v 0.107400 -0.041984 0.016598
v 0.111305 -0.043936 0.008787
v 0.113258 -0.043936 0.008787
v 0.111305 -0.043936 0.010740
v 0.111305 -0.041984 0.008787
v 0.113258 -0.041984 0.008787
v 0.111305 -0.041984 0.010740
v 0.115211 -0.043936 0.004882
v 0.117163 -0.043936 0.002929
v 0.117163 -0.043936 0.004882
v 0.115211 -0.041984 0.004882
v 0.117163 -0.041984 0.002929
v 0.117163 -0.041984 0.004882
v 0.121069 -0.043936 0.000976
v 0.123022 -0.043936 0.000976
v 0.121069 -0.043936 0.002929
v 0.121069 -0.041984 0.000976
v 0.123022 -0.041984 0.000976
v 0.121069 -0.041984 0.002929
v 0.066393 -0.041984 0.053700
v 0.068345 -0.041984 0.053700
v 0.066393 -0.041984 0.055653
v 0.066393 -0.040031 0.053700
v 0.068345 -0.040031 0.053700
v 0.066393 -0.040031 0.055653
v 0.072251 -0.041984 0.049794
v 0.074203 -0.041984 0.049794
v 0.072251 -0.041984 0.051747
v 0.072251 -0.040031 0.049794
v 0.074203 -0.040031 0.049794
v 0.072251 -0.040031 0.051747
v 0.078109 -0.041984 0.045889
v 0.080062 -0.041984 0.045889
v 0.078109 -0.041984 0.047842
v 0.078109 -0.040031 0.045889
v 0.080062 -0.040031 0.045889
v 0.078109 -0.040031 0.047842
v 0.083967 -0.041984 0.041984
v 0.085920 -0.041984 0.041984
v 0.083967 -0.041984 0.043936
v 0.083967 -0.040031 0.041984
v 0.085920 -0.040031 0.041984
v 0.083967 -0.040031 0.043936
v 0.041007 -0.040031 0.065416
v 0.042960 -0.040031 0.065416
v 0.041007 -0.040031 0.067369
v 0.041007 -0.038078 0.065416
v 0.042960 -0.038078 0.065416
v 0.041007 -0.038078 0.067369
v 0.048818 -0.040031 0.063464
v 0.050771 -0.040031 0.061511
v 0.052724 -0.040031 0.061511
v 0.052724 -0.038078 0.061511
v 0.048818 -0.038078 0.063464
v 0.050771 -0.038078 0.061511
v 0.011716 -0.030267 0.075180
v 0.013669 -0.030267 0.075180
v 0.011716 -0.030267 0.077133
v 0.011716 -0.028314 0.075180
v 0.013669 -0.028314 0.075180
v 0.011716 -0.028314 0.077133
v 0.019527 -0.030267 0.071274
v 0.021480 -0.030267 0.071274
v 0.019527 -0.030267 0.073227
v 0.019527 -0.028314 0.071274
v 0.021480 -0.028314 0.071274
v 0.019527 -0.028314 0.073227
v 0.029291 -0.030267 0.069322
v 0.031244 -0.030267 0.069322
v 0.029291 -0.030267 0.071274
v 0.029291 -0.028314 0.069322
v 0.031244 -0.028314 0.069322
v 0.029291 -0.028314 0.071274
v -0.482323 -0.006835 0.309507
v -0.480370 0.006835 0.309507
v -0.458890 -0.006835 0.332939
v -0.458890 0.006835 0.330987
v -0.466701 -0.016598 0.327081
v -0.476465 -0.016598 0.317318
v -0.472559 0.016598 0.315365
v -0.464748 0.016598 0.325128
v -0.484275 0.004882 0.321223
v -0.470606 0.006835 0.336845
v -0.480370 0.012693 0.325128
v -0.470606 -0.002929 0.338798
v -0.486228 -0.004882 0.321223
v -0.476465 -0.010740 0.334892
v -0.482323 -0.010740 0.327081
v -0.474512 0.012693 0.330987
v -0.572148 0.004882 0.186485
v -0.570195 0.014645 0.184532
v -0.581912 0.012693 0.166958
v -0.583864 0.002929 0.168911
v -0.576053 -0.002929 0.182580
v -0.581912 -0.002929 0.174769
v -0.578006 0.020504 0.172816
v -0.572148 0.020504 0.178674
v -0.558479 0.014645 0.182580
v -0.562384 0.024409 0.174769
v -0.560432 0.000976 0.184532
v -0.566290 -0.008787 0.176721
v -0.574101 0.012693 0.157194
v -0.568243 0.022456 0.163052
v -0.574101 -0.008787 0.166958
v -0.578006 -0.000976 0.157194
v -0.494039 0.012693 0.289979
v -0.497945 0.022456 0.280216
v -0.482323 0.043936 0.299743
v -0.495992 0.036125 0.280216
v -0.478417 0.034173 0.307554
v -0.480370 0.020504 0.307554
v -0.490134 0.045889 0.288027
v -0.486228 0.012693 0.299743
v -0.497945 0.018551 0.305601
v -0.501850 0.018551 0.297790
v -0.492086 0.024409 0.311459
v -0.505755 0.024409 0.291932
v -0.490134 0.034173 0.311459
v -0.494039 0.041984 0.305601
v -0.503803 0.034173 0.289979
v -0.499897 0.041984 0.295838
v -0.523330 0.061511 0.241161
v -0.527235 0.030267 0.243114
v -0.535046 0.030267 0.233350
v -0.517472 0.051747 0.248972
v -0.519424 0.038078 0.250925
v -0.538952 0.040031 0.223587
v -0.535046 0.053700 0.223587
v -0.529188 0.061511 0.231398
v -0.531141 0.041984 0.254830
v -0.536999 0.036125 0.248972
v -0.542857 0.036125 0.241161
v -0.544810 0.041984 0.235303
v -0.542857 0.051747 0.235303
v -0.529188 0.051747 0.252878
v -0.538952 0.059558 0.239209
v -0.533094 0.059558 0.247020
v -0.568243 0.163052 0.125951
v -0.550668 0.194296 0.149383
v -0.546763 0.135714 0.145478
v -0.556526 0.137667 0.137667
v -0.538952 0.163052 0.176721
v -0.572148 0.163052 0.133762
v -0.568243 0.163052 0.161100
v -0.560432 0.190391 0.155242
v -0.564337 0.137667 0.153289
v -0.544810 0.163052 0.178674
v -0.554573 0.135714 0.157194
v -0.316341 0.168911 0.502826
v -0.324152 0.159147 0.496968
v -0.337821 0.182580 0.479394
v -0.330010 0.192343 0.485252
v -0.333916 0.159147 0.487205
v -0.320247 0.192343 0.495015
v -0.339774 0.168911 0.479394
v -0.314388 0.182580 0.500874
v -0.331963 0.165005 0.504779
v -0.339774 0.165005 0.496968
v -0.343679 0.170863 0.491110
v -0.326105 0.182580 0.506732
v -0.326105 0.172816 0.508684
v -0.330010 0.188438 0.500874
v -0.341727 0.182580 0.491110
v -0.335868 0.188438 0.495015
v -0.679548 0.235303 -0.075180
v -0.671737 0.211871 -0.051747
v -0.677595 0.202107 -0.059558
v -0.673690 0.235303 -0.061511
v -0.669784 0.225540 -0.051747
v -0.685406 0.202107 -0.071274
v -0.685406 0.225540 -0.082991
v -0.687359 0.211871 -0.081038
v -0.693217 0.225540 -0.073227
v -0.689311 0.233350 -0.067369
v -0.697122 0.215776 -0.073227
v -0.693217 0.207965 -0.065416
v -0.689311 0.207965 -0.055653
v -0.683453 0.215776 -0.049794
v -0.683453 0.233350 -0.057605
v -0.681501 0.225540 -0.049794
v -0.517472 0.325128 0.237256
v -0.515519 0.334892 0.237256
v -0.529188 0.334892 0.215776
v -0.531141 0.325128 0.215776
v -0.521377 0.317318 0.231398
v -0.527235 0.317318 0.223587
v -0.525283 0.342703 0.221634
v -0.519424 0.342703 0.229445
v -0.507708 0.344656 0.223587
v -0.503803 0.334892 0.233350
v -0.519424 0.311459 0.215776
v -0.515519 0.344656 0.211871
v -0.523330 0.321223 0.206012
v -0.511614 0.311459 0.227492
v -0.521377 0.334892 0.206012
v -0.503803 0.321223 0.235303
v 0.255807 0.618037 -0.315365
v 0.261665 0.633659 -0.284121
v 0.269476 0.623895 -0.286074
v 0.247996 0.627801 -0.313412
v 0.265570 0.614132 -0.305601
v 0.271429 0.616084 -0.293885
v 0.253854 0.639517 -0.291932
v 0.244090 0.637564 -0.305601
v 0.261665 0.618037 -0.278263
v 0.238232 0.621942 -0.311459
v 0.247996 0.610226 -0.311459
v 0.234327 0.631706 -0.301696
v 0.265570 0.608273 -0.288027
v 0.257760 0.606321 -0.301696
v 0.253854 0.629753 -0.276310
v 0.244090 0.635612 -0.286074
v -0.316341 0.618037 0.036125
v -0.302672 0.635612 0.008787
v -0.290956 0.639517 0.018551
v -0.322199 0.619990 0.020504
v -0.285098 0.635612 0.038078
v -0.292909 0.627801 0.047842
v -0.316341 0.627801 0.008787
v -0.304625 0.619990 0.045889
v -0.320247 0.637564 0.014645
v -0.300719 0.637564 0.047842
v -0.292909 0.643422 0.038078
v -0.308530 0.643422 0.012693
v -0.298767 0.645375 0.020504
v -0.326105 0.629753 0.024409
v -0.310483 0.629753 0.047842
v -0.320247 0.627801 0.038078
v -0.324152 0.637564 -0.223587
v -0.318294 0.639517 -0.235303
v -0.283145 0.635612 -0.217729
v -0.320247 0.633659 -0.209918
v -0.287050 0.639517 -0.231398
v -0.304625 0.641470 -0.243114
v -0.304625 0.633659 -0.200154
v -0.290956 0.633659 -0.206012
v -0.318294 0.651233 -0.219681
v -0.312436 0.670761 -0.223587
v -0.314388 0.653186 -0.229445
v -0.316341 0.668808 -0.215776
v -0.308530 0.676619 -0.217729
v -0.324152 0.645375 -0.219681
v -0.318294 0.649281 -0.233350
v -0.304625 0.651233 -0.241161
v -0.304625 0.655139 -0.233350
v -0.304625 0.670761 -0.225540
v -0.304625 0.676619 -0.217729
v -0.304625 0.649281 -0.206012
v -0.294861 0.649281 -0.207965
v -0.304625 0.666855 -0.204060
v -0.296814 0.666855 -0.206012
v -0.312436 0.666855 -0.207965
v -0.314388 0.649281 -0.209918
v -0.304625 0.641470 -0.200154
v -0.290956 0.643422 -0.204060
v -0.318294 0.643422 -0.206012
v -0.304625 0.674666 -0.209918
v -0.302672 0.674666 -0.209918
v -0.306578 0.674666 -0.211870
v -0.308530 0.674666 -0.215776
v -0.302672 0.676619 -0.217729
v -0.292909 0.653186 -0.227492
v -0.296814 0.670761 -0.221634
v -0.289003 0.649281 -0.231398
v -0.292909 0.668808 -0.213823
v -0.289003 0.651233 -0.215776
v -0.283145 0.645375 -0.215776
v -0.300719 0.674666 -0.213823
vt 0.775000 0.178778
vt 0.775820 0.177430
vt 0.775000 0.175475
vt 0.441393 0.425390
vt 0.443033 0.437242
vt 0.443033 0.408340
vt 0.583197 0.580099
vt 0.576639 0.591380
vt 0.583197 0.593311
vt 0.856148 0.695706
vt 0.856148 0.691577
vt 0.855328 0.695458
vt 0.068443 0.537159
vt 0.056703 0.537985
vt 0.045492 0.537159
vt 0.416803 0.029315
vt 0.412653 0.030140
vt 0.411066 0.029315
vt 0.746311 0.504955
vt 0.746311 0.498348
vt 0.744672 0.502250
vt 0.877459 0.633774
vt 0.867351 0.637903
vt 0.865984 0.633774
vt 0.638123 0.408042
vt 0.637671 0.320676
vt 0.649185 0.323889
vt 0.610246 0.403434
vt 0.660646 0.321876
vt 0.652493 0.449069
vt 0.661544 0.449628
vt 0.634284 0.448888
vt 0.667654 0.320303
vt 0.678279 0.447261
vt 0.678279 0.323884
vt 0.616529 0.372837
vt 0.632258 0.306771
vt 0.642300 0.319306
vt 0.654025 0.323021
vt 0.621054 0.347251
vt 0.622186 0.319381
vt 0.633921 0.969287
vt 0.617808 0.966066
vt 0.640303 0.926652
vt 0.635029 0.858684
vt 0.608491 0.964582
vt 0.628024 0.858381
vt 0.603644 0.964032
vt 0.623487 0.857404
vt 0.648420 0.972307
vt 0.643609 0.926901
vt 0.663431 0.848804
vt 0.638099 0.849545
vt 0.662800 0.973184
vt 0.664806 0.848468
vt 0.664020 0.974032
vt 0.671721 0.847647
vt 0.671721 0.986059
vt 0.647825 0.986375
vt 0.648292 0.973123
vt 0.631674 0.981643
vt 0.633349 0.970333
vt 0.615699 0.978489
vt 0.617277 0.967316
vt 0.606408 0.976963
vt 0.608095 0.965862
vt 0.590574 0.970710
vt 0.602918 0.964473
vt 0.616535 0.849945
vt 0.622089 0.856735
vt 0.271685 0.858382
vt 0.291922 0.933194
vt 0.279082 0.929120
vt 0.295492 0.858628
vt 0.266983 0.902620
vt 0.271141 0.938383
vt 0.256967 0.862800
vt 0.295492 0.996284
vt 0.261673 0.903203
vt 0.533209 0.157397
vt 0.521170 0.183679
vt 0.527069 0.183963
vt 0.529479 0.184557
vt 0.515070 0.182127
vt 0.528724 0.156924
vt 0.510007 0.179078
vt 0.523160 0.156453
vt 0.506734 0.175047
vt 0.516693 0.157915
vt 0.506173 0.169967
vt 0.511460 0.160282
vt 0.507839 0.164670
vt 0.532046 0.185357
vt 0.535981 0.156595
vt 0.546010 0.155403
vt 0.544943 0.190048
vt 0.552988 0.154343
vt 0.548507 0.190794
vt 0.556293 0.155363
vt 0.552582 0.190737
vt 0.559085 0.155463
vt 0.555747 0.191200
vt 0.564209 0.190614
vt 0.567018 0.155595
vt 0.566200 0.191990
vt 0.568643 0.153179
vt 0.572598 0.189391
vt 0.574892 0.156770
vt 0.580738 0.185062
vt 0.582582 0.162514
vt 0.593852 0.174193
vt 0.541058 0.154412
vt 0.536814 0.189137
vt 0.535816 0.153502
vt 0.533942 0.154451
vt 0.530476 0.187138
vt 0.532710 0.189345
vt 0.528484 0.188013
vt 0.528212 0.186756
vt 0.529165 0.153544
vt 0.504612 0.163193
vt 0.509535 0.157525
vt 0.515707 0.154498
vt 0.522848 0.153179
vt 0.502869 0.169425
vt 0.503228 0.175598
vt 0.924063 0.035555
vt 0.925285 0.016782
vt 0.921760 0.033638
vt 0.922728 0.018715
vt 0.923510 0.014451
vt 0.917061 0.036456
vt 0.917499 0.038398
vt 0.923664 0.037271
vt 0.956148 0.014451
vt 0.955197 0.034632
vt 0.911066 0.033053
vt 0.911291 0.017801
vt 0.955073 0.036823
vt 0.973490 0.272750
vt 0.971721 0.277558
vt 0.997131 0.294385
vt 0.973330 0.283215
vt 0.977302 0.287850
vt 0.983636 0.291463
vt 0.990405 0.293636
vt 0.997131 0.263006
vt 0.989971 0.263697
vt 0.983317 0.265323
vt 0.977186 0.268360
vt 0.129891 0.138553
vt 0.131552 0.133361
vt 0.032734 0.133361
vt 0.031838 0.138119
vt 0.128873 0.143269
vt 0.031651 0.142428
vt 0.129661 0.145561
vt 0.131557 0.136364
vt 0.128878 0.148225
vt 0.031557 0.146977
vt 0.250990 0.403211
vt 0.250253 0.412919
vt 0.265031 0.414581
vt 0.265645 0.404729
vt 0.249447 0.424166
vt 0.235198 0.412518
vt 0.236023 0.402915
vt 0.234607 0.423645
vt 0.218775 0.412874
vt 0.218069 0.423308
vt 0.219568 0.403815
vt 0.236846 0.393801
vt 0.220411 0.394718
vt 0.251495 0.393994
vt 0.266096 0.395403
vt 0.204439 0.419281
vt 0.205526 0.410759
vt 0.206182 0.401614
vt 0.242674 0.426852
vt 0.264619 0.425652
vt 0.203414 0.426298
vt 0.255931 0.427720
vt 0.228280 0.425871
vt 0.252059 0.385183
vt 0.237406 0.385051
vt 0.266239 0.386545
vt 0.281260 0.416663
vt 0.281294 0.407041
vt 0.281395 0.427466
vt 0.281240 0.398010
vt 0.221293 0.385472
vt 0.252512 0.374363
vt 0.266311 0.376182
vt 0.280686 0.388980
vt 0.238167 0.374230
vt 0.207247 0.392310
vt 0.203885 0.394730
vt 0.222974 0.374165
vt 0.254413 0.342753
vt 0.242516 0.341827
vt 0.254416 0.341778
vt 0.242548 0.341361
vt 0.264060 0.342301
vt 0.264072 0.342773
vt 0.277862 0.376980
vt 0.230018 0.340972
vt 0.291615 0.404215
vt 0.289983 0.394054
vt 0.291893 0.413432
vt 0.294396 0.405225
vt 0.296040 0.396266
vt 0.294287 0.414330
vt 0.292134 0.422808
vt 0.270006 0.342430
vt 0.270046 0.342901
vt 0.210549 0.377542
vt 0.288316 0.380246
vt 0.226405 0.426821
vt 0.228656 0.427931
vt 0.201882 0.386289
vt 0.211990 0.427245
vt 0.271576 0.429211
vt 0.240800 0.427336
vt 0.242444 0.428701
vt 0.234866 0.428590
vt 0.229817 0.426786
vt 0.229997 0.428135
vt 0.240637 0.428868
vt 0.241911 0.430663
vt 0.240322 0.430714
vt 0.234966 0.429433
vt 0.235478 0.430801
vt 0.230328 0.429953
vt 0.294665 0.423552
vt 0.292955 0.432695
vt 0.286779 0.432442
vt 0.284618 0.341684
vt 0.284696 0.342149
vt 0.298836 0.387778
vt 0.222623 0.339802
vt 0.217498 0.428450
vt 0.214045 0.427496
vt 0.296356 0.414250
vt 0.296478 0.405465
vt 0.298031 0.396859
vt 0.295123 0.433203
vt 0.226871 0.427957
vt 0.229429 0.429973
vt 0.227296 0.429707
vt 0.218235 0.428883
vt 0.296806 0.423258
vt 0.301537 0.414237
vt 0.301663 0.406052
vt 0.300661 0.388755
vt 0.302284 0.422675
vt 0.302857 0.398152
vt 0.230351 0.340404
vt 0.297507 0.432790
vt 0.303673 0.431313
vt 0.305811 0.439224
vt 0.303425 0.379726
vt 0.299099 0.439710
vt 0.244350 0.427762
vt 0.249218 0.429665
vt 0.254684 0.428474
vt 0.244163 0.429313
vt 0.243456 0.431076
vt 0.248916 0.430779
vt 0.248812 0.432147
vt 0.254217 0.431943
vt 0.254488 0.430017
vt 0.255867 0.429774
vt 0.257722 0.428700
vt 0.263395 0.430853
vt 0.269772 0.429550
vt 0.269583 0.431072
vt 0.255708 0.431792
vt 0.308929 0.446999
vt 0.301517 0.449625
vt 0.285035 0.432816
vt 0.280640 0.433219
vt 0.281318 0.434255
vt 0.284848 0.433809
vt 0.273096 0.430324
vt 0.272822 0.431318
vt 0.271033 0.430819
vt 0.270059 0.432483
vt 0.271993 0.432978
vt 0.280270 0.433670
vt 0.280909 0.434364
vt 0.292939 0.339802
vt 0.293042 0.340261
vt 0.305245 0.390760
vt 0.203847 0.403081
vt 0.202162 0.394814
vt 0.201639 0.402976
vt 0.202848 0.411301
vt 0.201070 0.411145
vt 0.202218 0.419261
vt 0.200410 0.419162
vt 0.202106 0.427124
vt 0.305169 0.380952
vt 0.312727 0.455708
vt 0.305725 0.458569
vt 0.309090 0.384062
vt 0.281711 0.436083
vt 0.280544 0.435777
vt 0.284835 0.435502
vt 0.316803 0.463825
vt 0.310334 0.467795
vt 0.315997 0.369814
vt 0.210758 0.428295
vt 0.287158 0.434111
vt 0.285071 0.433363
vt 0.438964 0.224480
vt 0.429808 0.248188
vt 0.422148 0.247031
vt 0.423529 0.230267
vt 0.436264 0.251828
vt 0.440708 0.256138
vt 0.415189 0.247721
vt 0.409458 0.238296
vt 0.407709 0.250849
vt 0.400071 0.256391
vt 0.391017 0.256855
vt 0.437885 0.224108
vt 0.438874 0.223543
vt 0.452302 0.222662
vt 0.442482 0.259293
vt 0.469787 0.243276
vt 0.471806 0.249261
vt 0.474617 0.254213
vt 0.443968 0.263898
vt 0.469154 0.236690
vt 0.469157 0.230040
vt 0.471119 0.223644
vt 0.430500 0.213009
vt 0.417273 0.217590
vt 0.476639 0.255994
vt 0.443956 0.266309
vt 0.404578 0.224567
vt 0.389287 0.238467
vt 0.414731 0.219043
vt 0.423130 0.230049
vt 0.375820 0.257328
vt 0.452461 0.221611
vt 0.471186 0.221700
vt 0.455583 0.208505
vt 0.443444 0.209209
vt 0.432902 0.211674
vt 0.476639 0.211173
vt 0.431797 0.212766
vt 0.415376 0.218903
vt 0.830080 0.310930
vt 0.826195 0.310578
vt 0.826526 0.306709
vt 0.831427 0.309254
vt 0.830790 0.414923
vt 0.826467 0.414770
vt 0.834836 0.309961
vt 0.834836 0.414946
vt 0.834329 0.311392
vt 0.823857 0.300165
vt 0.822676 0.310333
vt 0.822541 0.413649
vt 0.566389 0.593878
vt 0.562557 0.593108
vt 0.563892 0.591864
vt 0.559481 0.588336
vt 0.565775 0.595811
vt 0.568995 0.594925
vt 0.568687 0.596977
vt 0.571692 0.595557
vt 0.572985 0.598084
vt 0.576551 0.595909
vt 0.568162 0.598559
vt 0.572497 0.599956
vt 0.579396 0.600930
vt 0.579140 0.598493
vt 0.586475 0.599846
vt 0.585523 0.597115
vt 0.565029 0.597117
vt 0.561746 0.594134
vt 0.561620 0.587570
vt 0.558856 0.583589
vt 0.561038 0.583241
vt 0.558400 0.578866
vt 0.560725 0.578832
vt 0.558720 0.573929
vt 0.561224 0.574017
vt 0.559614 0.567066
vt 0.561585 0.567444
vt 0.562046 0.561463
vt 0.563178 0.562823
vt 0.561799 0.594631
vt 0.548336 0.588855
vt 0.547722 0.583827
vt 0.545952 0.574863
vt 0.536915 0.587081
vt 0.538424 0.575011
vt 0.547032 0.564978
vt 0.540866 0.563846
vt 0.550894 0.554601
vt 0.545902 0.551335
vt 0.562796 0.547624
vt 0.568959 0.560528
vt 0.573063 0.555758
vt 0.539193 0.563215
vt 0.544416 0.549707
vt 0.550023 0.596122
vt 0.562450 0.545417
vt 0.536275 0.575021
vt 0.532011 0.586640
vt 0.533734 0.608140
vt 0.525203 0.609024
vt 0.534962 0.640316
vt 0.524180 0.641823
vt 0.526624 0.681317
vt 0.540390 0.679091
vt 0.544591 0.727650
vt 0.559858 0.722005
vt 0.586475 0.770025
vt 0.785400 0.106894
vt 0.771484 0.099851
vt 0.787347 0.098508
vt 0.776037 0.105737
vt 0.763807 0.092850
vt 0.783784 0.114484
vt 0.788864 0.087467
vt 0.760508 0.079472
vt 0.759460 0.090984
vt 0.772858 0.073166
vt 0.790393 0.077282
vt 0.758607 0.073059
vt 0.790580 0.087704
vt 0.788724 0.098758
vt 0.793033 0.088017
vt 0.791186 0.099112
vt 0.786771 0.107542
vt 0.789525 0.108188
vt 0.791934 0.077391
vt 0.770167 0.068531
vt 0.785375 0.115182
vt 0.787704 0.115539
vt 0.779415 0.066474
vt 0.776699 0.114419
vt 0.781923 0.121468
vt 0.783259 0.122990
vt 0.785560 0.123491
vt 0.780582 0.126361
vt 0.777239 0.125701
vt 0.784190 0.130058
vt 0.781262 0.127087
vt 0.779071 0.127930
vt 0.791396 0.068122
vt 0.793033 0.067815
vt 0.555195 0.532678
vt 0.536096 0.500408
vt 0.554522 0.498224
vt 0.547748 0.532220
vt 0.539809 0.532883
vt 0.533812 0.533933
vt 0.530987 0.500071
vt 0.526105 0.535744
vt 0.562119 0.533694
vt 0.568483 0.490976
vt 0.555141 0.533145
vt 0.562070 0.534357
vt 0.572356 0.536559
vt 0.579098 0.497037
vt 0.574984 0.485136
vt 0.571863 0.537204
vt 0.513525 0.519122
vt 0.515735 0.497095
vt 0.517156 0.538876
vt 0.579098 0.540462
vt 0.535824 0.498267
vt 0.554829 0.495844
vt 0.153300 0.065392
vt 0.156612 0.065207
vt 0.153901 0.102150
vt 0.164812 0.101204
vt 0.150548 0.102808
vt 0.165893 0.066509
vt 0.149038 0.065963
vt 0.167550 0.101929
vt 0.168392 0.064822
vt 0.173884 0.099158
vt 0.174667 0.068242
vt 0.181806 0.094614
vt 0.182650 0.073718
vt 0.193033 0.084172
vt 0.144969 0.101377
vt 0.145075 0.067072
vt 0.135614 0.099159
vt 0.137347 0.067857
vt 0.139685 0.101417
vt 0.133557 0.100891
vt 0.133197 0.099899
vt 0.139886 0.065697
vt 0.135091 0.066705
vt 0.135201 0.064822
vt 0.958912 0.593221
vt 0.960809 0.590853
vt 0.975622 0.591606
vt 0.958034 0.585856
vt 0.979315 0.593556
vt 0.957260 0.592865
vt 0.956148 0.586462
vt 0.960024 0.624489
vt 0.976304 0.579921
vt 0.961027 0.579273
vt 0.979918 0.624690
vt 0.957904 0.624393
vt 0.979918 0.581873
vt 0.979581 0.592820
vt 0.062147 0.399764
vt 0.058127 0.392303
vt 0.077922 0.380185
vt 0.072685 0.374129
vt 0.045145 0.407459
vt 0.049966 0.414166
vt 0.030685 0.422364
vt 0.036258 0.427696
vt 0.019604 0.432711
vt 0.025221 0.437675
vt 0.083092 0.376214
vt 0.078215 0.369558
vt 0.092099 0.373596
vt 0.089010 0.363124
vt 0.104702 0.364757
vt 0.102157 0.373771
vt 0.111245 0.380041
vt 0.118727 0.373181
vt 0.122556 0.384620
vt 0.129474 0.382349
vt 0.073561 0.363384
vt 0.013289 0.427878
vt 0.024930 0.416241
vt 0.040335 0.400586
vt 0.107417 0.356889
vt 0.092805 0.354290
vt 0.079655 0.356847
vt 0.084649 0.349433
vt 0.076641 0.354796
vt 0.069355 0.363679
vt 0.094498 0.346657
vt 0.067522 0.368091
vt 0.053329 0.385318
vt 0.048829 0.376239
vt 0.045705 0.382002
vt 0.121539 0.363942
vt 0.126765 0.373335
vt 0.110636 0.347736
vt 0.099434 0.343427
vt 0.123363 0.355390
vt 0.127210 0.365289
vt 0.127251 0.372943
vt 0.129949 0.372838
vt 0.132840 0.389087
vt 0.124475 0.391219
vt 0.132556 0.414779
vt 0.115043 0.387317
vt 0.116040 0.393326
vt 0.123880 0.417425
vt 0.115536 0.420029
vt 0.132892 0.432937
vt 0.124727 0.435192
vt 0.116787 0.437319
vt 0.126539 0.454162
vt 0.118715 0.455808
vt 0.129183 0.469515
vt 0.121213 0.470128
vt 0.134450 0.452851
vt 0.137417 0.468794
vt 0.034609 0.393304
vt 0.057625 0.368132
vt 0.105020 0.385221
vt 0.099466 0.382635
vt 0.092805 0.381218
vt 0.018723 0.410294
vt 0.007038 0.421943
vt 0.110645 0.457182
vt 0.113621 0.471098
vt 0.108734 0.439677
vt 0.107423 0.422784
vt 0.141704 0.430822
vt 0.143098 0.451131
vt 0.146311 0.468107
vt 0.086806 0.383106
vt 0.082605 0.386332
vt 0.107304 0.390682
vt 0.142334 0.399328
vt 0.066459 0.407167
vt 0.107591 0.395315
vt 0.041485 0.433355
vt 0.030861 0.442958
vt 0.054753 0.420764
vt 0.146311 0.413933
vt 0.071398 0.414704
vt 0.088215 0.392695
vt 0.091056 0.389423
vt 0.059499 0.427749
vt 0.046990 0.439917
vt 0.036577 0.449306
vt 0.041968 0.380536
vt 0.044712 0.373998
vt 0.039567 0.378711
vt 0.042960 0.372714
vt 0.039803 0.370051
vt 0.035649 0.374769
vt 0.034324 0.375344
vt 0.034131 0.363019
vt 0.028369 0.368709
vt 0.027186 0.370012
vt 0.028434 0.355439
vt 0.021348 0.361798
vt 0.020292 0.362932
vt 0.022701 0.347426
vt 0.014581 0.353872
vt 0.013513 0.355007
vt 0.017594 0.340786
vt 0.009101 0.346664
vt 0.007678 0.347512
vt 0.005951 0.342503
vt 0.004508 0.343361
vt 0.015002 0.336499
vt 0.801014 0.873134
vt 0.767365 0.878598
vt 0.803951 0.861732
vt 0.766927 0.861403
vt 0.806570 0.852015
vt 0.768076 0.852472
vt 0.808127 0.845214
vt 0.807944 0.852291
vt 0.805351 0.861906
vt 0.810700 0.853186
vt 0.808073 0.862878
vt 0.802467 0.873648
vt 0.805497 0.874368
vt 0.812705 0.846117
vt 0.809911 0.845264
vt 0.801411 0.886254
vt 0.804685 0.886411
vt 0.770489 0.894105
vt 0.799858 0.886041
vt 0.792739 0.907020
vt 0.802605 0.896922
vt 0.805620 0.895427
vt 0.776198 0.909751
vt 0.800709 0.897764
vt 0.807291 0.903863
vt 0.812705 0.904064
vt 0.798131 0.914571
vt 0.799590 0.919488
vt 0.770644 0.918512
vt 0.775128 0.911266
vt 0.791754 0.908310
vt 0.761811 0.896052
vt 0.766816 0.894807
vt 0.761692 0.878605
vt 0.757401 0.878774
vt 0.752846 0.861534
vt 0.755695 0.861928
vt 0.805358 0.904041
vt 0.798112 0.912105
vt 0.757154 0.847594
vt 0.753675 0.846954
vt 0.753920 0.878940
vt 0.749590 0.861554
vt 0.759375 0.897790
vt 0.750581 0.846838
vt 0.755055 0.831198
vt 0.767059 0.838565
vt 0.751209 0.831131
vt 0.321994 0.208417
vt 0.310014 0.207191
vt 0.330717 0.236558
vt 0.315657 0.240123
vt 0.345921 0.231337
vt 0.334038 0.207573
vt 0.343268 0.214689
vt 0.340013 0.202501
vt 0.348731 0.210015
vt 0.298414 0.203904
vt 0.299245 0.240824
vt 0.288075 0.201096
vt 0.298664 0.250575
vt 0.298585 0.202340
vt 0.282791 0.240773
vt 0.280816 0.199974
vt 0.288399 0.199577
vt 0.289157 0.196765
vt 0.299446 0.199564
vt 0.310338 0.205734
vt 0.310866 0.202708
vt 0.322324 0.206878
vt 0.321756 0.203149
vt 0.333356 0.205897
vt 0.330892 0.201746
vt 0.339777 0.200546
vt 0.339973 0.195293
vt 0.351253 0.210133
vt 0.356148 0.208459
vt 0.351718 0.237197
vt 0.344857 0.215390
vt 0.347965 0.232697
vt 0.333648 0.244242
vt 0.331862 0.240590
vt 0.315687 0.245119
vt 0.316048 0.249164
vt 0.298429 0.254179
vt 0.333973 0.247872
vt 0.316367 0.252558
vt 0.298329 0.257225
vt 0.354761 0.239778
vt 0.281516 0.195293
vt 0.280823 0.198165
vt 0.277173 0.253899
vt 0.277874 0.251316
vt 0.276639 0.256302
vt 0.677592 0.665413
vt 0.665107 0.664817
vt 0.684140 0.700373
vt 0.668699 0.703588
vt 0.654276 0.663469
vt 0.655323 0.703446
vt 0.644929 0.661232
vt 0.645541 0.702568
vt 0.645231 0.659711
vt 0.654802 0.662103
vt 0.665451 0.663340
vt 0.655762 0.659631
vt 0.665725 0.660459
vt 0.646150 0.657177
vt 0.677354 0.663544
vt 0.676240 0.660746
vt 0.689103 0.663928
vt 0.688158 0.660418
vt 0.696468 0.674180
vt 0.698072 0.695162
vt 0.689556 0.665680
vt 0.695793 0.661484
vt 0.702389 0.670010
vt 0.695794 0.659820
vt 0.696954 0.654418
vt 0.704321 0.670041
vt 0.709426 0.668982
vt 0.703979 0.699748
vt 0.698075 0.674777
vt 0.699716 0.696174
vt 0.683879 0.708169
vt 0.683169 0.704667
vt 0.668479 0.708743
vt 0.668898 0.713023
vt 0.654801 0.717389
vt 0.654805 0.714919
vt 0.641464 0.716661
vt 0.641806 0.714206
vt 0.656377 0.657202
vt 0.647709 0.654813
vt 0.684803 0.711795
vt 0.637816 0.655351
vt 0.636981 0.657942
vt 0.636928 0.659897
vt 0.628976 0.713472
vt 0.633948 0.700944
vt 0.630038 0.710823
vt 0.706605 0.702263
vt 0.632792 0.657347
vt 0.633000 0.654418
vt 0.617623 0.705744
vt 0.621685 0.694764
vt 0.654797 0.720479
vt 0.640811 0.719594
vt 0.669469 0.716178
vt 0.632733 0.659135
vt 0.628198 0.716786
vt 0.084933 0.859423
vt 0.093347 0.848526
vt 0.080477 0.848789
vt 0.087783 0.828897
vt 0.076607 0.838355
vt 0.076306 0.827635
vt 0.100564 0.868332
vt 0.093082 0.874247
vt 0.105218 0.864792
vt 0.110594 0.861429
vt 0.099476 0.828271
vt 0.118248 0.857000
vt 0.104622 0.826948
vt 0.109587 0.825225
vt 0.127073 0.852985
vt 0.127202 0.853436
vt 0.134662 0.851220
vt 0.126787 0.819221
vt 0.134747 0.851681
vt 0.138539 0.809661
vt 0.142149 0.850168
vt 0.142213 0.850632
vt 0.048591 0.854168
vt 0.050731 0.837316
vt 0.035358 0.829180
vt 0.048906 0.828726
vt 0.044371 0.809661
vt 0.055277 0.818297
vt 0.064045 0.831886
vt 0.065290 0.823860
vt 0.063852 0.842433
vt 0.060511 0.855531
vt 0.058040 0.865812
vt 0.068749 0.854398
vt 0.064215 0.873462
vt 0.075040 0.864267
vt 0.058254 0.879117
vt 0.047610 0.870356
vt 0.043371 0.865222
vt 0.044938 0.883534
vt 0.048701 0.887277
vt 0.076067 0.890783
vt 0.080435 0.886752
vt 0.085447 0.881482
vt 0.068848 0.894751
vt 0.070696 0.896288
vt 0.063443 0.899670
vt 0.039413 0.870494
vt 0.028279 0.856975
vt 0.036020 0.856568
vt 0.036044 0.852070
vt 0.258184 0.286124
vt 0.254180 0.280744
vt 0.256221 0.279230
vt 0.260502 0.284802
vt 0.260216 0.291137
vt 0.262742 0.290590
vt 0.261470 0.296681
vt 0.251347 0.274653
vt 0.264211 0.298586
vt 0.260982 0.305229
vt 0.267623 0.298422
vt 0.265606 0.289523
vt 0.267589 0.311573
vt 0.263451 0.311247
vt 0.266435 0.323839
vt 0.262953 0.283307
vt 0.258199 0.277253
vt 0.260429 0.277547
vt 0.261813 0.323223
vt 0.250477 0.272089
vt 0.256950 0.314551
vt 0.250410 0.320039
vt 0.267623 0.335673
vt 0.745077 0.712296
vt 0.732813 0.707296
vt 0.735755 0.702333
vt 0.738517 0.696198
vt 0.746265 0.700887
vt 0.742673 0.689294
vt 0.748273 0.692255
vt 0.747645 0.682456
vt 0.750687 0.686050
vt 0.755210 0.700850
vt 0.755216 0.692640
vt 0.755101 0.711588
vt 0.749009 0.712843
vt 0.755068 0.713068
vt 0.723209 0.701448
vt 0.726819 0.698454
vt 0.732823 0.691810
vt 0.738995 0.684978
vt 0.744921 0.678533
vt 0.754798 0.687103
vt 0.748283 0.671764
vt 0.727382 0.719116
vt 0.736275 0.721665
vt 0.743821 0.713802
vt 0.743966 0.724973
vt 0.715595 0.710809
vt 0.717342 0.697702
vt 0.709462 0.705768
vt 0.722665 0.729503
vt 0.731608 0.731686
vt 0.744518 0.736115
vt 0.701445 0.714785
vt 0.708458 0.720051
vt 0.750365 0.725139
vt 0.747778 0.714029
vt 0.752636 0.737702
vt 0.749136 0.714304
vt 0.730200 0.746644
vt 0.744297 0.746691
vt 0.716202 0.742627
vt 0.752381 0.750908
vt 0.718228 0.695539
vt 0.715912 0.692910
vt 0.711213 0.693879
vt 0.712378 0.687664
vt 0.734937 0.673065
vt 0.738543 0.677055
vt 0.753362 0.656895
vt 0.756967 0.660885
vt 0.693033 0.723889
vt 0.700813 0.729178
vt 0.751458 0.725093
vt 0.753844 0.714212
vt 0.754568 0.724768
vt 0.753826 0.737978
vt 0.756474 0.737857
vt 0.753753 0.752143
vt 0.756967 0.753510
vt 0.859495 0.440960
vt 0.851191 0.444088
vt 0.851606 0.445113
vt 0.847295 0.446541
vt 0.847111 0.445192
vt 0.859851 0.442029
vt 0.838146 0.446617
vt 0.867773 0.436966
vt 0.868821 0.438069
vt 0.875301 0.431594
vt 0.876361 0.432680
vt 0.877973 0.418249
vt 0.882064 0.419068
vt 0.819782 0.439278
vt 0.813033 0.418249
vt 0.829112 0.445091
vt 0.880533 0.424666
vt 0.837962 0.447724
vt 0.828914 0.446125
vt 0.823127 0.443539
vt 0.822963 0.443784
vt 0.819179 0.440323
vt 0.884836 0.420776
vt 0.881241 0.425311
vt 0.837735 0.451280
vt 0.847800 0.450080
vt 0.861263 0.445362
vt 0.852408 0.448460
vt 0.828120 0.449428
vt 0.870662 0.441035
vt 0.821440 0.446560
vt 0.878785 0.435148
vt 0.883940 0.427419
vt 0.818070 0.444321
vt 0.811066 0.441561
vt 0.368928 0.433739
vt 0.367048 0.426630
vt 0.374607 0.426332
vt 0.376658 0.434437
vt 0.359459 0.433324
vt 0.358774 0.426932
vt 0.364365 0.409677
vt 0.373011 0.403688
vt 0.374981 0.400856
vt 0.356194 0.413575
vt 0.349636 0.386026
vt 0.361206 0.386817
vt 0.359944 0.378553
vt 0.376308 0.389568
vt 0.364925 0.373713
vt 0.379136 0.391325
vt 0.380029 0.388675
vt 0.367117 0.372351
vt 0.382377 0.387168
vt 0.369446 0.370355
vt 0.351635 0.427686
vt 0.352617 0.432897
vt 0.339754 0.392296
vt 0.349034 0.417105
vt 0.371126 0.439131
vt 0.359962 0.437378
vt 0.382377 0.443673
vt 0.352209 0.435592
vt 0.376263 0.426299
vt 0.369238 0.445349
vt 0.378429 0.449223
vt 0.358234 0.441237
vt 0.357818 0.442976
vt 0.350035 0.440275
vt 0.349692 0.442549
vt 0.357241 0.444808
vt 0.368037 0.447665
vt 0.378657 0.452106
vt 0.351415 0.438077
vt 0.544948 0.147222
vt 0.551679 0.147578
vt 0.548293 0.126574
vt 0.554070 0.127042
vt 0.541272 0.125630
vt 0.538400 0.146405
vt 0.532549 0.123682
vt 0.528972 0.144869
vt 0.537972 0.147846
vt 0.545007 0.148800
vt 0.551795 0.149172
vt 0.528503 0.146305
vt 0.521785 0.120149
vt 0.517501 0.142231
vt 0.517522 0.143993
vt 0.512705 0.141908
vt 0.564037 0.147340
vt 0.564232 0.148923
vt 0.563479 0.126884
vt 0.574709 0.147135
vt 0.573938 0.125147
vt 0.582580 0.145513
vt 0.581127 0.122849
vt 0.544739 0.150301
vt 0.537523 0.149301
vt 0.528317 0.147895
vt 0.551614 0.150702
vt 0.591737 0.143160
vt 0.588673 0.120149
vt 0.574675 0.148646
vt 0.517139 0.145524
vt 0.592213 0.144523
vt 0.583381 0.146790
vt 0.815852 0.588241
vt 0.826453 0.560597
vt 0.825732 0.589489
vt 0.816389 0.559077
vt 0.816148 0.604353
vt 0.825676 0.605130
vt 0.816570 0.620888
vt 0.825767 0.621343
vt 0.817522 0.633774
vt 0.826655 0.633700
vt 0.837295 0.561273
vt 0.837166 0.590030
vt 0.836744 0.605963
vt 0.836728 0.622071
vt 0.836328 0.556969
vt 0.825169 0.556684
vt 0.837295 0.633418
vt 0.815787 0.555482
vt 0.807174 0.619879
vt 0.808088 0.633746
vt 0.807200 0.603490
vt 0.806993 0.586950
vt 0.806997 0.557514
vt 0.805779 0.554046
vt 0.798152 0.584975
vt 0.798542 0.619187
vt 0.798617 0.602232
vt 0.799185 0.633523
vt 0.797335 0.556028
vt 0.796388 0.552052
vt 0.789527 0.600981
vt 0.789161 0.582955
vt 0.788559 0.554870
vt 0.789720 0.618824
vt 0.790631 0.633157
vt 0.788115 0.550372
vt 0.323393 0.147953
vt 0.309160 0.148704
vt 0.322853 0.156606
vt 0.311859 0.157751
vt 0.285386 0.153515
vt 0.286168 0.163347
vt 0.279601 0.164475
vt 0.273033 0.157409
vt 0.284968 0.145170
vt 0.328791 0.156438
vt 0.330147 0.147648
vt 0.323837 0.139606
vt 0.296157 0.139194
vt 0.331770 0.138271
vt 0.284551 0.135536
vt 0.268656 0.151460
vt 0.266974 0.148558
vt 0.282785 0.132942
vt 0.285510 0.133452
vt 0.294097 0.136788
vt 0.337797 0.146687
vt 0.344216 0.132686
vt 0.334153 0.158251
vt 0.323856 0.137913
vt 0.287186 0.173823
vt 0.312045 0.165363
vt 0.322624 0.163193
vt 0.327861 0.163036
vt 0.331619 0.136597
vt 0.345443 0.130884
vt 0.348789 0.139927
vt 0.351230 0.139342
vt 0.344962 0.151495
vt 0.342772 0.150089
vt 0.339344 0.161069
vt 0.337392 0.160009
vt 0.330382 0.164039
vt 0.334190 0.167647
vt 0.336214 0.168769
vt 0.332303 0.165835
vt 0.281544 0.130884
vt 0.265984 0.146198
vt 0.429098 0.182585
vt 0.302465 0.184946
vt 0.302114 0.182585
vt 0.428997 0.185384
vt 0.429033 0.180429
vt 0.302049 0.180429
vt 0.335749 0.298168
vt 0.345094 0.304548
vt 0.341513 0.290273
vt 0.333901 0.295480
vt 0.355414 0.293477
vt 0.360134 0.306614
vt 0.363525 0.303577
vt 0.359085 0.294318
vt 0.343854 0.313140
vt 0.350890 0.319950
vt 0.329561 0.294361
vt 0.329281 0.290236
vt 0.336712 0.317162
vt 0.336175 0.324938
vt 0.337659 0.302417
vt 0.358062 0.287709
vt 0.343082 0.286127
vt 0.331574 0.316025
vt 0.327654 0.323961
vt 0.326682 0.311433
vt 0.321170 0.319870
vt 0.339307 0.309887
vt 0.323051 0.307965
vt 0.316449 0.312854
vt 0.321565 0.303356
vt 0.315164 0.303275
vt 0.322483 0.298061
vt 0.320216 0.292710
vt 0.325429 0.295310
vt 0.330860 0.311966
vt 0.329518 0.286127
vt 0.334782 0.313760
vt 0.318932 0.288480
vt 0.851191 0.313311
vt 0.853123 0.312552
vt 0.855328 0.313320
vt 0.855054 0.412524
vt 0.850628 0.412704
vt 0.855328 0.414121
vt 0.846840 0.313226
vt 0.846312 0.412429
vt 0.842213 0.313411
vt 0.842405 0.412581
vt 0.218443 0.016928
vt 0.237057 0.034269
vt 0.250307 0.032552
vt 0.262928 0.024512
vt 0.268443 0.016928
vt 0.222860 0.029539
vt 0.219343 0.027473
vt 0.086427 0.532570
vt 0.183699 0.532492
vt 0.085962 0.528084
vt 0.183927 0.528092
vt 0.084841 0.526682
vt 0.187595 0.532628
vt 0.191649 0.527577
vt 0.084836 0.523947
vt 0.183387 0.523947
vt 0.193235 0.524405
vt 0.197951 0.525656
vt 0.197736 0.530580
vt 0.191505 0.531802
vt 0.183510 0.536442
vt 0.086255 0.537159
vt 0.195346 0.533003
vt 0.201482 0.559320
vt 0.202036 0.553988
vt 0.200192 0.554360
vt 0.204559 0.558521
vt 0.200496 0.553254
vt 0.203335 0.564628
vt 0.207012 0.564175
vt 0.202353 0.553344
vt 0.202514 0.553869
vt 0.204789 0.552373
vt 0.194492 0.553017
vt 0.197135 0.564587
vt 0.197911 0.559067
vt 0.193018 0.565023
vt 0.193592 0.559290
vt 0.204193 0.553330
vt 0.204893 0.558452
vt 0.205865 0.558087
vt 0.207643 0.564043
vt 0.208669 0.563640
vt 0.195303 0.550319
vt 0.198766 0.571568
vt 0.204729 0.569614
vt 0.192158 0.571841
vt 0.209464 0.570076
vt 0.211066 0.570081
vt 0.208658 0.569903
vt 0.185421 0.562607
vt 0.187315 0.557312
vt 0.189205 0.551779
vt 0.181569 0.561129
vt 0.183793 0.556010
vt 0.185837 0.551015
vt 0.185705 0.550282
vt 0.179425 0.566472
vt 0.183419 0.567712
vt 0.190532 0.549245
vt 0.188721 0.545464
vt 0.204618 0.551749
vt 0.184410 0.550028
vt 0.185467 0.551540
vt 0.188482 0.545085
vt 0.187991 0.544015
vt 0.183336 0.546992
vt 0.181646 0.551924
vt 0.139570 0.559518
vt 0.139370 0.549094
vt 0.079460 0.563838
vt 0.078701 0.547556
vt 0.005328 0.537985
vt 0.010821 0.565623
vt 0.192974 0.545241
vt 0.191714 0.542538
vt 0.195943 0.546940
vt 0.191465 0.541991
vt 0.190891 0.541260
vt 0.203346 0.547671
vt 0.199564 0.548470
vt 0.202665 0.543742
vt 0.199697 0.544495
vt 0.197168 0.543493
vt 0.202029 0.541300
vt 0.194076 0.537985
vt 0.194735 0.538534
vt 0.195189 0.541822
vt 0.198545 0.540109
vt 0.200202 0.541332
vt 0.196982 0.538364
vt 0.907389 0.118466
vt 0.909426 0.105168
vt 0.898137 0.118149
vt 0.902084 0.097977
vt 0.907738 0.096462
vt 0.903840 0.084641
vt 0.888502 0.117692
vt 0.894596 0.086121
vt 0.881156 0.090792
vt 0.878349 0.116057
vt 0.888614 0.119090
vt 0.885051 0.085460
vt 0.877669 0.117360
vt 0.888046 0.122170
vt 0.877088 0.120424
vt 0.898323 0.119917
vt 0.897772 0.122626
vt 0.875349 0.098325
vt 0.879727 0.090430
vt 0.883038 0.084641
vt 0.869084 0.116060
vt 0.869599 0.114192
vt 0.868199 0.118644
vt 0.868420 0.101809
vt 0.907425 0.120227
vt 0.862110 0.112411
vt 0.861270 0.113952
vt 0.860195 0.102597
vt 0.854785 0.110532
vt 0.853743 0.112304
vt 0.850550 0.109231
vt 0.848705 0.104664
vt 0.848104 0.108607
vt 0.849783 0.110536
vt 0.847951 0.114229
vt 0.071058 0.177285
vt 0.058801 0.187484
vt 0.075094 0.183012
vt 0.063881 0.191781
vt 0.079379 0.189829
vt 0.069155 0.196539
vt 0.089905 0.184029
vt 0.087575 0.176730
vt 0.085588 0.169323
vt 0.083367 0.196588
vt 0.072188 0.201610
vt 0.092593 0.189237
vt 0.065455 0.206178
vt 0.050988 0.198883
vt 0.056453 0.201927
vt 0.073335 0.206411
vt 0.086222 0.201490
vt 0.075656 0.214599
vt 0.089861 0.207049
vt 0.092841 0.210968
vt 0.076471 0.218764
vt 0.064643 0.216087
vt 0.063423 0.220892
vt 0.050887 0.212724
vt 0.049464 0.217994
vt 0.046114 0.211717
vt 0.041313 0.215880
vt 0.049446 0.197294
vt 0.036475 0.213598
vt 0.044636 0.194893
vt 0.055387 0.182340
vt 0.050298 0.180614
vt 0.062508 0.165566
vt 0.101346 0.196283
vt 0.106353 0.198708
vt 0.107882 0.185014
vt 0.112902 0.186294
vt 0.099838 0.183051
vt 0.110077 0.174511
vt 0.115859 0.173878
vt 0.099507 0.174556
vt 0.111573 0.166711
vt 0.116803 0.165566
vt 0.099249 0.167179
vt 0.773087 0.807038
vt 0.787318 0.807705
vt 0.785424 0.781809
vt 0.771070 0.798388
vt 0.770902 0.781585
vt 0.797338 0.781585
vt 0.801230 0.809661
vt 0.852616 0.788309
vt 0.847716 0.757881
vt 0.850403 0.760573
vt 0.858911 0.787128
vt 0.862764 0.753820
vt 0.851131 0.749617
vt 0.865509 0.748173
vt 0.858602 0.742218
vt 0.849666 0.745431
vt 0.864774 0.786445
vt 0.850248 0.787942
vt 0.866044 0.739976
vt 0.851091 0.795971
vt 0.853849 0.797039
vt 0.858756 0.787818
vt 0.860153 0.796881
vt 0.864472 0.787131
vt 0.865645 0.795723
vt 0.855496 0.812663
vt 0.863289 0.811487
vt 0.869445 0.809963
vt 0.873027 0.755883
vt 0.874792 0.748826
vt 0.875000 0.739472
vt 0.851123 0.811063
vt 0.843888 0.817919
vt 0.843033 0.815492
vt 0.849189 0.809922
vt 0.870731 0.787153
vt 0.845053 0.746139
vt 0.846283 0.749845
vt 0.871356 0.795319
vt 0.870513 0.786709
vt 0.875000 0.808484
vt 0.398822 0.002104
vt 0.378859 0.002039
vt 0.379344 0.021630
vt 0.398889 0.021768
vt 0.377459 0.002420
vt 0.378288 0.000413
vt 0.399378 0.000413
vt 0.400410 0.022708
vt 0.400387 0.002415
vt 0.377618 0.022569
vt 0.093045 0.309857
vt 0.097276 0.314877
vt 0.086454 0.319701
vt 0.081743 0.335578
vt 0.078428 0.326707
vt 0.069287 0.330602
vt 0.102869 0.300993
vt 0.097971 0.298536
vt 0.068410 0.338144
vt 0.060259 0.331003
vt 0.099140 0.285800
vt 0.102221 0.284335
vt 0.094575 0.271158
vt 0.098216 0.269205
vt 0.086589 0.258010
vt 0.083729 0.259519
vt 0.099727 0.320893
vt 0.056679 0.336580
vt 0.051113 0.327970
vt 0.073419 0.252470
vt 0.070809 0.255441
vt 0.059450 0.257108
vt 0.058732 0.253737
vt 0.049735 0.262344
vt 0.036573 0.263521
vt 0.042584 0.268380
vt 0.037184 0.275601
vt 0.031449 0.270477
vt 0.033803 0.284441
vt 0.027947 0.279993
vt 0.033400 0.294609
vt 0.054899 0.250467
vt 0.026970 0.291073
vt 0.046374 0.331630
vt 0.043982 0.321901
vt 0.034901 0.303732
vt 0.028915 0.303516
vt 0.038293 0.313221
vt 0.033419 0.316187
vt 0.038825 0.324202
vt 0.102869 0.266799
vt 0.032130 0.255122
vt 0.073748 0.248142
vt 0.089795 0.253873
vt 0.025522 0.263901
vt 0.082129 0.277900
vt 0.044651 0.309392
vt 0.084674 0.288013
vt 0.079516 0.279011
vt 0.070781 0.347234
vt 0.076305 0.271129
vt 0.041989 0.301231
vt 0.049619 0.317639
vt 0.084254 0.297327
vt 0.068676 0.267621
vt 0.055202 0.321800
vt 0.041270 0.292982
vt 0.042527 0.285809
vt 0.045105 0.279239
vt 0.061210 0.267596
vt 0.018335 0.275788
vt 0.055681 0.347042
vt 0.061765 0.323020
vt 0.068027 0.322181
vt 0.081704 0.305990
vt 0.015164 0.289869
vt 0.054346 0.270402
vt 0.049223 0.274328
vt 0.039597 0.342385
vt 0.077828 0.313614
vt 0.028181 0.333973
vt 0.015948 0.304464
vt 0.073259 0.318819
vt 0.020797 0.320806
vt 0.559426 0.374443
vt 0.579098 0.357969
vt 0.568006 0.382745
vt 0.579098 0.390999
vt 0.938804 0.966858
vt 0.935142 0.972137
vt 0.930903 0.937203
vt 0.935643 0.939716
vt 0.942175 0.963923
vt 0.941818 0.941738
vt 0.947032 0.941352
vt 0.946462 0.963678
vt 0.930841 0.959176
vt 0.933797 0.977067
vt 0.950410 0.940019
vt 0.950410 0.965486
vt 0.921912 0.952488
vt 0.922745 0.931875
vt 0.924069 0.968072
vt 0.933100 0.986375
vt 0.921721 0.951441
vt 0.964755 0.398264
vt 0.967514 0.406814
vt 0.947918 0.398937
vt 0.946930 0.409251
vt 0.949824 0.392279
vt 0.962580 0.389057
vt 0.957890 0.387271
vt 0.961982 0.381090
vt 0.956743 0.421016
vt 0.967623 0.414966
vt 0.945492 0.415826
vt 0.967422 0.423371
vt 0.965652 0.424182
vt 0.967514 0.432287
vt 0.339581 0.489265
vt 0.328569 0.506640
vt 0.334302 0.515570
vt 0.328342 0.489265
vt 0.348151 0.512359
vt 0.350583 0.492391
vt 0.326685 0.519870
vt 0.318383 0.507027
vt 0.321911 0.528233
vt 0.317968 0.489590
vt 0.309759 0.527400
vt 0.316245 0.543765
vt 0.308607 0.506987
vt 0.309226 0.489683
vt 0.352869 0.489665
vt 0.859896 0.313219
vt 0.861612 0.301687
vt 0.861461 0.313259
vt 0.860082 0.301584
vt 0.881889 0.312415
vt 0.881997 0.302940
vt 0.882203 0.320422
vt 0.862157 0.322591
vt 0.860613 0.322613
vt 0.882921 0.327184
vt 0.862669 0.330425
vt 0.861113 0.330500
vt 0.862640 0.292550
vt 0.882653 0.295221
vt 0.861086 0.292391
vt 0.884995 0.335423
vt 0.864740 0.340205
vt 0.863188 0.340312
vt 0.859207 0.322714
vt 0.864324 0.282418
vt 0.885509 0.283010
vt 0.862982 0.281786
vt 0.864794 0.276899
vt 0.888115 0.275378
vt 0.866385 0.272915
vt 0.859618 0.330422
vt 0.858607 0.301516
vt 0.859594 0.292182
vt 0.888115 0.342811
vt 0.867306 0.348885
vt 0.519065 0.419105
vt 0.528510 0.427711
vt 0.526903 0.419922
vt 0.519810 0.427970
vt 0.524583 0.412829
vt 0.517765 0.406688
vt 0.521543 0.405052
vt 0.513274 0.416668
vt 0.506493 0.405432
vt 0.478683 0.413886
vt 0.479792 0.420105
vt 0.477573 0.407377
vt 0.508633 0.402222
vt 0.477421 0.404874
vt 0.468795 0.405058
vt 0.467594 0.407791
vt 0.478198 0.413910
vt 0.468516 0.414556
vt 0.478976 0.420000
vt 0.469758 0.420928
vt 0.513462 0.425839
vt 0.452389 0.417527
vt 0.454311 0.424217
vt 0.450449 0.409819
vt 0.452077 0.404569
vt 0.443852 0.395954
vt 0.479834 0.426572
vt 0.471073 0.427272
vt 0.456411 0.430256
vt 0.480097 0.426458
vt 0.512015 0.433727
vt 0.518294 0.437242
vt 0.530116 0.416702
vt 0.531900 0.424535
vt 0.531567 0.419578
vt 0.546435 0.412183
vt 0.544805 0.403805
vt 0.527512 0.410032
vt 0.547828 0.419756
vt 0.542694 0.395954
vt 0.523796 0.402644
vt 0.549590 0.426871
vt 0.533608 0.432280
vt 0.832426 0.492051
vt 0.830317 0.508548
vt 0.824282 0.491640
vt 0.822081 0.504954
vt 0.815728 0.534873
vt 0.828342 0.532458
vt 0.825574 0.539934
vt 0.825422 0.485345
vt 0.834373 0.484446
vt 0.838469 0.514129
vt 0.842397 0.528396
vt 0.830410 0.544934
vt 0.839124 0.492353
vt 0.840927 0.517208
vt 0.841163 0.483799
vt 0.840940 0.492475
vt 0.842914 0.484144
vt 0.825279 0.480678
vt 0.836222 0.476913
vt 0.845040 0.474114
vt 0.806148 0.526847
vt 0.847131 0.473234
vt 0.817522 0.491283
vt 0.818230 0.486033
vt 0.814795 0.501806
vt 0.844632 0.526863
vt 0.817659 0.482778
vt 0.841608 0.468461
vt 0.842289 0.466144
vt 0.833959 0.469489
vt 0.834709 0.471431
vt 0.823556 0.477023
vt 0.822574 0.475040
vt 0.845404 0.530584
vt 0.847131 0.532319
vt 0.831859 0.546186
vt 0.833597 0.547894
vt 0.816352 0.480832
vt 0.815303 0.479039
vt 0.814615 0.477409
vt 0.229316 0.163795
vt 0.230982 0.142542
vt 0.223768 0.144199
vt 0.235344 0.162168
vt 0.237169 0.171830
vt 0.231408 0.172849
vt 0.229837 0.137331
vt 0.222083 0.138768
vt 0.229417 0.134924
vt 0.221664 0.135933
vt 0.221325 0.165631
vt 0.215501 0.146645
vt 0.214002 0.141086
vt 0.223556 0.174658
vt 0.212774 0.137084
vt 0.208050 0.149335
vt 0.206064 0.143504
vt 0.214531 0.167392
vt 0.216872 0.176353
vt 0.203804 0.138336
vt 0.201814 0.151762
vt 0.199374 0.147347
vt 0.209699 0.168447
vt 0.195569 0.142809
vt 0.203901 0.133783
vt 0.213513 0.135226
vt 0.193852 0.141008
vt 0.212378 0.177126
vt 0.203757 0.130058
vt 0.237371 0.133031
vt 0.237421 0.136377
vt 0.238304 0.140764
vt 0.241762 0.160854
vt 0.243508 0.170533
vt 0.246055 0.135149
vt 0.245873 0.130058
vt 0.246095 0.139062
vt 0.248097 0.159460
vt 0.249278 0.169434
vt 0.256148 0.130236
vt 0.255416 0.135130
vt 0.253309 0.138243
vt 0.252624 0.169152
vt 0.253112 0.159416
vt 0.253475 0.167141
vt 0.784308 0.479724
vt 0.782188 0.468893
vt 0.790469 0.465416
vt 0.784458 0.442288
vt 0.775127 0.443975
vt 0.792333 0.479658
vt 0.773448 0.436864
vt 0.779899 0.429668
vt 0.784844 0.485579
vt 0.793515 0.486455
vt 0.792441 0.441213
vt 0.785464 0.424342
vt 0.801693 0.439994
vt 0.788779 0.422786
vt 0.804664 0.437136
vt 0.790739 0.421782
vt 0.799140 0.451652
vt 0.800378 0.479449
vt 0.802467 0.487197
vt 0.801348 0.449406
vt 0.765164 0.445353
vt 0.775039 0.469800
vt 0.804590 0.441087
vt 0.801853 0.479461
vt 0.803895 0.487021
vt 0.784120 0.491017
vt 0.795973 0.494052
vt 0.809249 0.498746
vt 0.811066 0.499878
vt 0.777798 0.480252
vt 0.778715 0.485453
vt 0.777800 0.488564
vt 0.793162 0.499135
vt 0.783060 0.494245
vt 0.782252 0.496288
vt 0.792030 0.501114
vt 0.803594 0.504249
vt 0.804300 0.506606
vt 0.811066 0.431157
vt 0.798145 0.415772
vt 0.775861 0.492463
vt 0.775598 0.494180
vt 0.776784 0.490646
vt 0.307787 0.092898
vt 0.307787 0.104289
vt 0.291191 0.103947
vt 0.293075 0.093049
vt 0.306511 0.106936
vt 0.291655 0.106385
vt 0.287295 0.105149
vt 0.288463 0.093074
vt 0.391444 0.201899
vt 0.391393 0.199422
vt 0.528279 0.199422
vt 0.298371 0.838029
vt 0.272745 0.849298
vt 0.272045 0.838220
vt 0.298770 0.846964
vt 0.280864 0.826627
vt 0.297889 0.825986
vt 0.268248 0.822469
vt 0.281457 0.816724
vt 0.298570 0.817179
vt 0.260541 0.816698
vt 0.259328 0.806165
vt 0.282428 0.807009
vt 0.298770 0.808208
vt 0.243852 0.803055
vt 0.250818 0.818293
vt 0.249313 0.819036
vt 0.855175 0.664006
vt 0.853345 0.655329
vt 0.861049 0.663141
vt 0.859665 0.654405
vt 0.834183 0.659284
vt 0.835195 0.666975
vt 0.825847 0.667737
vt 0.824863 0.660291
vt 0.864087 0.662986
vt 0.863714 0.653005
vt 0.856410 0.672053
vt 0.861787 0.671314
vt 0.835714 0.674061
vt 0.826792 0.674466
vt 0.864361 0.671164
vt 0.857196 0.646107
vt 0.851768 0.648165
vt 0.833176 0.653553
vt 0.824055 0.655236
vt 0.862389 0.643714
vt 0.826734 0.679869
vt 0.857368 0.679497
vt 0.835807 0.679978
vt 0.861393 0.679561
vt 0.864803 0.680244
vt 0.853093 0.638389
vt 0.857168 0.635261
vt 0.859181 0.634250
vt 0.865635 0.643628
vt 0.865130 0.652896
vt 0.870504 0.652612
vt 0.871133 0.662043
vt 0.866481 0.662994
vt 0.873361 0.661927
vt 0.873210 0.653405
vt 0.873210 0.670909
vt 0.870735 0.670305
vt 0.866241 0.671078
vt 0.849227 0.640327
vt 0.831976 0.648099
vt 0.823228 0.650770
vt 0.870397 0.678571
vt 0.866798 0.680184
vt 0.822780 0.648140
vt 0.830565 0.643452
vt 0.846144 0.633713
vt 0.820902 0.645359
vt 0.847065 0.630471
vt 0.824319 0.645931
vt 0.860743 0.687609
vt 0.865504 0.688274
vt 0.857633 0.687340
vt 0.826226 0.686008
vt 0.835834 0.686469
vt 0.866686 0.687334
vt 0.782429 0.960036
vt 0.787075 0.966927
vt 0.773768 0.968819
vt 0.781292 0.974779
vt 0.762379 0.960825
vt 0.773543 0.948034
vt 0.770352 0.975223
vt 0.778277 0.980702
vt 0.760403 0.968943
vt 0.749825 0.962404
vt 0.794476 0.977540
vt 0.789379 0.982130
vt 0.782739 0.945303
vt 0.786318 0.987182
vt 0.789963 0.955224
vt 0.796370 0.962971
vt 0.795537 0.950740
vt 0.802574 0.947697
vt 0.802344 0.961149
vt 0.802035 0.964183
vt 0.804136 0.975609
vt 0.799715 0.974338
vt 0.803116 0.964100
vt 0.803479 0.961201
vt 0.805501 0.964126
vt 0.805823 0.961298
vt 0.803654 0.947602
vt 0.806755 0.947904
vt 0.807787 0.975305
vt 0.805186 0.975254
vt 0.807694 0.937169
vt 0.804182 0.936718
vt 0.794333 0.940077
vt 0.802598 0.936988
vt 0.777941 0.982006
vt 0.785650 0.988579
vt 0.770037 0.976244
vt 0.768905 0.978585
vt 0.776593 0.984020
vt 0.759152 0.972543
vt 0.759772 0.970019
vt 0.807787 0.924443
vt 0.747890 0.968109
vt 0.748707 0.964251
vt 0.727459 0.966370
vt 0.804362 0.925108
vt 0.793869 0.929233
vt 0.779357 0.931873
vt 0.764528 0.936091
vt 0.802657 0.925769
vt 0.733191 0.960136
vt 0.750443 0.952478
vt 0.741350 0.956682
vt 0.804714 0.985021
vt 0.801228 0.984131
vt 0.805994 0.985164
vt 0.798827 0.986894
vt 0.795250 0.989678
vt 0.039916 0.116840
vt 0.039687 0.118585
vt 0.047305 0.119860
vt 0.038897 0.123627
vt 0.047010 0.124803
vt 0.046810 0.126501
vt 0.038684 0.125327
vt 0.031264 0.121873
vt 0.032328 0.117001
vt 0.032675 0.114991
vt 0.034322 0.109882
vt 0.040744 0.111349
vt 0.030628 0.123397
vt 0.047535 0.117952
vt 0.048114 0.112666
vt 0.023058 0.119177
vt 0.025039 0.114349
vt 0.025537 0.112764
vt 0.027556 0.107821
vt 0.022792 0.120874
vt 0.028069 0.106166
vt 0.021603 0.105032
vt 0.015885 0.115862
vt 0.019249 0.109468
vt 0.018229 0.111177
vt 0.015164 0.117118
vt 0.022384 0.103516
vt 0.030028 0.083815
vt 0.034865 0.085442
vt 0.034432 0.108314
vt 0.039709 0.086185
vt 0.041099 0.109795
vt 0.045682 0.086487
vt 0.048336 0.110685
vt 0.052482 0.086384
vt 0.055174 0.111434
vt 0.055183 0.118370
vt 0.054875 0.120581
vt 0.055129 0.113103
vt 0.054879 0.127208
vt 0.055069 0.125508
vt 0.057944 0.085722
vt 0.060398 0.087755
vt 0.060731 0.085510
vt 0.064474 0.083815
vt 0.059518 0.113161
vt 0.062411 0.127462
vt 0.062597 0.125762
vt 0.061907 0.120887
vt 0.059679 0.118799
vt 0.063033 0.117309
vt 0.061225 0.095719
vt 0.070902 0.127581
vt 0.677958 0.091259
vt 0.678367 0.096657
vt 0.684845 0.090416
vt 0.685266 0.095774
vt 0.678305 0.098702
vt 0.685575 0.097739
vt 0.686819 0.102804
vt 0.678858 0.103888
vt 0.692243 0.094451
vt 0.692911 0.096356
vt 0.694049 0.101105
vt 0.690956 0.089252
vt 0.686681 0.104511
vt 0.694379 0.102714
vt 0.678998 0.105318
vt 0.690421 0.087531
vt 0.697600 0.087299
vt 0.699321 0.092044
vt 0.699911 0.093923
vt 0.701699 0.098597
vt 0.702049 0.100206
vt 0.696815 0.085619
vt 0.689511 0.063997
vt 0.683981 0.064710
vt 0.684223 0.088976
vt 0.678676 0.065293
vt 0.677579 0.089779
vt 0.673936 0.065358
vt 0.670466 0.089925
vt 0.668886 0.065074
vt 0.670775 0.096904
vt 0.670594 0.091738
vt 0.670821 0.098980
vt 0.670619 0.104088
vt 0.670834 0.105723
vt 0.663201 0.091162
vt 0.664992 0.065394
vt 0.662552 0.067213
vt 0.661925 0.091955
vt 0.662900 0.096356
vt 0.661058 0.096493
vt 0.662492 0.105861
vt 0.662309 0.104223
vt 0.662688 0.098618
vt 0.661864 0.064901
vt 0.655297 0.106111
vt 0.655399 0.104404
vt 0.656226 0.099033
vt 0.657173 0.096871
vt 0.660496 0.075490
vt 0.669081 0.064086
vt 0.647131 0.105849
vt 0.654438 0.073655
vt 0.649486 0.095084
vt 0.656228 0.063997
vt 0.137687 0.057591
vt 0.137598 0.045733
vt 0.129441 0.057550
vt 0.137694 0.059189
vt 0.127258 0.044749
vt 0.129094 0.059039
vt 0.120194 0.057627
vt 0.119818 0.059104
vt 0.115323 0.044178
vt 0.110635 0.057470
vt 0.110246 0.058956
vt 0.129012 0.060500
vt 0.119638 0.060549
vt 0.146653 0.057634
vt 0.146302 0.045650
vt 0.146393 0.059139
vt 0.137405 0.060694
vt 0.146525 0.060593
vt 0.155132 0.045377
vt 0.155894 0.057251
vt 0.155860 0.058864
vt 0.164739 0.056925
vt 0.163856 0.044911
vt 0.164696 0.058531
vt 0.173291 0.056152
vt 0.172803 0.057893
vt 0.155841 0.060406
vt 0.173872 0.044178
vt 0.177459 0.055233
vt 0.176984 0.057172
vt 0.241397 0.056036
vt 0.230768 0.041775
vt 0.229905 0.054675
vt 0.241209 0.041776
vt 0.221865 0.042290
vt 0.229361 0.056717
vt 0.250305 0.054716
vt 0.249864 0.041051
vt 0.221326 0.055151
vt 0.221381 0.056753
vt 0.214357 0.041635
vt 0.213421 0.054365
vt 0.213041 0.055828
vt 0.261927 0.052370
vt 0.259947 0.039810
vt 0.265984 0.051177
vt 0.263037 0.053985
vt 0.264785 0.039224
vt 0.250753 0.056631
vt 0.229145 0.058216
vt 0.241861 0.057552
vt 0.202751 0.054470
vt 0.203148 0.053009
vt 0.205030 0.040807
vt 0.196182 0.039224
vt 0.193852 0.051282
vt 0.597084 0.207733
vt 0.589324 0.208173
vt 0.589339 0.210983
vt 0.597601 0.210485
vt 0.604650 0.206998
vt 0.605378 0.209251
vt 0.610158 0.205202
vt 0.611066 0.207108
vt 0.580796 0.208908
vt 0.581454 0.205953
vt 0.572541 0.205202
vt 0.797183 0.329299
vt 0.801517 0.355094
vt 0.789099 0.329533
vt 0.803721 0.357090
vt 0.792074 0.354467
vt 0.799692 0.329852
vt 0.782518 0.330334
vt 0.782183 0.361777
vt 0.799828 0.319239
vt 0.797264 0.318298
vt 0.789661 0.328956
vt 0.788618 0.318134
vt 0.782580 0.329572
vt 0.781838 0.319494
vt 0.794355 0.365380
vt 0.783093 0.369290
vt 0.791840 0.374195
vt 0.784182 0.376748
vt 0.799254 0.372020
vt 0.773925 0.370507
vt 0.775575 0.378582
vt 0.776302 0.330149
vt 0.773261 0.363315
vt 0.776376 0.329861
vt 0.797154 0.304390
vt 0.775921 0.320897
vt 0.800384 0.368852
vt 0.785449 0.304956
vt 0.777789 0.305467
vt 0.800787 0.306946
vt 0.808024 0.296036
vt 0.810246 0.299555
vt 0.801700 0.320816
vt 0.803428 0.308283
vt 0.771340 0.306511
vt 0.765164 0.371281
vt 0.767334 0.379667
vt 0.801755 0.374116
vt 0.803922 0.372374
vt 0.810246 0.389780
vt 0.808592 0.390704
vt 0.793892 0.377264
vt 0.800638 0.393713
vt 0.786406 0.380001
vt 0.792723 0.396373
vt 0.779276 0.382117
vt 0.785164 0.398472
vt 0.772084 0.384430
vt 0.778019 0.400908
vt 0.809656 0.302989
vt 0.834575 0.944554
vt 0.833706 0.915284
vt 0.824836 0.943536
vt 0.823735 0.914923
vt 0.825336 0.960337
vt 0.834438 0.961294
vt 0.825364 0.977989
vt 0.833822 0.978422
vt 0.831979 0.911670
vt 0.825334 0.992405
vt 0.816502 0.941704
vt 0.815409 0.913553
vt 0.817208 0.959095
vt 0.817682 0.977143
vt 0.817653 0.991560
vt 0.822240 0.910651
vt 0.814344 0.908753
vt 0.833544 0.992571
vt 0.842693 0.912404
vt 0.844214 0.945294
vt 0.843535 0.915689
vt 0.843639 0.962100
vt 0.843014 0.978766
vt 0.842298 0.992981
vt 0.852869 0.912925
vt 0.852096 0.962102
vt 0.852869 0.945424
vt 0.852835 0.916344
vt 0.851032 0.978835
vt 0.850110 0.992460
vt 0.637278 0.082421
vt 0.630028 0.058408
vt 0.634061 0.085468
vt 0.625298 0.056173
vt 0.630718 0.090709
vt 0.636234 0.060233
vt 0.641387 0.081245
vt 0.641405 0.059536
vt 0.625914 0.077093
vt 0.629693 0.095919
vt 0.644672 0.082533
vt 0.644672 0.057980
vt 0.616803 0.071312
vt 0.616934 0.051610
vt 0.619601 0.086663
vt 0.629519 0.106111
vt 0.641819 0.168187
vt 0.638661 0.174610
vt 0.655139 0.176845
vt 0.650587 0.181775
vt 0.635137 0.181970
vt 0.645855 0.186987
vt 0.623999 0.177524
vt 0.625911 0.169756
vt 0.626963 0.161994
vt 0.631641 0.188938
vt 0.643589 0.192697
vt 0.621637 0.182956
vt 0.664553 0.187726
vt 0.659319 0.191203
vt 0.650604 0.196215
vt 0.643260 0.197661
vt 0.629379 0.194510
vt 0.626562 0.200218
vt 0.641004 0.205550
vt 0.623545 0.204916
vt 0.640949 0.210157
vt 0.652186 0.205398
vt 0.654095 0.209927
vt 0.665182 0.200348
vt 0.667466 0.205206
vt 0.669806 0.199052
vt 0.674880 0.201508
vt 0.665792 0.186808
vt 0.657456 0.173772
vt 0.669974 0.183884
vt 0.661899 0.171196
vt 0.647141 0.159785
vt 0.679098 0.198613
vt 0.613943 0.189922
vt 0.609200 0.193100
vt 0.606251 0.179010
vt 0.601189 0.181092
vt 0.614565 0.177033
vt 0.613722 0.160590
vt 0.613899 0.168223
vt 0.603895 0.168419
vt 0.598309 0.168269
vt 0.602396 0.160546
vt 0.597131 0.159785
vt 0.782881 0.752903
vt 0.794885 0.745959
vt 0.796665 0.754649
vt 0.781676 0.745626
vt 0.780190 0.746064
vt 0.794213 0.737697
vt 0.780689 0.737386
vt 0.779199 0.737775
vt 0.793446 0.730572
vt 0.780181 0.728609
vt 0.778763 0.728938
vt 0.793245 0.724179
vt 0.781639 0.753437
vt 0.785413 0.756154
vt 0.784814 0.758464
vt 0.778732 0.746655
vt 0.777686 0.738146
vt 0.777252 0.729099
vt 0.777088 0.719079
vt 0.776629 0.747512
vt 0.775483 0.738667
vt 0.767247 0.741033
vt 0.769692 0.750198
vt 0.768214 0.750631
vt 0.765745 0.741470
vt 0.770393 0.755877
vt 0.765980 0.731416
vt 0.764321 0.731383
vt 0.774770 0.729168
vt 0.771711 0.754992
vt 0.764632 0.720714
vt 0.762952 0.720708
vt 0.774525 0.719210
vt 0.763480 0.709919
vt 0.774401 0.708842
vt 0.761785 0.709956
vt 0.762871 0.701111
vt 0.761165 0.701190
vt 0.773983 0.700285
vt 0.762782 0.691078
vt 0.761066 0.691196
vt 0.773534 0.690850
vt 0.795818 0.737282
vt 0.796581 0.745726
vt 0.798221 0.745492
vt 0.797374 0.736882
vt 0.798827 0.736959
vt 0.798161 0.730338
vt 0.796726 0.730243
vt 0.797912 0.724066
vt 0.796486 0.723966
vt 0.809721 0.729049
vt 0.809468 0.723112
vt 0.797783 0.712665
vt 0.796389 0.712570
vt 0.809176 0.712167
vt 0.810499 0.735742
vt 0.799556 0.745145
vt 0.811147 0.743980
vt 0.795362 0.730456
vt 0.794911 0.723869
vt 0.795061 0.712391
vt 0.797880 0.702347
vt 0.796492 0.702271
vt 0.809286 0.702647
vt 0.812650 0.754386
vt 0.801538 0.754388
vt 0.800050 0.754348
vt 0.795091 0.702173
vt 0.801597 0.758092
vt 0.798573 0.754655
vt 0.813525 0.758299
vt 0.778372 0.754783
vt 0.774472 0.755851
vt 0.778451 0.756354
vt 0.774055 0.757922
vt 0.779709 0.755890
vt 0.798402 0.694463
vt 0.797004 0.694401
vt 0.809765 0.695233
vt 0.799174 0.685900
vt 0.810382 0.686946
vt 0.763654 0.680273
vt 0.761929 0.680425
vt 0.797828 0.685979
vt 0.773352 0.680303
vt 0.795640 0.694041
vt 0.776968 0.709152
vt 0.776467 0.700279
vt 0.793078 0.702322
vt 0.793635 0.693806
vt 0.793009 0.712485
vt 0.796069 0.685725
vt 0.776137 0.690576
vt 0.764429 0.669912
vt 0.762807 0.669566
vt 0.800179 0.677546
vt 0.798821 0.677500
vt 0.811373 0.678482
vt 0.797347 0.677254
vt 0.773138 0.670856
vt 0.794482 0.685268
vt 0.765836 0.662625
vt 0.764204 0.662250
vt 0.775976 0.680522
vt 0.772802 0.663715
vt 0.795219 0.676900
vt 0.776082 0.670752
vt 0.777704 0.670895
vt 0.777588 0.680651
vt 0.777428 0.661850
vt 0.775751 0.662201
vt 0.798505 0.667525
vt 0.800353 0.667660
vt 0.801787 0.667716
vt 0.813104 0.667261
vt 0.802163 0.661892
vt 0.813525 0.663307
vt 0.796602 0.667549
vt 0.602700 0.803225
vt 0.586089 0.805782
vt 0.598361 0.793169
vt 0.590193 0.792625
vt 0.603643 0.809445
vt 0.605934 0.817778
vt 0.587460 0.792433
vt 0.585089 0.807023
vt 0.594321 0.783126
vt 0.591427 0.781501
vt 0.602887 0.816927
vt 0.604668 0.820899
vt 0.583197 0.813755
vt 0.606888 0.807083
vt 0.604647 0.802418
vt 0.609114 0.802120
vt 0.605945 0.790463
vt 0.600471 0.792267
vt 0.601777 0.779363
vt 0.596149 0.781834
vt 0.597967 0.769894
vt 0.593467 0.770679
vt 0.592963 0.779877
vt 0.589732 0.758464
vt 0.590089 0.770031
vt 0.611887 0.805994
vt 0.615070 0.811888
vt 0.615461 0.804734
vt 0.608048 0.821391
vt 0.612443 0.802205
vt 0.608990 0.789709
vt 0.604303 0.778779
vt 0.616803 0.814818
vt 0.613361 0.822410
vt 0.600038 0.769143
vt 0.616803 0.832181
vt 0.614750 0.832731
vt 0.616065 0.837737
vt 0.613540 0.541329
vt 0.605357 0.529290
vt 0.605814 0.499051
vt 0.602107 0.516113
vt 0.601992 0.505170
vt 0.610924 0.542114
vt 0.603436 0.498388
vt 0.610602 0.484324
vt 0.615256 0.548937
vt 0.617546 0.547858
vt 0.608464 0.482821
vt 0.615498 0.475898
vt 0.613304 0.474466
vt 0.620714 0.469494
vt 0.619072 0.467800
vt 0.626498 0.464274
vt 0.622422 0.556996
vt 0.625399 0.462300
vt 0.635140 0.457500
vt 0.636312 0.459436
vt 0.645083 0.454709
vt 0.645723 0.456997
vt 0.652005 0.454583
vt 0.623915 0.555485
vt 0.628786 0.562381
vt 0.629914 0.560665
vt 0.635770 0.566596
vt 0.636556 0.564678
vt 0.644016 0.569125
vt 0.651711 0.456736
vt 0.659263 0.455573
vt 0.658972 0.457728
vt 0.668753 0.457966
vt 0.667967 0.459872
vt 0.680136 0.463466
vt 0.678396 0.465221
vt 0.685655 0.468870
vt 0.683438 0.470551
vt 0.695492 0.481310
vt 0.692798 0.482917
vt 0.644235 0.567288
vt 0.650672 0.570212
vt 0.650592 0.568132
vt 0.658114 0.569796
vt 0.658062 0.567732
vt 0.667269 0.568102
vt 0.666659 0.566065
vt 0.673993 0.564923
vt 0.673142 0.563136
vt 0.684379 0.558251
vt 0.682686 0.556807
vt 0.689871 0.553435
vt 0.688390 0.552127
vt 0.695492 0.544987
vt 0.694011 0.543679
vt 0.690792 0.554696
vt 0.685749 0.559521
vt 0.603589 0.529498
vt 0.612034 0.473203
vt 0.617832 0.466493
vt 0.606924 0.482058
vt 0.609156 0.542389
vt 0.643642 0.570762
vt 0.635324 0.568230
vt 0.601860 0.497719
vt 0.650349 0.571841
vt 0.634580 0.455783
vt 0.624769 0.460612
vt 0.627883 0.563769
vt 0.600410 0.505161
vt 0.621465 0.558368
vt 0.658447 0.571410
vt 0.667719 0.569399
vt 0.674543 0.566175
vt 0.576639 0.803881
vt 0.580738 0.803824
vt 0.580738 0.772502
vt 0.576639 0.772560
vt 0.496279 0.696049
vt 0.496311 0.699835
vt 0.475357 0.686926
vt 0.474521 0.695038
vt 0.485679 0.680107
vt 0.495875 0.687319
vt 0.474180 0.684277
vt 0.496200 0.678876
vt 0.493949 0.677597
vt 0.496311 0.670107
vt 0.172194 0.300747
vt 0.185242 0.305236
vt 0.180805 0.298269
vt 0.171559 0.294904
vt 0.164846 0.295759
vt 0.165675 0.301740
vt 0.155237 0.296696
vt 0.156290 0.302894
vt 0.179290 0.294274
vt 0.173023 0.307226
vt 0.166796 0.307710
vt 0.156937 0.307870
vt 0.192094 0.305016
vt 0.170768 0.288315
vt 0.177027 0.286894
vt 0.164500 0.289092
vt 0.154449 0.289816
vt 0.179239 0.287527
vt 0.148437 0.290717
vt 0.148413 0.297725
vt 0.141906 0.290511
vt 0.142038 0.297362
vt 0.131418 0.289229
vt 0.131315 0.296560
vt 0.148401 0.303956
vt 0.121462 0.296045
vt 0.121585 0.288617
vt 0.141871 0.303237
vt 0.143458 0.309262
vt 0.131445 0.302216
vt 0.136697 0.304378
vt 0.126246 0.306400
vt 0.147479 0.311824
vt 0.121254 0.302353
vt 0.131627 0.282250
vt 0.142126 0.283436
vt 0.121796 0.281498
vt 0.178538 0.280803
vt 0.149341 0.283727
vt 0.154519 0.283101
vt 0.169807 0.282029
vt 0.131750 0.274942
vt 0.121419 0.274566
vt 0.175208 0.280801
vt 0.141962 0.276230
vt 0.164610 0.282776
vt 0.177849 0.274566
vt 0.149807 0.276740
vt 0.154324 0.275678
vt 0.167826 0.313988
vt 0.157599 0.313701
vt 0.173982 0.313462
vt 0.184952 0.312488
vt 0.193319 0.314753
vt 0.195139 0.308422
vt 0.203226 0.321289
vt 0.207778 0.316500
vt 0.197869 0.304657
vt 0.207494 0.330843
vt 0.213884 0.326718
vt 0.213342 0.311496
vt 0.220121 0.322125
vt 0.219231 0.306004
vt 0.225615 0.317017
vt 0.224426 0.300799
vt 0.219481 0.294089
vt 0.230349 0.312062
vt 0.210170 0.299351
vt 0.201509 0.300858
vt 0.195855 0.301754
vt 0.193838 0.303583
vt 0.228927 0.296369
vt 0.233995 0.306723
vt 0.226962 0.289238
vt 0.232353 0.292536
vt 0.237965 0.302046
vt 0.231538 0.285600
vt 0.235744 0.288842
vt 0.241107 0.297390
vt 0.235442 0.281751
vt 0.200733 0.333999
vt 0.198752 0.325430
vt 0.239080 0.285220
vt 0.244350 0.292776
vt 0.190987 0.321453
vt 0.184566 0.319374
vt 0.175236 0.320069
vt 0.168534 0.320658
vt 0.158304 0.320131
vt 0.239767 0.276640
vt 0.194131 0.331572
vt 0.242673 0.281420
vt 0.249590 0.285391
vt 0.125238 0.313591
vt 0.120162 0.309243
vt 0.111757 0.308071
vt 0.113156 0.300852
vt 0.114403 0.294926
vt 0.110100 0.316013
vt 0.118765 0.317588
vt 0.124238 0.319717
vt 0.108314 0.323405
vt 0.117668 0.325643
vt 0.122722 0.325802
vt 0.115888 0.333390
vt 0.122332 0.334152
vt 0.106148 0.331013
vt 0.128574 0.332228
vt 0.125237 0.338150
vt 0.590535 0.085547
vt 0.582668 0.098105
vt 0.590094 0.098650
vt 0.584011 0.085152
vt 0.575222 0.097084
vt 0.577544 0.084400
vt 0.596989 0.086324
vt 0.597047 0.099176
vt 0.602715 0.087384
vt 0.602975 0.100108
vt 0.579754 0.112713
vt 0.588873 0.113964
vt 0.597373 0.114368
vt 0.571248 0.109824
vt 0.604400 0.113310
vt 0.589135 0.073080
vt 0.595493 0.073105
vt 0.582568 0.073743
vt 0.576527 0.074462
vt 0.601211 0.073080
vt 0.607914 0.099777
vt 0.608657 0.088257
vt 0.610246 0.110574
vt 0.607167 0.073759
vt 0.562276 0.091869
vt 0.558629 0.097495
vt 0.568308 0.095785
vt 0.571208 0.083943
vt 0.563911 0.082538
vt 0.563691 0.106081
vt 0.570336 0.075146
vt 0.563569 0.075736
vt 0.554925 0.101449
vt 0.553689 0.103537
vt 0.712043 0.311832
vt 0.711815 0.317697
vt 0.705263 0.317909
vt 0.706740 0.324710
vt 0.713339 0.323097
vt 0.706239 0.311900
vt 0.712481 0.301399
vt 0.713613 0.289656
vt 0.706617 0.301543
vt 0.706636 0.288915
vt 0.701177 0.294231
vt 0.720804 0.289849
vt 0.720073 0.301573
vt 0.719268 0.311756
vt 0.729335 0.302053
vt 0.719393 0.316823
vt 0.720347 0.321423
vt 0.723820 0.277044
vt 0.715349 0.333224
vt 0.722136 0.331926
vt 0.708493 0.335028
vt 0.727498 0.312220
vt 0.717362 0.339791
vt 0.723809 0.338089
vt 0.703045 0.303150
vt 0.701754 0.309432
vt 0.710566 0.341347
vt 0.731412 0.289588
vt 0.700286 0.314108
vt 0.699476 0.316022
vt 0.700161 0.326618
vt 0.716919 0.277478
vt 0.710342 0.278894
vt 0.727601 0.320594
vt 0.728425 0.331247
vt 0.730055 0.336187
vt 0.727199 0.345918
vt 0.727163 0.316297
vt 0.702065 0.336910
vt 0.733886 0.320166
vt 0.734098 0.316055
vt 0.732522 0.341443
vt 0.737702 0.343536
vt 0.703705 0.343372
vt 0.706971 0.356647
vt 0.715174 0.360414
vt 0.699727 0.289417
vt 0.704672 0.279918
vt 0.697853 0.281088
vt 0.706368 0.366136
vt 0.715359 0.366008
vt 0.715882 0.362384
vt 0.718249 0.364196
vt 0.719538 0.368817
vt 0.710354 0.385705
vt 0.723255 0.377264
vt 0.716115 0.390718
vt 0.704828 0.399146
vt 0.698836 0.394503
vt 0.711009 0.402561
vt 0.721936 0.395872
vt 0.703550 0.381136
vt 0.693538 0.389633
vt 0.715788 0.405483
vt 0.726855 0.398476
vt 0.729073 0.385189
vt 0.735834 0.391614
vt 0.720913 0.408314
vt 0.731251 0.401527
vt 0.697313 0.377354
vt 0.688404 0.384032
vt 0.739285 0.395651
vt 0.735744 0.404674
vt 0.726024 0.411643
vt 0.691170 0.373320
vt 0.684169 0.378110
vt 0.743033 0.399414
vt 0.699560 0.365545
vt 0.695528 0.338911
vt 0.697307 0.345155
vt 0.690754 0.282834
vt 0.692094 0.291008
vt 0.699214 0.291099
vt 0.693004 0.292589
vt 0.686186 0.369120
vt 0.680738 0.372136
vt 0.700011 0.356993
vt 0.694382 0.328434
vt 0.681681 0.364073
vt 0.693027 0.363780
vt 0.686851 0.360877
vt 0.693325 0.356904
vt 0.691105 0.347209
vt 0.689108 0.341047
vt 0.693766 0.317698
vt 0.687928 0.330055
vt 0.687746 0.319253
vt 0.734868 0.330141
vt 0.736310 0.333525
vt 0.738631 0.338307
vt 0.743033 0.341549
vt 0.718561 0.341175
vt 0.564616 0.300555
vt 0.562843 0.295030
vt 0.565396 0.294871
vt 0.567354 0.298683
vt 0.561983 0.302537
vt 0.557800 0.298431
vt 0.557262 0.293824
vt 0.553882 0.297663
vt 0.551030 0.296599
vt 0.554412 0.292733
vt 0.549288 0.304522
vt 0.553217 0.304522
vt 0.557214 0.303991
vt 0.565528 0.305633
vt 0.568235 0.301741
vt 0.560080 0.306982
vt 0.553064 0.310995
vt 0.556075 0.308552
vt 0.563002 0.309904
vt 0.558752 0.312971
vt 0.548770 0.311381
vt 0.566899 0.309912
vt 0.569245 0.304589
vt 0.570787 0.299021
vt 0.572288 0.301326
vt 0.571167 0.308099
vt 0.574461 0.304651
vt 0.569594 0.297141
vt 0.575134 0.298394
vt 0.577459 0.301725
vt 0.572881 0.296552
vt 0.568647 0.313323
vt 0.573950 0.312624
vt 0.570455 0.316987
vt 0.564772 0.318642
vt 0.566920 0.323257
vt 0.561415 0.323815
vt 0.574061 0.323526
vt 0.576150 0.318570
vt 0.569635 0.328591
vt 0.564441 0.330035
vt 0.573294 0.330651
vt 0.577459 0.329677
vt 0.560024 0.335279
vt 0.568094 0.336499
vt 0.559794 0.244135
vt 0.571791 0.234499
vt 0.560642 0.232772
vt 0.573495 0.242512
vt 0.568907 0.227489
vt 0.558295 0.227328
vt 0.554142 0.235519
vt 0.552829 0.230403
vt 0.571252 0.226876
vt 0.566391 0.221012
vt 0.569095 0.220329
vt 0.573586 0.219075
vt 0.575477 0.225746
vt 0.573517 0.234321
vt 0.578532 0.233241
vt 0.575833 0.242388
vt 0.581025 0.241588
vt 0.594874 0.234925
vt 0.554990 0.221831
vt 0.549859 0.225317
vt 0.594253 0.241710
vt 0.604296 0.241992
vt 0.600143 0.232203
vt 0.617054 0.239514
vt 0.610846 0.247863
vt 0.619078 0.251363
vt 0.627398 0.245163
vt 0.622417 0.258010
vt 0.633019 0.250579
vt 0.633107 0.235868
vt 0.624672 0.262801
vt 0.638414 0.254180
vt 0.640559 0.240595
vt 0.651230 0.252969
vt 0.638137 0.226811
vt 0.627742 0.219783
vt 0.623024 0.229917
vt 0.614476 0.260546
vt 0.612135 0.253726
vt 0.616440 0.266215
vt 0.647284 0.232965
vt 0.630670 0.212732
vt 0.606180 0.262877
vt 0.607824 0.268057
vt 0.604859 0.255843
vt 0.604355 0.249132
vt 0.593144 0.250096
vt 0.592817 0.233093
vt 0.580829 0.227428
vt 0.583076 0.249491
vt 0.577205 0.249686
vt 0.564068 0.250376
vt 0.574961 0.249935
vt 0.596423 0.257993
vt 0.596471 0.264390
vt 0.579294 0.224129
vt 0.554180 0.242403
vt 0.598137 0.268786
vt 0.578143 0.218424
vt 0.573550 0.258416
vt 0.578232 0.257441
vt 0.588837 0.259599
vt 0.584204 0.258039
vt 0.565057 0.258485
vt 0.555120 0.249334
vt 0.555802 0.257771
vt 0.571931 0.212634
vt 0.576709 0.212732
vt 0.567358 0.213643
vt 0.564125 0.214029
vt 0.552087 0.219456
vt 0.555181 0.216958
vt 0.547951 0.235098
vt 0.071721 0.123074
vt 0.087171 0.122761
vt 0.081024 0.110710
vt 0.087961 0.111434
vt 0.073456 0.109414
vt 0.094589 0.123009
vt 0.095085 0.112114
vt 0.106874 0.123269
vt 0.106978 0.112339
vt 0.087006 0.124390
vt 0.094592 0.124646
vt 0.116750 0.122955
vt 0.116843 0.112491
vt 0.123809 0.122683
vt 0.123511 0.112091
vt 0.130472 0.122678
vt 0.130221 0.112097
vt 0.106997 0.125103
vt 0.116621 0.124739
vt 0.140903 0.122437
vt 0.140267 0.111284
vt 0.130157 0.109953
vt 0.123833 0.124472
vt 0.130718 0.124428
vt 0.151472 0.121468
vt 0.150539 0.110410
vt 0.160246 0.120473
vt 0.159311 0.109414
vt 0.258763 0.463807
vt 0.249490 0.462944
vt 0.249499 0.464013
vt 0.241442 0.462319
vt 0.226813 0.456072
vt 0.234112 0.460061
vt 0.234576 0.459211
vt 0.241295 0.461230
vt 0.216661 0.442197
vt 0.286023 0.442197
vt 0.227562 0.455467
vt 0.268130 0.462696
vt 0.221441 0.450056
vt 0.220715 0.450561
vt 0.217456 0.446618
vt 0.258707 0.464999
vt 0.217950 0.446350
vt 0.268502 0.463830
vt 0.277073 0.461289
vt 0.287327 0.449736
vt 0.286879 0.453469
vt 0.277396 0.462185
vt 0.285123 0.457636
vt 0.285434 0.458610
vt 0.289318 0.455774
vt 0.291100 0.450286
vt 0.292386 0.451423
vt 0.292211 0.458251
vt 0.294672 0.454516
vt 0.287626 0.461870
vt 0.218322 0.452909
vt 0.214640 0.447902
vt 0.213525 0.444195
vt 0.225162 0.458756
vt 0.278915 0.465752
vt 0.269105 0.467724
vt 0.232793 0.463097
vt 0.240609 0.465699
vt 0.248493 0.467542
vt 0.258777 0.468621
vt 0.639030 0.119617
vt 0.642732 0.131739
vt 0.650534 0.129381
vt 0.645886 0.115903
vt 0.631782 0.121949
vt 0.635858 0.132839
vt 0.646758 0.144096
vt 0.629209 0.109760
vt 0.639757 0.143363
vt 0.654565 0.143373
vt 0.637769 0.108588
vt 0.622661 0.114295
vt 0.620327 0.109636
vt 0.630620 0.134846
vt 0.633491 0.142251
vt 0.626608 0.125110
vt 0.618649 0.119179
vt 0.624932 0.136720
vt 0.625966 0.140538
vt 0.622429 0.129341
vt 0.614762 0.124283
vt 0.618792 0.138256
vt 0.615754 0.136058
vt 0.611066 0.129582
vt 0.662435 0.141053
vt 0.657386 0.126519
vt 0.652735 0.113013
vt 0.669901 0.137462
vt 0.663997 0.124110
vt 0.660994 0.110831
vt 0.677115 0.132294
vt 0.671042 0.122323
vt 0.668871 0.109415
vt 0.678279 0.120709
vt 0.676789 0.108588
vt 0.618050 0.112748
vt 0.140891 0.036579
vt 0.150471 0.024317
vt 0.140755 0.024276
vt 0.150611 0.036173
vt 0.141131 0.038158
vt 0.150840 0.037739
vt 0.131484 0.036532
vt 0.131651 0.038544
vt 0.131772 0.024602
vt 0.158376 0.024148
vt 0.159124 0.035932
vt 0.159331 0.037506
vt 0.163968 0.037175
vt 0.165984 0.023534
vt 0.122173 0.038006
vt 0.122386 0.036493
vt 0.122790 0.024258
vt 0.116168 0.037840
vt 0.115363 0.036063
vt 0.112791 0.023534
vt 0.122287 0.039538
vt 0.131433 0.040050
vt 0.141121 0.039693
vt 0.151005 0.039251
vt 0.116583 0.039516
vt 0.159650 0.038995
vt 0.111885 0.035965
vt 0.164343 0.038664
vt 0.113065 0.037894
vt 0.825000 0.904624
vt 0.888115 0.904624
vt 0.850221 0.907927
vt 0.869845 0.560812
vt 0.877338 0.548524
vt 0.878479 0.559282
vt 0.868487 0.549601
vt 0.860719 0.564330
vt 0.858763 0.551162
vt 0.867939 0.535515
vt 0.876859 0.535259
vt 0.857328 0.535529
vt 0.870173 0.566219
vt 0.880738 0.565018
vt 0.860903 0.569099
vt 0.856107 0.551801
vt 0.858686 0.570190
vt 0.865657 0.519511
vt 0.877837 0.519622
vt 0.854298 0.519971
vt 0.854905 0.535813
vt 0.861515 0.503161
vt 0.879463 0.505231
vt 0.880548 0.503882
vt 0.861441 0.501414
vt 0.852581 0.503236
vt 0.855020 0.499442
vt 0.854383 0.496754
vt 0.851065 0.502824
vt 0.852663 0.494220
vt 0.848770 0.502220
vt 0.849556 0.520372
vt 0.852276 0.520281
vt 0.852702 0.535633
vt 0.851451 0.551119
vt 0.862050 0.499817
vt 0.880738 0.502584
vt 0.732403 0.445066
vt 0.732393 0.452574
vt 0.720593 0.451450
vt 0.720963 0.443452
vt 0.732971 0.437386
vt 0.722077 0.436052
vt 0.720650 0.459290
vt 0.732565 0.460038
vt 0.722377 0.467571
vt 0.744988 0.451463
vt 0.744526 0.444299
vt 0.745000 0.458570
vt 0.744903 0.437152
vt 0.745186 0.465533
vt 0.754837 0.449688
vt 0.753407 0.442758
vt 0.756254 0.449564
vt 0.754429 0.442777
vt 0.751602 0.435174
vt 0.752638 0.435171
vt 0.757031 0.456388
vt 0.756058 0.456384
vt 0.756804 0.442242
vt 0.754585 0.434662
vt 0.718468 0.443108
vt 0.719434 0.435518
vt 0.718392 0.451251
vt 0.733657 0.429792
vt 0.749216 0.427544
vt 0.750627 0.426993
vt 0.752906 0.427109
vt 0.722910 0.428815
vt 0.744591 0.431549
vt 0.720551 0.428287
vt 0.718664 0.459524
vt 0.758253 0.449109
vt 0.751742 0.418571
vt 0.748093 0.418758
vt 0.746883 0.419520
vt 0.734340 0.422375
vt 0.724099 0.421347
vt 0.721397 0.421178
vt 0.715984 0.451705
vt 0.757170 0.463338
vt 0.756183 0.463365
vt 0.720455 0.467988
vt 0.733034 0.467677
vt 0.716540 0.459684
vt 0.726284 0.475185
vt 0.725501 0.475793
vt 0.757165 0.470142
vt 0.759029 0.455909
vt 0.759426 0.463018
vt 0.755780 0.470284
vt 0.734935 0.475233
vt 0.745754 0.472202
vt 0.730551 0.480630
vt 0.737654 0.481833
vt 0.756267 0.476970
vt 0.754854 0.477097
vt 0.758998 0.470126
vt 0.758112 0.477034
vt 0.746373 0.478695
vt 0.755353 0.398880
vt 0.749296 0.397617
vt 0.758998 0.371181
vt 0.257844 0.966394
vt 0.263417 0.968732
vt 0.254160 0.974926
vt 0.259622 0.977508
vt 0.268823 0.970661
vt 0.266338 0.979739
vt 0.266105 0.960438
vt 0.271379 0.962071
vt 0.260211 0.958394
vt 0.274201 0.953342
vt 0.248779 0.963360
vt 0.244896 0.971247
vt 0.251107 0.955984
vt 0.268937 0.951025
vt 0.262882 0.948698
vt 0.252989 0.946485
vt 0.239427 0.951844
vt 0.238343 0.957890
vt 0.234428 0.966551
vt 0.271793 0.971533
vt 0.270485 0.981063
vt 0.274401 0.962859
vt 0.242135 0.943723
vt 0.277179 0.954244
vt 0.230400 0.973246
vt 0.240895 0.978052
vt 0.250565 0.982026
vt 0.256264 0.984228
vt 0.264379 0.987416
vt 0.270139 0.988416
vt 0.277459 0.943435
vt 0.226649 0.978477
vt 0.236858 0.984204
vt 0.246707 0.988478
vt 0.253318 0.990962
vt 0.262399 0.994545
vt 0.269269 0.995458
vt 0.222541 0.983407
vt 0.273930 0.982553
vt 0.277459 0.988698
vt 0.276846 0.957169
vt 0.059647 0.275685
vt 0.070003 0.292822
vt 0.055083 0.278073
vt 0.065439 0.295211
vt 0.052869 0.282632
vt 0.072541 0.287924
vt 0.064919 0.275392
vt 0.072541 0.282597
vt 0.060281 0.295135
vt 0.052990 0.288181
vt 0.069483 0.278331
vt 0.055717 0.292197
vt 0.826396 0.071233
vt 0.836588 0.070888
vt 0.826497 0.069267
vt 0.836245 0.072797
vt 0.818085 0.069316
vt 0.818549 0.067394
vt 0.844186 0.071921
vt 0.827039 0.067205
vt 0.836805 0.068664
vt 0.844706 0.069741
vt 0.856913 0.070194
vt 0.857130 0.072656
vt 0.865517 0.068544
vt 0.865597 0.070598
vt 0.873361 0.068215
vt 0.873259 0.065648
vt 0.857355 0.074759
vt 0.866203 0.074578
vt 0.844079 0.073718
vt 0.811100 0.068051
vt 0.834727 0.082383
vt 0.824744 0.080822
vt 0.856618 0.085882
vt 0.842681 0.083837
vt 0.864151 0.086292
vt 0.816284 0.079382
vt 0.809253 0.078174
vt 0.802533 0.065648
vt 0.800410 0.076299
vt 0.875490 0.192529
vt 0.866911 0.193067
vt 0.865971 0.183104
vt 0.874872 0.182474
vt 0.885081 0.194525
vt 0.884629 0.182611
vt 0.873291 0.168967
vt 0.864275 0.170321
vt 0.883841 0.168388
vt 0.875989 0.197962
vt 0.865369 0.198505
vt 0.885656 0.199214
vt 0.873867 0.152636
vt 0.885312 0.151895
vt 0.861672 0.154371
vt 0.876723 0.136704
vt 0.858877 0.140597
vt 0.857615 0.139637
vt 0.876809 0.135256
vt 0.882945 0.131894
vt 0.882421 0.128539
vt 0.885656 0.135668
vt 0.859984 0.154644
vt 0.853689 0.155651
vt 0.856126 0.171201
vt 0.862371 0.170304
vt 0.855921 0.138770
vt 0.863963 0.183564
vt 0.857781 0.184466
vt 0.859561 0.199422
vt 0.875923 0.133963
vt 0.857198 0.137732
vt 0.883211 0.125929
vt 0.615027 0.663073
vt 0.611378 0.669645
vt 0.607678 0.667790
vt 0.611615 0.660867
vt 0.619277 0.657294
vt 0.615707 0.654302
vt 0.605240 0.673231
vt 0.608048 0.675807
vt 0.603270 0.679446
vt 0.605897 0.680926
vt 0.601664 0.686132
vt 0.604411 0.686520
vt 0.601229 0.692108
vt 0.603966 0.692507
vt 0.601349 0.697910
vt 0.604363 0.698093
vt 0.605934 0.710863
vt 0.604077 0.712336
vt 0.612427 0.718479
vt 0.611065 0.718991
vt 0.624572 0.651836
vt 0.621303 0.648478
vt 0.607835 0.709796
vt 0.613747 0.716574
vt 0.619791 0.723380
vt 0.620900 0.721290
vt 0.629192 0.728462
vt 0.630384 0.726099
vt 0.646112 0.735498
vt 0.642926 0.737148
vt 0.649078 0.740314
vt 0.650724 0.737816
vt 0.647134 0.732565
vt 0.665599 0.747922
vt 0.667284 0.744614
vt 0.652348 0.735667
vt 0.618631 0.724143
vt 0.668235 0.741709
vt 0.685014 0.753510
vt 0.686300 0.749862
vt 0.686288 0.746522
vt 0.630121 0.647003
vt 0.627216 0.729707
vt 0.627354 0.643333
vt 0.636066 0.643235
vt 0.633830 0.639213
vt 0.643111 0.640367
vt 0.640906 0.635903
vt 0.655436 0.638012
vt 0.654824 0.632122
vt 0.658645 0.734898
vt 0.658386 0.731502
vt 0.673810 0.732329
vt 0.672629 0.728278
vt 0.682694 0.729531
vt 0.680238 0.724957
vt 0.690574 0.724934
vt 0.687097 0.720147
vt 0.671212 0.639028
vt 0.672699 0.633299
vt 0.676379 0.640790
vt 0.678306 0.634902
vt 0.686820 0.646312
vt 0.690574 0.641334
vt 0.773413 0.270921
vt 0.793416 0.272600
vt 0.773690 0.276775
vt 0.792707 0.281935
vt 0.773644 0.284241
vt 0.792851 0.290234
vt 0.773954 0.293703
vt 0.793852 0.298557
vt 0.774729 0.302642
vt 0.793852 0.263891
vt 0.773361 0.263006
vt 0.620539 0.535367
vt 0.627381 0.536871
vt 0.628987 0.522523
vt 0.621852 0.522306
vt 0.628349 0.536383
vt 0.629816 0.522573
vt 0.616803 0.539449
vt 0.617815 0.518167
vt 0.627717 0.541288
vt 0.629754 0.518167
vt 0.629918 0.540255
vt 0.946311 0.731214
vt 0.946312 0.746873
vt 0.952869 0.746903
vt 0.952869 0.731245
vt 0.129459 0.889778
vt 0.132346 0.885956
vt 0.124702 0.880571
vt 0.121800 0.883650
vt 0.135160 0.894242
vt 0.138170 0.890528
vt 0.111066 0.873428
vt 0.113855 0.870800
vt 0.137730 0.882893
vt 0.124131 0.866988
vt 0.133007 0.864988
vt 0.152630 0.887117
vt 0.151064 0.878460
vt 0.147254 0.877821
vt 0.149286 0.887223
vt 0.134906 0.865864
vt 0.140811 0.883356
vt 0.144171 0.865454
vt 0.147796 0.865724
vt 0.155902 0.878547
vt 0.153094 0.865886
vt 0.158330 0.879120
vt 0.156448 0.888059
vt 0.160200 0.887566
vt 0.155002 0.865326
vt 0.152761 0.893292
vt 0.149650 0.892447
vt 0.141292 0.889468
vt 0.161062 0.893394
vt 0.156577 0.894202
vt 0.164264 0.887340
vt 0.161633 0.879172
vt 0.170908 0.886001
vt 0.168521 0.878672
vt 0.157538 0.865181
vt 0.164474 0.864988
vt 0.171721 0.891601
vt 0.165344 0.893177
vt 0.171212 0.898437
vt 0.148677 0.897055
vt 0.139944 0.893543
vt 0.151957 0.898036
vt 0.156083 0.899670
vt 0.160544 0.899023
vt 0.166357 0.898085
vt 0.257005 0.106961
vt 0.256248 0.096020
vt 0.245510 0.097020
vt 0.245680 0.107916
vt 0.237351 0.108551
vt 0.237172 0.097645
vt 0.264201 0.095272
vt 0.265378 0.105686
vt 0.223726 0.108231
vt 0.224272 0.097209
vt 0.210509 0.107172
vt 0.211744 0.096347
vt 0.200326 0.106058
vt 0.201789 0.095158
vt 0.210643 0.108701
vt 0.193033 0.104889
vt 0.195419 0.093724
vt 0.199997 0.107640
vt 0.245980 0.109494
vt 0.238020 0.110239
vt 0.274180 0.104494
vt 0.272019 0.093724
vt 0.442264 0.057514
vt 0.441239 0.067319
vt 0.448228 0.057978
vt 0.447256 0.068061
vt 0.454203 0.058148
vt 0.454309 0.068480
vt 0.431547 0.066262
vt 0.432694 0.056695
vt 0.454281 0.048782
vt 0.448565 0.048397
vt 0.442757 0.047965
vt 0.421655 0.064278
vt 0.433755 0.047390
vt 0.423043 0.055042
vt 0.454265 0.038449
vt 0.457945 0.048842
vt 0.457793 0.057754
vt 0.458852 0.068579
vt 0.422179 0.039997
vt 0.447495 0.038404
vt 0.459662 0.038765
vt 0.441905 0.038398
vt 0.432453 0.038449
vt 0.445884 0.075549
vt 0.429328 0.073069
vt 0.439719 0.074517
vt 0.418812 0.070460
vt 0.454377 0.076410
vt 0.460206 0.076343
vt 0.415984 0.077014
vt 0.426815 0.080091
vt 0.438089 0.081900
vt 0.454895 0.083815
vt 0.444718 0.082870
vt 0.461885 0.083268
vt 0.998646 0.071107
vt 0.995291 0.080523
vt 0.994192 0.071457
vt 0.997991 0.063997
vt 0.993537 0.064347
vt 0.999590 0.080726
vt 0.999590 0.097027
vt 0.995927 0.096845
vt 0.988602 0.069721
vt 0.986636 0.091205
vt 0.979098 0.085933
vt 0.894664 0.023893
vt 0.889551 0.023895
vt 0.889945 0.027941
vt 0.889442 0.016968
vt 0.894403 0.028198
vt 0.894426 0.017199
vt 0.894500 0.014656
vt 0.889486 0.014451
vt 0.899558 0.024307
vt 0.899590 0.017603
vt 0.899057 0.028920
vt 0.899511 0.014831
vt 0.894220 0.031231
vt 0.890041 0.030638
vt 0.887027 0.053448
vt 0.892783 0.063171
vt 0.898653 0.032061
vt 0.885075 0.028325
vt 0.884356 0.024475
vt 0.884016 0.017174
vt 0.884078 0.014831
vt 0.885952 0.031182
vt 0.969727 0.740569
vt 0.978147 0.752789
vt 0.979098 0.734963
vt 0.963546 0.753489
vt 0.961574 0.743083
vt 0.968962 0.735276
vt 0.960699 0.732040
vt 0.956148 0.742028
vt 0.967972 0.774154
vt 0.979098 0.771015
vt 0.960970 0.693894
vt 0.945618 0.694649
vt 0.961414 0.685682
vt 0.942562 0.686896
vt 0.939797 0.691652
vt 0.947629 0.702364
vt 0.941719 0.679904
vt 0.961949 0.678587
vt 0.961349 0.702025
vt 0.963196 0.694307
vt 0.963562 0.685947
vt 0.968173 0.685744
vt 0.968144 0.694241
vt 0.963588 0.702146
vt 0.968443 0.702130
vt 0.964257 0.678486
vt 0.968394 0.678655
vt 0.939754 0.686414
vt 0.942318 0.673492
vt 0.962137 0.672195
vt 0.964318 0.671759
vt 0.968443 0.672035
vt 0.968160 0.714132
vt 0.949285 0.709249
vt 0.961349 0.707347
vt 0.963030 0.708426
vt 0.949046 0.716350
vt 0.939796 0.679653
vt 0.940049 0.672928
vt 0.954508 0.955165
vt 0.964497 0.958786
vt 0.958514 0.960949
vt 0.965104 0.947994
vt 0.966917 0.931630
vt 0.969262 0.921965
vt 0.969262 0.962801
vt 0.960831 0.967662
vt 0.967098 0.976466
vt 0.956931 0.964044
vt 0.967082 0.947958
vt 0.830024 0.256328
vt 0.834641 0.243701
vt 0.827137 0.245018
vt 0.837502 0.253744
vt 0.841979 0.242077
vt 0.844411 0.251942
vt 0.840545 0.238970
vt 0.849017 0.240622
vt 0.847573 0.236534
vt 0.851400 0.250250
vt 0.845637 0.231583
vt 0.833771 0.241156
vt 0.839006 0.234132
vt 0.832439 0.236187
vt 0.832490 0.230462
vt 0.838921 0.228245
vt 0.825988 0.233872
vt 0.838717 0.259159
vt 0.845849 0.256622
vt 0.845760 0.226672
vt 0.826399 0.243152
vt 0.824717 0.238337
vt 0.840361 0.266716
vt 0.847292 0.264788
vt 0.848179 0.274307
vt 0.840551 0.275457
vt 0.848197 0.285673
vt 0.839874 0.287169
vt 0.833684 0.276459
vt 0.831985 0.288270
vt 0.856640 0.283067
vt 0.834059 0.268123
vt 0.856028 0.272676
vt 0.854806 0.262350
vt 0.852676 0.254683
vt 0.855844 0.238932
vt 0.854037 0.234020
vt 0.852060 0.228863
vt 0.858607 0.248860
vt 0.831977 0.261290
vt 0.824968 0.276184
vt 0.826548 0.269090
vt 0.822930 0.234002
vt 0.822173 0.288604
vt 0.816873 0.240146
vt 0.818569 0.244938
vt 0.811553 0.226672
vt 0.824202 0.263361
vt 0.818483 0.261375
vt 0.818891 0.268961
vt 0.817039 0.275599
vt 0.813997 0.288107
vt 0.816219 0.265409
vt 0.811113 0.267701
vt 0.807961 0.263463
vt 0.808558 0.274451
vt 0.805003 0.286869
vt 0.803689 0.266225
vt 0.475674 0.451360
vt 0.482245 0.452106
vt 0.481828 0.442197
vt 0.491215 0.443210
vt 0.491031 0.452068
vt 0.476700 0.445090
vt 0.470270 0.450136
vt 0.498771 0.442227
vt 0.498771 0.450460
vt 0.470962 0.445819
vt 0.464674 0.448425
vt 0.465671 0.445190
vt 0.460246 0.446237
vt 0.461434 0.443490
vt 0.021925 0.960286
vt 0.020088 0.971684
vt 0.019173 0.956661
vt 0.017635 0.971544
vt 0.017097 0.982137
vt 0.019550 0.982277
vt 0.014551 0.980593
vt 0.016037 0.968865
vt 0.025564 0.950513
vt 0.020845 0.944609
vt 0.011738 0.990002
vt 0.016002 0.956591
vt 0.020514 0.991011
vt 0.015925 0.990353
vt 0.033346 0.941830
vt 0.012313 0.977952
vt 0.013833 0.966932
vt 0.012849 0.955793
vt 0.008859 0.987400
vt 0.013153 0.945295
vt 0.009427 0.945950
vt 0.022107 0.936829
vt 0.022969 0.980554
vt 0.024678 0.989208
vt 0.025062 0.959649
vt 0.029453 0.950513
vt 0.023192 0.970339
vt 0.010439 0.936829
vt 0.037295 0.942527
vt 0.003689 0.938796
vt 0.028292 0.996310
vt 0.014905 0.997536
vt 0.022316 0.997936
vt 0.008351 0.997732
vt 0.004080 0.994530
vt 0.983486 0.765373
vt 0.984783 0.758778
vt 0.997105 0.758463
vt 0.996681 0.770190
vt 0.982896 0.758313
vt 0.983217 0.775849
vt 0.996963 0.778443
vt 0.983316 0.785037
vt 0.997131 0.790886
vt 0.984241 0.794798
vt 0.981861 0.775229
vt 0.981907 0.784967
vt 0.981557 0.765156
vt 0.985049 0.756318
vt 0.997131 0.755987
vt 0.982787 0.794453
vt 0.124180 0.195460
vt 0.121920 0.199179
vt 0.123454 0.186585
vt 0.128248 0.185510
vt 0.130088 0.191455
vt 0.120889 0.189432
vt 0.127285 0.201261
vt 0.132086 0.197544
vt 0.123676 0.205646
vt 0.129660 0.206950
vt 0.134016 0.205167
vt 0.126939 0.210157
vt 0.133255 0.185437
vt 0.131239 0.179368
vt 0.123862 0.177126
vt 0.120779 0.180984
vt 0.118443 0.192475
vt 0.134016 0.191705
vt 0.669262 0.840215
vt 0.651560 0.845995
vt 0.641393 0.840215
vt 0.324906 0.278434
vt 0.329721 0.277003
vt 0.318807 0.268533
vt 0.309840 0.269608
vt 0.326633 0.267516
vt 0.334851 0.275702
vt 0.333780 0.266873
vt 0.339870 0.275095
vt 0.319453 0.280411
vt 0.308559 0.279444
vt 0.304375 0.275031
vt 0.296410 0.268866
vt 0.312272 0.285089
vt 0.299528 0.281883
vt 0.304331 0.284869
vt 0.296220 0.278939
vt 0.306164 0.290151
vt 0.296485 0.291704
vt 0.292553 0.291636
vt 0.302045 0.292314
vt 0.302490 0.298666
vt 0.296640 0.298928
vt 0.292353 0.299568
vt 0.296948 0.305150
vt 0.303445 0.305217
vt 0.306407 0.297051
vt 0.310151 0.303102
vt 0.344735 0.269727
vt 0.344280 0.274290
vt 0.318576 0.266166
vt 0.326156 0.265454
vt 0.326484 0.264375
vt 0.332945 0.263532
vt 0.333008 0.264699
vt 0.318810 0.264537
vt 0.309628 0.266952
vt 0.310251 0.264846
vt 0.295426 0.266926
vt 0.298199 0.264318
vt 0.290800 0.266633
vt 0.291194 0.263026
vt 0.266803 0.262796
vt 0.267938 0.258051
vt 0.342279 0.261359
vt 0.342304 0.263638
vt 0.353565 0.263288
vt 0.351959 0.266223
vt 0.360848 0.266401
vt 0.357723 0.269710
vt 0.367411 0.272270
vt 0.363350 0.274456
vt 0.373289 0.280253
vt 0.368128 0.281477
vt 0.377084 0.288569
vt 0.371545 0.289747
vt 0.379288 0.298057
vt 0.373839 0.298719
vt 0.379918 0.309121
vt 0.374202 0.308435
vt 0.378161 0.319992
vt 0.373053 0.317939
vt 0.372735 0.328953
vt 0.368618 0.325702
vt 0.342241 0.259369
vt 0.365253 0.335575
vt 0.361753 0.330963
vt 0.332791 0.262224
vt 0.342086 0.258060
vt 0.356664 0.339879
vt 0.353867 0.334060
vt 0.356078 0.258051
vt 0.293844 0.278133
vt 0.347455 0.342026
vt 0.346057 0.335416
vt 0.289433 0.277231
vt 0.289404 0.290450
vt 0.284959 0.289174
vt 0.287894 0.299670
vt 0.283255 0.299647
vt 0.289554 0.309427
vt 0.284468 0.311098
vt 0.294563 0.319299
vt 0.289823 0.322660
vt 0.302206 0.327893
vt 0.298376 0.332785
vt 0.306493 0.331023
vt 0.303334 0.336435
vt 0.311355 0.333812
vt 0.308555 0.339508
vt 0.330997 0.341381
vt 0.329362 0.347234
vt 0.363625 0.260411
vt 0.332027 0.334208
vt 0.294762 0.307369
vt 0.313776 0.327336
vt 0.299540 0.315653
vt 0.306616 0.322661
vt 0.310385 0.325475
vt 0.932828 0.633090
vt 0.931265 0.625193
vt 0.922209 0.626015
vt 0.922798 0.633976
vt 0.915555 0.626508
vt 0.915233 0.634600
vt 0.913925 0.623039
vt 0.918651 0.622072
vt 0.908607 0.617258
vt 0.941414 0.631130
vt 0.938776 0.623747
vt 0.947551 0.629164
vt 0.947224 0.620884
vt 0.952824 0.627570
vt 0.923198 0.622503
vt 0.953689 0.617258
vt 0.003841 0.235455
vt 0.008765 0.213737
vt 0.006910 0.235515
vt 0.011885 0.215273
vt 0.005334 0.212634
vt 0.000410 0.234352
vt 0.011885 0.266309
vt 0.748170 0.297860
vt 0.750468 0.306376
vt 0.740193 0.305212
vt 0.745399 0.311948
vt 0.734930 0.298017
vt 0.744237 0.290580
vt 0.759426 0.292444
vt 0.757585 0.305269
vt 0.734016 0.308112
vt 0.757591 0.317780
vt 0.755420 0.317859
vt 0.748968 0.318868
vt 0.754006 0.317978
vt 0.750210 0.328487
vt 0.755318 0.328613
vt 0.756485 0.328793
vt 0.758702 0.328804
vt 0.755286 0.285263
vt 0.741321 0.281129
vt 0.755484 0.274566
vt 0.759268 0.283458
vt 0.757393 0.340212
vt 0.759426 0.340628
vt 0.505892 0.100947
vt 0.507497 0.095150
vt 0.498194 0.100211
vt 0.499838 0.093731
vt 0.498888 0.107762
vt 0.505308 0.106887
vt 0.510874 0.101216
vt 0.511121 0.107034
vt 0.516095 0.101452
vt 0.517137 0.106241
vt 0.519267 0.100282
vt 0.520631 0.105044
vt 0.529275 0.096014
vt 0.531121 0.100621
vt 0.519723 0.095221
vt 0.516204 0.095399
vt 0.529579 0.090444
vt 0.512104 0.094855
vt 0.510285 0.086512
vt 0.522360 0.085724
vt 0.502180 0.085993
vt 0.518567 0.086566
vt 0.534418 0.072932
vt 0.514180 0.085613
vt 0.525169 0.073609
vt 0.521577 0.072912
vt 0.516301 0.073564
vt 0.514328 0.072932
vt 0.511820 0.072704
vt 0.504911 0.072254
vt 0.532644 0.089481
vt 0.532023 0.095201
vt 0.536408 0.072254
vt 0.533872 0.099187
vt 0.500709 0.084493
vt 0.497951 0.092578
vt 0.539859 0.095478
vt 0.544611 0.086802
vt 0.537675 0.091888
vt 0.547501 0.089958
vt 0.558607 0.079125
vt 0.555792 0.076492
vt 0.545309 0.073454
vt 0.407139 0.489265
vt 0.419262 0.488136
vt 0.406967 0.483135
vt 0.418919 0.481102
vt 0.407234 0.476393
vt 0.419186 0.474360
vt 0.407476 0.469949
vt 0.419262 0.467795
vt 0.758654 0.418483
vt 0.758607 0.412037
vt 0.770902 0.418582
vt 0.770878 0.411643
vt 0.770878 0.419075
vt 0.758987 0.419013
vt 0.569987 0.784155
vt 0.557989 0.776024
vt 0.569615 0.778058
vt 0.557818 0.783179
vt 0.558124 0.769146
vt 0.569154 0.771780
vt 0.570082 0.764396
vt 0.557787 0.761767
vt 0.570082 0.789843
vt 0.558253 0.789599
vt 0.974180 0.056274
vt 0.964620 0.055378
vt 0.964837 0.047560
vt 0.974127 0.048061
vt 0.964622 0.037926
vt 0.973762 0.039078
vt 0.973652 0.063321
vt 0.964905 0.063610
vt 0.974054 0.030012
vt 0.964887 0.030558
vt 0.969857 0.015277
vt 0.968745 0.015394
vt 0.974054 0.070603
vt 0.964344 0.070358
vt 0.489767 0.963832
vt 0.483913 0.970413
vt 0.484041 0.963279
vt 0.489797 0.970522
vt 0.481988 0.970736
vt 0.484512 0.977816
vt 0.489852 0.977212
vt 0.482620 0.978009
vt 0.477089 0.970997
vt 0.476820 0.963090
vt 0.481992 0.963334
vt 0.477619 0.979155
vt 0.475000 0.971272
vt 0.475130 0.963470
vt 0.476193 0.979353
vt 0.491297 0.970521
vt 0.491283 0.963728
vt 0.513101 0.962493
vt 0.512552 0.967945
vt 0.491766 0.977125
vt 0.513739 0.973112
vt 0.492900 0.983447
vt 0.486190 0.985281
vt 0.484347 0.986024
vt 0.491087 0.983985
vt 0.479506 0.987390
vt 0.515164 0.978696
vt 0.477974 0.988026
vt 0.478266 0.952187
vt 0.476316 0.951860
vt 0.483831 0.953202
vt 0.492412 0.956974
vt 0.513704 0.956239
vt 0.486451 0.954221
vt 0.487154 0.951605
vt 0.492838 0.953610
vt 0.512413 0.954128
vt 0.515164 0.953538
vt 0.505585 0.953263
vt 0.480666 0.941907
vt 0.478440 0.940958
vt 0.975225 0.390159
vt 0.971721 0.388522
vt 0.971721 0.420888
vt 0.976004 0.425613
vt 0.989789 0.391067
vt 0.993033 0.389093
vt 0.993033 0.421459
vt 0.988815 0.426507
vt 0.575782 0.281671
vt 0.572820 0.285320
vt 0.581507 0.294320
vt 0.590240 0.293750
vt 0.584018 0.310074
vt 0.593040 0.306338
vt 0.595616 0.294253
vt 0.562311 0.280246
vt 0.598799 0.304762
vt 0.600980 0.293579
vt 0.563645 0.271486
vt 0.598232 0.282833
vt 0.593888 0.282856
vt 0.590564 0.281103
vt 0.580541 0.275236
vt 0.571179 0.268995
vt 0.567903 0.263006
vt 0.559237 0.263377
vt 0.552049 0.268110
vt 0.552350 0.277912
vt 0.624886 0.273374
vt 0.628407 0.285049
vt 0.643476 0.280388
vt 0.639734 0.268470
vt 0.658847 0.275773
vt 0.649156 0.292911
vt 0.666896 0.273511
vt 0.655111 0.264740
vt 0.666078 0.263006
vt 0.672668 0.282250
vt 0.656021 0.303568
vt 0.679098 0.290657
vt 0.668443 0.226993
vt 0.671482 0.227895
vt 0.680336 0.209331
vt 0.682658 0.212078
vt 0.675873 0.255640
vt 0.714357 0.222202
vt 0.713674 0.258019
vt 0.724807 0.219911
vt 0.729685 0.258698
vt 0.735123 0.216486
vt 0.741448 0.256646
vt 0.734687 0.215166
vt 0.724509 0.218533
vt 0.733855 0.212396
vt 0.723491 0.215811
vt 0.714186 0.220787
vt 0.713341 0.217729
vt 0.697973 0.255398
vt 0.702035 0.223133
vt 0.702337 0.221812
vt 0.703172 0.218886
vt 0.683798 0.232847
vt 0.683447 0.250110
vt 0.691294 0.222564
vt 0.690458 0.224093
vt 0.684257 0.219443
vt 0.677954 0.227987
vt 0.692163 0.218637
vt 0.683951 0.217775
vt 0.676145 0.228226
vt 0.681856 0.251164
vt 0.682500 0.233929
vt 0.698611 0.263287
vt 0.699063 0.259547
vt 0.714091 0.263599
vt 0.714241 0.267430
vt 0.729606 0.271804
vt 0.729312 0.269275
vt 0.745140 0.270856
vt 0.744935 0.268386
vt 0.697009 0.265791
vt 0.742355 0.209331
vt 0.743086 0.212163
vt 0.714022 0.270749
vt 0.729680 0.274566
vt 0.745557 0.273188
vt 0.743416 0.213926
vt 0.759903 0.265845
vt 0.759231 0.263316
vt 0.756772 0.252282
vt 0.760246 0.268231
vt 0.606695 0.618084
vt 0.622541 0.629182
vt 0.620268 0.631355
vt 0.605450 0.620465
vt 0.581495 0.625276
vt 0.614692 0.638401
vt 0.603978 0.637743
vt 0.589543 0.630433
vt 0.583356 0.644114
vt 0.600739 0.649037
vt 0.578931 0.658819
vt 0.596435 0.661114
vt 0.572036 0.641559
vt 0.566517 0.655861
vt 0.594158 0.669722
vt 0.577121 0.669347
vt 0.562157 0.669597
vt 0.593513 0.676229
vt 0.576634 0.682645
vt 0.593411 0.682111
vt 0.560343 0.683728
vt 0.579384 0.696639
vt 0.562599 0.698217
vt 0.596516 0.692898
vt 0.582675 0.711936
vt 0.568108 0.717559
vt 0.596339 0.697960
vt 0.557617 0.669694
vt 0.590105 0.725101
vt 0.579621 0.732497
vt 0.563798 0.656063
vt 0.580054 0.622413
vt 0.577308 0.734160
vt 0.590987 0.749709
vt 0.603509 0.737969
vt 0.569339 0.640682
vt 0.594593 0.746502
vt 0.622541 0.747768
vt 0.556148 0.684537
vt 0.557981 0.699399
vt 0.612895 0.774154
vt 0.781286 0.530389
vt 0.785013 0.522402
vt 0.778399 0.524821
vt 0.787783 0.527968
vt 0.781917 0.515857
vt 0.781783 0.531696
vt 0.788267 0.529269
vt 0.775096 0.532702
vt 0.772157 0.527478
vt 0.775052 0.520223
vt 0.775735 0.533982
vt 0.770106 0.528033
vt 0.791238 0.520051
vt 0.787056 0.511845
vt 0.793448 0.525788
vt 0.793931 0.527091
vt 0.766859 0.522894
vt 0.764889 0.524333
vt 0.783033 0.534943
vt 0.789289 0.532576
vt 0.777301 0.537209
vt 0.774881 0.537985
vt 0.773315 0.534758
vt 0.795191 0.530336
vt 0.759766 0.518167
vt 0.798918 0.523634
vt 0.799446 0.525048
vt 0.796317 0.517810
vt 0.768007 0.530206
vt 0.763765 0.525898
vt 0.759755 0.531157
vt 0.764402 0.535393
vt 0.791944 0.509083
vt 0.752266 0.525685
vt 0.757240 0.520958
vt 0.800410 0.528509
vt 0.774521 0.534215
vt 0.758562 0.519681
vt 0.742442 0.514391
vt 0.740574 0.515624
vt 0.747404 0.509083
vt 0.685566 0.967013
vt 0.683023 0.972467
vt 0.695858 0.972304
vt 0.695846 0.968277
vt 0.695609 0.976782
vt 0.678674 0.968010
vt 0.683979 0.962264
vt 0.694969 0.963217
vt 0.686954 0.957208
vt 0.695289 0.958483
vt 0.677144 0.963328
vt 0.679724 0.955822
vt 0.678276 0.959083
vt 0.715291 0.964158
vt 0.714569 0.958494
vt 0.716446 0.955822
vt 0.715878 0.968590
vt 0.716074 0.973176
vt 0.716466 0.979890
vt 0.697228 0.982979
vt 0.687164 0.978315
vt 0.678023 0.974574
vt 0.682713 0.980177
vt 0.674180 0.976924
vt 0.717623 0.986729
vt 0.700239 0.988026
vt 0.777439 0.643992
vt 0.778308 0.648680
vt 0.784311 0.647866
vt 0.784105 0.643150
vt 0.790414 0.647279
vt 0.790163 0.642102
vt 0.796066 0.653592
vt 0.797238 0.642031
vt 0.803071 0.642102
vt 0.802383 0.651576
vt 0.809224 0.642887
vt 0.809323 0.652567
vt 0.815164 0.644159
vt 0.770902 0.645462
vt 0.771540 0.650740
vt 0.184667 0.030826
vt 0.176291 0.025791
vt 0.172819 0.026584
vt 0.176986 0.030993
vt 0.171370 0.020501
vt 0.185737 0.035158
vt 0.193455 0.034494
vt 0.191560 0.030358
vt 0.200343 0.031553
vt 0.197593 0.027560
vt 0.204658 0.027488
vt 0.201247 0.024858
vt 0.207548 0.022056
vt 0.170353 0.020986
vt 0.169407 0.014451
vt 0.180382 0.033719
vt 0.203846 0.021331
vt 0.208320 0.014451
vt 0.170763 0.015651
vt 0.175611 0.032513
vt 0.171210 0.027683
vt 0.185893 0.036747
vt 0.179673 0.035497
vt 0.201423 0.032866
vt 0.194350 0.035925
vt 0.168443 0.021660
vt 0.209426 0.022257
vt 0.206337 0.028683
vt 0.881624 0.606245
vt 0.877927 0.610013
vt 0.884872 0.612908
vt 0.896111 0.611473
vt 0.892526 0.603949
vt 0.902869 0.610031
vt 0.902869 0.623375
vt 0.894669 0.617577
vt 0.885088 0.621909
vt 0.879992 0.623803
vt 0.888601 0.624701
vt 0.880709 0.631296
vt 0.900357 0.596177
vt 0.879700 0.588678
vt 0.875670 0.589137
vt 0.871110 0.626475
vt 0.875305 0.575970
vt 0.885578 0.582514
vt 0.871802 0.589675
vt 0.865315 0.585203
vt 0.873323 0.607247
vt 0.874692 0.623101
vt 0.872977 0.613728
vt 0.861694 0.615094
vt 0.864235 0.606921
vt 0.854508 0.615134
vt 0.856556 0.627816
vt 0.864041 0.620822
vt 0.854947 0.601552
vt 0.793273 0.035360
vt 0.793438 0.024588
vt 0.799838 0.035460
vt 0.800014 0.024038
vt 0.786820 0.025016
vt 0.786678 0.035138
vt 0.806090 0.035978
vt 0.806251 0.023903
vt 0.811757 0.035999
vt 0.811882 0.023270
vt 0.780058 0.034526
vt 0.779648 0.025694
vt 0.778168 0.034117
vt 0.778185 0.025932
vt 0.766803 0.029762
vt 0.766846 0.030807
vt 0.814344 0.036747
vt 0.814344 0.022708
vt 0.020078 0.016102
vt 0.023185 0.007038
vt 0.017964 0.007098
vt 0.036985 0.009929
vt 0.036029 0.007019
vt 0.011066 0.014599
vt 0.043033 0.007098
vt 0.511965 0.237247
vt 0.524025 0.242639
vt 0.523207 0.235523
vt 0.513515 0.244857
vt 0.525254 0.249328
vt 0.515265 0.251542
vt 0.527123 0.255570
vt 0.517440 0.258978
vt 0.531684 0.241547
vt 0.531050 0.248668
vt 0.534226 0.241969
vt 0.532957 0.249299
vt 0.530017 0.256116
vt 0.531976 0.234820
vt 0.534567 0.235075
vt 0.510975 0.230011
vt 0.522797 0.228077
vt 0.532558 0.228060
vt 0.510124 0.230406
vt 0.535260 0.228314
vt 0.533362 0.221384
vt 0.523699 0.220987
vt 0.513687 0.220783
vt 0.509179 0.222076
vt 0.507716 0.222334
vt 0.508038 0.230442
vt 0.509211 0.238023
vt 0.511085 0.237380
vt 0.510723 0.245945
vt 0.512627 0.245664
vt 0.512417 0.252904
vt 0.514484 0.252354
vt 0.505797 0.222878
vt 0.514624 0.260529
vt 0.535774 0.221515
vt 0.513757 0.215206
vt 0.508934 0.215206
vt 0.534447 0.215513
vt 0.524386 0.215035
vt 0.503405 0.213750
vt 0.537213 0.215657
vt 0.512876 0.209785
vt 0.498613 0.214187
vt 0.538130 0.209642
vt 0.525050 0.209153
vt 0.535355 0.209624
vt 0.501129 0.207171
vt 0.498111 0.207646
vt 0.536182 0.203551
vt 0.512773 0.203884
vt 0.525925 0.203608
vt 0.496579 0.208112
vt 0.491780 0.211099
vt 0.495432 0.215723
vt 0.495927 0.220800
vt 0.497467 0.219899
vt 0.538934 0.203649
vt 0.488115 0.203649
vt 0.945365 0.563561
vt 0.944462 0.555795
vt 0.951941 0.556740
vt 0.952037 0.563557
vt 0.952070 0.549375
vt 0.944351 0.547758
vt 0.953765 0.556313
vt 0.954323 0.563635
vt 0.955328 0.548611
vt 0.954724 0.567589
vt 0.939400 0.565230
vt 0.938749 0.555907
vt 0.938708 0.546849
vt 0.952248 0.542293
vt 0.944714 0.540293
vt 0.939400 0.538657
vt 0.951325 0.535576
vt 0.945603 0.533859
vt 0.940642 0.531966
vt 0.941031 0.574403
vt 0.947642 0.572068
vt 0.952317 0.569309
vt 0.950702 0.580697
vt 0.955328 0.578505
vt 0.945825 0.584228
vt 0.934836 0.555163
vt 0.935572 0.564951
vt 0.935061 0.545922
vt 0.935624 0.538191
vt 0.937057 0.575350
vt 0.937077 0.530958
vt 0.940640 0.523947
vt 0.877847 0.229268
vt 0.895556 0.225847
vt 0.876745 0.222473
vt 0.895819 0.219061
vt 0.879686 0.215165
vt 0.895825 0.231499
vt 0.876841 0.234343
vt 0.896105 0.236347
vt 0.878773 0.240063
vt 0.868054 0.230321
vt 0.864643 0.223749
vt 0.873160 0.218627
vt 0.864261 0.215367
vt 0.879661 0.211123
vt 0.865114 0.218706
vt 0.863940 0.210983
vt 0.895975 0.210983
vt 0.900410 0.212143
vt 0.865647 0.234538
vt 0.859608 0.220091
vt 0.855836 0.211975
vt 0.855946 0.215696
vt 0.856628 0.218961
vt 0.870134 0.239599
vt 0.862937 0.240844
vt 0.896905 0.241525
vt 0.881196 0.244538
vt 0.870001 0.247883
vt 0.865983 0.246519
vt 0.872435 0.251445
vt 0.848671 0.211993
vt 0.848561 0.216023
vt 0.849136 0.219409
vt 0.840912 0.211488
vt 0.840574 0.215096
vt 0.996727 0.032562
vt 0.987027 0.039579
vt 0.986801 0.032222
vt 0.996479 0.039876
vt 0.997131 0.026394
vt 0.986732 0.026012
vt 0.984016 0.031219
vt 0.984657 0.035915
vt 0.985247 0.042841
vt 0.987353 0.047351
vt 0.996806 0.047156
vt 0.985518 0.049391
vt 0.987571 0.055144
vt 0.997023 0.054455
vt 0.985471 0.056058
vt 0.988152 0.061519
vt 0.997131 0.061281
vt 0.986260 0.061350
vt 0.148591 0.225809
vt 0.148770 0.233864
vt 0.146842 0.229833
vt 0.145546 0.225996
vt 0.144743 0.232132
vt 0.143033 0.228581
vt 0.146628 0.236581
vt 0.148770 0.218415
vt 0.145575 0.220619
vt 0.900230 0.282217
vt 0.904918 0.289917
vt 0.902784 0.292392
vt 0.896829 0.291764
vt 0.918443 0.285391
vt 0.901635 0.299832
vt 0.894817 0.299563
vt 0.900257 0.306581
vt 0.893175 0.306591
vt 0.892437 0.313546
vt 0.899200 0.313531
vt 0.892984 0.320318
vt 0.899429 0.319693
vt 0.894511 0.326970
vt 0.900851 0.326218
vt 0.896462 0.333800
vt 0.902691 0.332642
vt 0.900522 0.344576
vt 0.905537 0.335846
vt 0.918443 0.339793
vt 0.888368 0.321145
vt 0.888115 0.313520
vt 0.890202 0.328446
vt 0.888748 0.305485
vt 0.892109 0.334996
vt 0.890588 0.298063
vt 0.895498 0.345582
vt 0.892040 0.290324
vt 0.896097 0.280347
vt 0.244520 0.001680
vt 0.239263 0.013012
vt 0.239279 0.002051
vt 0.244507 0.013315
vt 0.247951 0.000413
vt 0.247951 0.014451
vt 0.232891 0.011990
vt 0.232848 0.002757
vt 0.227595 0.002782
vt 0.227592 0.011340
vt 0.218443 0.006963
vt 0.218496 0.007640
vt 0.066214 0.161400
vt 0.070202 0.163088
vt 0.070386 0.160306
vt 0.065625 0.162970
vt 0.079026 0.161224
vt 0.078975 0.158001
vt 0.089489 0.158451
vt 0.088441 0.155383
vt 0.098770 0.151528
vt 0.063525 0.151528
vt 0.969313 0.236267
vt 0.970800 0.240259
vt 0.964802 0.236056
vt 0.965430 0.240367
vt 0.964614 0.246745
vt 0.969565 0.246327
vt 0.970038 0.248816
vt 0.964813 0.249116
vt 0.974953 0.239229
vt 0.974992 0.245555
vt 0.975000 0.248142
vt 0.974348 0.235088
vt 0.960042 0.235953
vt 0.960502 0.240476
vt 0.959426 0.247041
vt 0.959772 0.249794
vt 0.965699 0.233121
vt 0.970756 0.233890
vt 0.969304 0.207276
vt 0.966305 0.203920
vt 0.962006 0.202931
vt 0.961590 0.233276
vt 0.974315 0.208159
vt 0.975000 0.207021
vt 0.968824 0.201982
vt 0.972603 0.205805
vt 0.964180 0.200248
vt 0.782377 0.605059
vt 0.778951 0.611038
vt 0.771982 0.588197
vt 0.773430 0.584271
vt 0.774245 0.620766
vt 0.766915 0.625719
vt 0.770400 0.629418
vt 0.768486 0.629718
vt 0.764184 0.631585
vt 0.780403 0.621762
vt 0.775335 0.631433
vt 0.782377 0.624690
vt 0.749283 0.581937
vt 0.759233 0.584436
vt 0.755009 0.613391
vt 0.745820 0.610356
vt 0.752151 0.566500
vt 0.761685 0.569041
vt 0.756462 0.550821
vt 0.766004 0.553707
vt 0.760943 0.538635
vt 0.770226 0.542940
vt 0.752798 0.618033
vt 0.744373 0.614088
vt 0.770082 0.587796
vt 0.763513 0.616480
vt 0.765465 0.624754
vt 0.771495 0.583690
vt 0.773851 0.571899
vt 0.775319 0.574748
vt 0.760046 0.622596
vt 0.777933 0.556338
vt 0.779816 0.547844
vt 0.762401 0.630723
vt 0.779137 0.572400
vt 0.743422 0.564138
vt 0.747773 0.548277
vt 0.752692 0.535508
vt 0.740354 0.580127
vt 0.736227 0.608080
vt 0.734836 0.611218
vt 0.777477 0.574567
vt 0.762583 0.641206
vt 0.760329 0.640421
vt 0.879716 0.070510
vt 0.879975 0.049959
vt 0.883197 0.070276
vt 0.883197 0.050663
vt 0.876899 0.050052
vt 0.876639 0.070603
vt 0.662705 0.013625
vt 0.662705 0.001239
vt 0.652049 0.008459
vt 0.465984 0.031792
vt 0.455247 0.030832
vt 0.465984 0.020231
vt 0.454508 0.022491
vt 0.382849 0.326233
vt 0.393632 0.316312
vt 0.390593 0.329042
vt 0.384521 0.318688
vt 0.398596 0.319858
vt 0.397603 0.310858
vt 0.393362 0.309555
vt 0.383911 0.312250
vt 0.398929 0.302280
vt 0.393182 0.302754
vt 0.383021 0.306056
vt 0.402049 0.291907
vt 0.392703 0.295317
vt 0.382377 0.332059
vt 0.400876 0.331860
vt 0.390767 0.334461
vt 0.402049 0.337325
vt 0.299544 0.044949
vt 0.303969 0.035991
vt 0.299508 0.036338
vt 0.294689 0.045221
vt 0.296447 0.036218
vt 0.303203 0.043826
vt 0.301627 0.024960
vt 0.305982 0.024564
vt 0.307709 0.034820
vt 0.306485 0.043822
vt 0.309507 0.024640
vt 0.320295 0.025101
vt 0.314388 0.041833
vt 0.298537 0.024575
vt 0.321721 0.024360
vt 0.306347 0.049260
vt 0.313342 0.047363
vt 0.303667 0.049896
vt 0.300186 0.050735
vt 0.293990 0.050758
vt 0.290533 0.045024
vt 0.289516 0.050464
vt 0.281557 0.049506
vt 0.282757 0.043555
vt 0.292595 0.037395
vt 0.285425 0.036352
vt 0.296196 0.024360
vt 0.288909 0.025788
vt 0.300499 0.055480
vt 0.293432 0.056321
vt 0.288243 0.056565
vt 0.282565 0.056438
vt 0.306718 0.054105
vt 0.314443 0.052067
vt 0.303961 0.054790
vt 0.195492 0.347323
vt 0.186990 0.348542
vt 0.186687 0.346408
vt 0.179821 0.348844
vt 0.180828 0.350938
vt 0.172229 0.353876
vt 0.173522 0.355588
vt 0.166394 0.360156
vt 0.167909 0.361491
vt 0.161346 0.366485
vt 0.163590 0.367848
vt 0.156286 0.377025
vt 0.158490 0.377702
vt 0.153970 0.385236
vt 0.156135 0.385964
vt 0.151799 0.398917
vt 0.153941 0.399009
vt 0.152090 0.411749
vt 0.154544 0.411575
vt 0.154393 0.421782
vt 0.156500 0.421310
vt 0.158568 0.426900
vt 0.156424 0.427921
vt 0.163696 0.440357
vt 0.165332 0.439487
vt 0.168052 0.447865
vt 0.169698 0.446854
vt 0.172309 0.454304
vt 0.173955 0.452974
vt 0.178198 0.460232
vt 0.179353 0.458555
vt 0.186598 0.465586
vt 0.176851 0.461602
vt 0.185678 0.466941
vt 0.170845 0.455213
vt 0.166701 0.448827
vt 0.178807 0.347240
vt 0.170866 0.352668
vt 0.164750 0.358784
vt 0.162303 0.441083
vt 0.195011 0.471098
vt 0.195492 0.469078
vt 0.152670 0.422145
vt 0.154765 0.428325
vt 0.150676 0.412046
vt 0.150596 0.398869
vt 0.151922 0.385115
vt 0.154845 0.376576
vt 0.159910 0.366004
vt 0.145492 0.433148
vt 0.152904 0.446503
vt 0.157919 0.454530
vt 0.162749 0.461186
vt 0.488180 0.027663
vt 0.506082 0.031792
vt 0.488115 0.031792
vt 0.506148 0.027663
vt 0.807049 0.816661
vt 0.801554 0.825426
vt 0.801566 0.828413
vt 0.794141 0.832804
vt 0.805566 0.822169
vt 0.804613 0.834408
vt 0.809310 0.825048
vt 0.794455 0.835663
vt 0.783103 0.832580
vt 0.784059 0.829445
vt 0.770915 0.825200
vt 0.774093 0.822773
vt 0.763724 0.815747
vt 0.767476 0.813909
vt 0.759064 0.804634
vt 0.763418 0.803889
vt 0.757787 0.792442
vt 0.761928 0.793110
vt 0.760073 0.782171
vt 0.763431 0.783876
vt 0.765075 0.774311
vt 0.767967 0.776355
vt 0.771971 0.768697
vt 0.773817 0.771219
vt 0.780467 0.765459
vt 0.781406 0.768565
vt 0.790760 0.765602
vt 0.789972 0.768735
vt 0.802011 0.770480
vt 0.799017 0.773263
vt 0.809598 0.779065
vt 0.806182 0.781093
vt 0.815884 0.792486
vt 0.811612 0.793366
vt 0.815984 0.809129
vt 0.811633 0.808508
vt 0.811227 0.826778
vt 0.805006 0.836086
vt 0.758013 0.781596
vt 0.763571 0.772848
vt 0.780111 0.763419
vt 0.771016 0.766864
vt 0.790715 0.763419
vt 0.984873 0.170258
vt 0.985091 0.164878
vt 0.973461 0.170354
vt 0.972262 0.163070
vt 0.985001 0.156735
vt 0.968440 0.155523
vt 0.985168 0.148810
vt 0.965149 0.148663
vt 0.963127 0.154272
vt 0.987315 0.148794
vt 0.987531 0.156945
vt 0.991304 0.148225
vt 0.991393 0.156892
vt 0.987704 0.165201
vt 0.991121 0.165246
vt 0.990327 0.177126
vt 0.986435 0.171324
vt 0.972347 0.175941
vt 0.962705 0.148225
vt 0.140818 0.255991
vt 0.141832 0.258315
vt 0.148735 0.251950
vt 0.135236 0.259967
vt 0.134733 0.257572
vt 0.129174 0.261026
vt 0.129054 0.258694
vt 0.119256 0.260791
vt 0.119605 0.258380
vt 0.108634 0.258374
vt 0.109431 0.255931
vt 0.102264 0.255128
vt 0.102975 0.252707
vt 0.097540 0.250419
vt 0.150196 0.253856
vt 0.156148 0.245665
vt 0.096086 0.252074
vt 0.089754 0.247692
vt 0.091536 0.245665
vt 0.101263 0.256779
vt 0.107654 0.260041
vt 0.119244 0.262888
vt 0.135705 0.261666
vt 0.129134 0.263006
vt 0.534317 0.460160
vt 0.530210 0.455625
vt 0.514499 0.461239
vt 0.516695 0.472136
vt 0.549442 0.448550
vt 0.541865 0.445539
vt 0.498508 0.464503
vt 0.527452 0.452587
vt 0.500102 0.479302
vt 0.513409 0.456884
vt 0.557598 0.435247
vt 0.551354 0.430502
vt 0.532540 0.475383
vt 0.516879 0.483216
vt 0.532588 0.478236
vt 0.538648 0.474523
vt 0.538673 0.471659
vt 0.548749 0.466341
vt 0.548419 0.464379
vt 0.554575 0.457912
vt 0.555154 0.459319
vt 0.560894 0.453358
vt 0.517480 0.486566
vt 0.560450 0.452121
vt 0.501748 0.490875
vt 0.501605 0.495045
vt 0.566543 0.448335
vt 0.566096 0.447100
vt 0.482078 0.476430
vt 0.482977 0.487600
vt 0.482808 0.491257
vt 0.465394 0.482423
vt 0.465216 0.469082
vt 0.458950 0.478882
vt 0.443370 0.473140
vt 0.443135 0.455257
vt 0.433631 0.468125
vt 0.425553 0.462471
vt 0.429300 0.442447
vt 0.417505 0.455499
vt 0.571470 0.438304
vt 0.424891 0.432233
vt 0.561217 0.424398
vt 0.465391 0.485553
vt 0.459506 0.482079
vt 0.410098 0.437552
vt 0.573578 0.427418
vt 0.405749 0.430959
vt 0.420123 0.419237
vt 0.451687 0.450159
vt 0.576601 0.422345
vt 0.562420 0.413184
vt 0.468445 0.459642
vt 0.577459 0.413091
vt 0.561386 0.400944
vt 0.409149 0.438448
vt 0.403086 0.419582
vt 0.419499 0.405041
vt 0.403919 0.431807
vt 0.401124 0.404589
vt 0.421526 0.390999
vt 0.577161 0.403421
vt 0.558876 0.390999
vt 0.401232 0.420282
vt 0.398770 0.404713
vt 0.484517 0.464647
vt 0.792213 0.011630
vt 0.826578 0.012178
vt 0.826639 0.008671
vt 0.792366 0.008671
vt 0.793057 0.014981
vt 0.825629 0.015277
vt 0.369759 0.209960
vt 0.375000 0.204377
vt 0.371056 0.210582
vt 0.366925 0.216427
vt 0.367716 0.216669
vt 0.365297 0.223382
vt 0.362187 0.230393
vt 0.363198 0.222860
vt 0.364186 0.230436
vt 0.363881 0.237167
vt 0.361885 0.237176
vt 0.364918 0.216316
vt 0.364498 0.244863
vt 0.366445 0.223526
vt 0.365325 0.230645
vt 0.364922 0.237021
vt 0.365561 0.244781
vt 0.366511 0.251555
vt 0.367584 0.251477
vt 0.370309 0.259215
vt 0.371131 0.258523
vt 0.375000 0.264657
vt 0.274743 0.233278
vt 0.270082 0.219240
vt 0.273698 0.233248
vt 0.278279 0.219240
vt 0.597294 0.348904
vt 0.608678 0.358650
vt 0.609576 0.350760
vt 0.596815 0.356453
vt 0.608041 0.366724
vt 0.596415 0.363446
vt 0.607477 0.373796
vt 0.596311 0.372780
vt 0.605505 0.377615
vt 0.610246 0.378359
vt 0.607729 0.379438
vt 0.598215 0.342279
vt 0.610246 0.344325
vt 0.540211 0.758322
vt 0.550330 0.755335
vt 0.546689 0.766819
vt 0.539093 0.766909
vt 0.526910 0.764378
vt 0.529607 0.755227
vt 0.541855 0.751272
vt 0.547946 0.750037
vt 0.531922 0.748544
vt 0.543048 0.744402
vt 0.533752 0.742174
vt 0.547101 0.744081
vt 0.547792 0.738646
vt 0.550785 0.759681
vt 0.549254 0.769178
vt 0.546225 0.776163
vt 0.538395 0.775756
vt 0.525820 0.773270
vt 0.550363 0.777094
vt 0.555328 0.752119
vt 0.546173 0.784460
vt 0.552577 0.784105
vt 0.538270 0.784186
vt 0.548010 0.790893
vt 0.526103 0.782775
vt 0.537736 0.792664
vt 0.555328 0.789285
vt 0.526530 0.790020
vt 0.527371 0.794798
vt 0.825000 0.821241
vt 0.838115 0.817093
vt 0.838115 0.826177
vt 0.825067 0.822318
vt 0.761760 0.311779
vt 0.763181 0.328225
vt 0.765238 0.328513
vt 0.764764 0.337352
vt 0.767124 0.338022
vt 0.767376 0.328132
vt 0.769262 0.337641
vt 0.764084 0.311832
vt 0.763692 0.355491
vt 0.760246 0.309868
vt 0.766822 0.295422
vt 0.761332 0.354821
vt 0.769262 0.295424
vt 0.762802 0.272091
vt 0.760362 0.272089
vt 0.765527 0.354728
vt 0.114726 0.088750
vt 0.117973 0.094965
vt 0.124847 0.086703
vt 0.120564 0.076796
vt 0.126642 0.100610
vt 0.110942 0.080326
vt 0.102321 0.092774
vt 0.098920 0.083473
vt 0.107771 0.101156
vt 0.124493 0.074756
vt 0.121527 0.067300
vt 0.128279 0.080845
vt 0.084820 0.086612
vt 0.086929 0.093645
vt 0.084555 0.095087
vt 0.081407 0.086424
vt 0.080629 0.079841
vt 0.077197 0.085168
vt 0.076342 0.077247
vt 0.078086 0.073841
vt 0.075001 0.076253
vt 0.071825 0.067300
vt 0.070040 0.077594
vt 0.066822 0.070105
vt 0.066803 0.078479
vt 0.695971 0.125103
vt 0.694861 0.125039
vt 0.700410 0.111891
vt 0.691393 0.111891
vt 0.817782 0.155016
vt 0.811881 0.157541
vt 0.809906 0.155588
vt 0.816556 0.152530
vt 0.805394 0.160203
vt 0.808333 0.161759
vt 0.803689 0.165912
vt 0.806656 0.166446
vt 0.804368 0.172029
vt 0.807101 0.171487
vt 0.809963 0.176441
vt 0.807962 0.178250
vt 0.815946 0.180670
vt 0.816514 0.184972
vt 0.829098 0.184097
vt 0.828570 0.187861
vt 0.825735 0.153966
vt 0.829098 0.147399
vt 0.817427 0.164735
vt 0.815520 0.170041
vt 0.823366 0.166551
vt 0.821305 0.172144
vt 0.510246 0.035797
vt 0.522541 0.040050
vt 0.522541 0.030966
vt 0.510285 0.035114
vt 0.043877 0.015277
vt 0.052869 0.015277
vt 0.052869 0.021883
vt 0.043852 0.021377
vt 0.871796 0.689100
vt 0.880688 0.695201
vt 0.871721 0.695706
vt 0.880738 0.689100
vt 0.847597 0.053187
vt 0.852090 0.048191
vt 0.838934 0.039224
vt 0.841417 0.054388
vt 0.850696 0.039690
vt 0.860246 0.039224
vt 0.842331 0.056565
vt 0.973826 0.656317
vt 0.944672 0.656069
vt 0.962843 0.659803
vt 0.989754 0.656069
vt 0.987514 0.668456
vt 0.657409 0.628819
vt 0.632377 0.627781
vt 0.661066 0.624690
vt 0.632863 0.624690
vt 0.650359 0.999587
vt 0.635618 0.998326
vt 0.638186 0.994694
vt 0.654508 0.992155
vt 0.634032 0.992155
vt 0.630738 0.994424
vt 0.605970 0.026033
vt 0.583973 0.034719
vt 0.585701 0.038650
vt 0.576708 0.033679
vt 0.578393 0.026932
vt 0.570401 0.025186
vt 0.606878 0.029884
vt 0.606955 0.034980
vt 0.561885 0.027838
vt 0.606951 0.039224
vt 0.609764 0.035892
vt 0.609418 0.028708
vt 0.613693 0.035642
vt 0.613212 0.027451
vt 0.620017 0.025554
vt 0.621096 0.035646
vt 0.623361 0.035263
vt 0.622852 0.030509
vt 0.622703 0.025186
vt 0.402049 0.207680
vt 0.434016 0.204377
vt 0.433524 0.205531
vt 0.402063 0.204377
vt 0.887829 0.487206
vt 0.880234 0.488966
vt 0.886145 0.491197
vt 0.875581 0.495338
vt 0.875986 0.487489
vt 0.870992 0.494714
vt 0.883169 0.496885
vt 0.885391 0.481123
vt 0.877615 0.480850
vt 0.886556 0.481077
vt 0.890634 0.491427
vt 0.888731 0.497652
vt 0.894559 0.494283
vt 0.892286 0.500505
vt 0.889304 0.486363
vt 0.888859 0.480106
vt 0.887821 0.475948
vt 0.886739 0.475597
vt 0.890374 0.474753
vt 0.891372 0.478862
vt 0.894105 0.477872
vt 0.892696 0.474177
vt 0.897007 0.486779
vt 0.894265 0.485557
vt 0.898743 0.486795
vt 0.892200 0.483116
vt 0.891193 0.483889
vt 0.891643 0.490289
vt 0.893683 0.486732
vt 0.896641 0.492981
vt 0.897574 0.488033
vt 0.901605 0.494362
vt 0.899753 0.487778
vt 0.907917 0.489648
vt 0.905407 0.475596
vt 0.898206 0.476584
vt 0.913735 0.484698
vt 0.914344 0.475717
vt 0.905185 0.470272
vt 0.897261 0.471771
vt 0.914268 0.470272
vt 0.896693 0.476586
vt 0.895271 0.472871
vt 0.896925 0.506715
vt 0.891249 0.507004
vt 0.892927 0.516629
vt 0.903511 0.501111
vt 0.890242 0.525599
vt 0.886391 0.475384
vt 0.873390 0.484147
vt 0.869409 0.491420
vt 0.871679 0.484132
vt 0.875830 0.475613
vt 0.874662 0.475368
vt 0.870557 0.483543
vt 0.869262 0.486396
vt 0.869426 0.482941
vt 0.872484 0.475391
vt 0.870876 0.475055
vt 0.876158 0.478176
vt 0.885143 0.473273
vt 0.910845 0.494748
vt 0.434836 0.413295
vt 0.428680 0.423204
vt 0.425000 0.413295
vt 0.821721 0.878091
vt 0.828576 0.874626
vt 0.833571 0.885704
vt 0.831259 0.865539
vt 0.832227 0.889863
vt 0.835913 0.888192
vt 0.841544 0.890911
vt 0.829022 0.861707
vt 0.832803 0.861945
vt 0.837167 0.858337
vt 0.837060 0.854506
vt 0.836856 0.852109
vt 0.840267 0.855635
vt 0.842813 0.894234
vt 0.842646 0.896634
vt 0.845349 0.892639
vt 0.842537 0.898844
vt 0.844171 0.897818
vt 0.836128 0.850248
vt 0.837676 0.851063
vt 0.845007 0.835724
vt 0.861719 0.898082
vt 0.861885 0.895682
vt 0.849323 0.840680
vt 0.857569 0.824525
vt 0.861885 0.829481
vt 0.781728 0.160384
vt 0.778738 0.170614
vt 0.776543 0.161934
vt 0.773766 0.167267
vt 0.776387 0.153485
vt 0.784836 0.149876
vt 0.784836 0.172998
vt 0.765145 0.156430
vt 0.766237 0.164911
vt 0.756148 0.158041
vt 0.757826 0.166262
vt 0.103689 0.899670
vt 0.094026 0.902190
vt 0.082377 0.899670
vt 0.082824 0.905450
vt 0.094285 0.904551
vt 0.103065 0.902607
vt 0.246939 0.315955
vt 0.245271 0.315080
vt 0.249622 0.310926
vt 0.253297 0.303338
vt 0.253428 0.297688
vt 0.256148 0.298989
vt 0.244637 0.319268
vt 0.235656 0.319966
vt 0.240194 0.326637
vt 0.250809 0.329372
vt 0.256148 0.334021
vt 0.974928 0.849891
vt 0.977459 0.851374
vt 0.975355 0.852273
vt 0.967623 0.852932
vt 0.969736 0.849809
vt 0.969221 0.848472
vt 0.974731 0.848847
vt 0.977459 0.898844
vt 0.936877 0.220335
vt 0.947195 0.217931
vt 0.948552 0.224678
vt 0.938665 0.227187
vt 0.950762 0.231679
vt 0.940967 0.234364
vt 0.943750 0.240562
vt 0.935202 0.212418
vt 0.945778 0.210618
vt 0.953399 0.216715
vt 0.953434 0.223625
vt 0.955656 0.216740
vt 0.955442 0.223575
vt 0.953291 0.230825
vt 0.955312 0.230561
vt 0.956088 0.209924
vt 0.953557 0.210093
vt 0.953747 0.240669
vt 0.946919 0.246734
vt 0.956387 0.240384
vt 0.956967 0.249714
vt 0.950463 0.252271
vt 0.933473 0.204821
vt 0.945283 0.203556
vt 0.954050 0.203287
vt 0.956302 0.203499
vt 0.932377 0.197367
vt 0.944525 0.196119
vt 0.954387 0.196503
vt 0.956967 0.196286
vt 0.637343 0.023721
vt 0.636219 0.026837
vt 0.632377 0.022194
vt 0.641393 0.026373
vt 0.641393 0.005730
vt 0.636157 0.004542
vt 0.938115 0.827828
vt 0.934016 0.813790
vt 0.934753 0.827794
vt 0.938115 0.813894
vt 0.875486 0.459014
vt 0.867374 0.459782
vt 0.868313 0.462093
vt 0.874692 0.456860
vt 0.879603 0.453757
vt 0.879918 0.457786
vt 0.879882 0.459272
vt 0.859964 0.461733
vt 0.860289 0.464492
vt 0.873827 0.455074
vt 0.866834 0.457093
vt 0.859329 0.459023
vt 0.850972 0.458708
vt 0.850578 0.461595
vt 0.840383 0.455769
vt 0.839583 0.458538
vt 0.830738 0.453757
vt 0.341349 0.108743
vt 0.334797 0.114114
vt 0.343006 0.113074
vt 0.336165 0.118454
vt 0.325981 0.118580
vt 0.326829 0.122581
vt 0.317411 0.120693
vt 0.316406 0.125130
vt 0.309022 0.121686
vt 0.344493 0.115494
vt 0.306914 0.125065
vt 0.300695 0.121308
vt 0.299359 0.124204
vt 0.292110 0.119053
vt 0.293244 0.115522
vt 0.285272 0.110580
vt 0.290457 0.121653
vt 0.283062 0.112867
vt 0.278279 0.102808
vt 0.305811 0.128406
vt 0.337579 0.121185
vt 0.316429 0.128307
vt 0.327816 0.125602
vt 0.298164 0.126894
vt 0.352049 0.108046
vt 0.351142 0.104989
vt 0.348712 0.102808
vt 0.138475 0.007190
vt 0.139060 0.010322
vt 0.125820 0.006193
vt 0.125940 0.009412
vt 0.152869 0.009325
vt 0.152283 0.006193
vt 0.989189 0.506939
vt 0.959426 0.509501
vt 0.960553 0.506780
vt 0.962798 0.493318
vt 0.959536 0.491807
vt 0.992213 0.508897
vt 0.992213 0.486048
vt 0.989310 0.488616
vt 0.986241 0.504967
vt 0.986712 0.491527
vt 0.959818 0.512386
vt 0.959504 0.488796
vt 0.960502 0.485962
vt 0.784833 0.227260
vt 0.780181 0.239058
vt 0.778251 0.233414
vt 0.780132 0.226398
vt 0.785036 0.208251
vt 0.789768 0.208721
vt 0.787486 0.229000
vt 0.769852 0.250152
vt 0.773975 0.249670
vt 0.775657 0.225399
vt 0.779175 0.211515
vt 0.770171 0.213691
vt 0.767363 0.223453
vt 0.760088 0.214979
vt 0.757275 0.220188
vt 0.761010 0.208468
vt 0.770378 0.207657
vt 0.778972 0.206418
vt 0.770357 0.205456
vt 0.779095 0.204359
vt 0.771212 0.233500
vt 0.784672 0.238057
vt 0.762657 0.232433
vt 0.768473 0.241800
vt 0.761046 0.203082
vt 0.771092 0.194313
vt 0.762333 0.194302
vt 0.773645 0.186030
vt 0.778447 0.188290
vt 0.765634 0.184976
vt 0.788910 0.233051
vt 0.786914 0.206211
vt 0.787204 0.204166
vt 0.789728 0.193002
vt 0.787581 0.244786
vt 0.771778 0.259703
vt 0.751509 0.209115
vt 0.752869 0.193293
vt 0.751397 0.202964
vt 0.756263 0.182907
vt 0.750961 0.212234
vt 0.749590 0.214878
vt 0.795161 0.214631
vt 0.800237 0.215762
vt 0.800936 0.210831
vt 0.793711 0.236678
vt 0.800425 0.241370
vt 0.796068 0.251941
vt 0.808832 0.246391
vt 0.802738 0.258183
vt 0.791744 0.228245
vt 0.801420 0.239292
vt 0.809426 0.244653
vt 0.809426 0.212418
vt 0.808762 0.217234
vt 0.794457 0.234470
vt 0.052869 0.461682
vt 0.048541 0.451407
vt 0.045248 0.452341
vt 0.043852 0.462015
vt 0.052869 0.446325
vt 0.996181 0.590994
vt 0.985748 0.589068
vt 0.995865 0.584097
vt 0.986247 0.581516
vt 0.985768 0.596906
vt 0.996430 0.598278
vt 0.985668 0.604702
vt 0.996996 0.605635
vt 0.985563 0.612786
vt 0.997131 0.613130
vt 0.996635 0.576453
vt 0.986932 0.574215
vt 0.997131 0.572717
vt 0.988320 0.570190
vt 0.984016 0.571460
vt 0.645814 0.467830
vt 0.639305 0.468455
vt 0.644241 0.479356
vt 0.637487 0.479324
vt 0.650978 0.479333
vt 0.652159 0.467608
vt 0.657906 0.479093
vt 0.658767 0.467170
vt 0.664724 0.478946
vt 0.665164 0.466969
vt 0.632365 0.466969
vt 0.629918 0.478020
vt 0.893977 0.674728
vt 0.898475 0.675056
vt 0.893796 0.677779
vt 0.904093 0.685236
vt 0.893284 0.659647
vt 0.890175 0.661809
vt 0.899807 0.688227
vt 0.886618 0.663119
vt 0.891378 0.677729
vt 0.897543 0.688903
vt 0.890471 0.674614
vt 0.884769 0.660972
vt 0.888101 0.659475
vt 0.890555 0.657776
vt 0.900073 0.658731
vt 0.907123 0.659933
vt 0.899594 0.664417
vt 0.907842 0.653429
vt 0.900904 0.652156
vt 0.906507 0.666436
vt 0.913687 0.661081
vt 0.914344 0.655073
vt 0.912974 0.667988
vt 0.910979 0.687567
vt 0.893104 0.656893
vt 0.894501 0.650772
vt 0.887183 0.655290
vt 0.887523 0.648533
vt 0.886644 0.647812
vt 0.909796 0.689694
vt 0.910672 0.693896
vt 0.905214 0.690910
vt 0.901695 0.691405
vt 0.898835 0.692668
vt 0.903152 0.694020
vt 0.898486 0.694252
vt 0.906132 0.693446
vt 0.895500 0.690384
vt 0.896235 0.688676
vt 0.914344 0.708278
vt 0.912650 0.713873
vt 0.894732 0.692213
vt 0.890299 0.689533
vt 0.891174 0.688340
vt 0.890176 0.678741
vt 0.887709 0.675329
vt 0.880738 0.684784
vt 0.881613 0.683591
vt 0.009859 0.156267
vt 0.008619 0.164905
vt 0.006967 0.164276
vt 0.008533 0.155782
vt 0.014202 0.158179
vt 0.012980 0.165863
vt 0.017899 0.150176
vt 0.013208 0.147756
vt 0.011868 0.147310
vt 0.022890 0.142491
vt 0.017880 0.139204
vt 0.016757 0.138936
vt 0.023729 0.131649
vt 0.022294 0.130884
vt 0.029098 0.134723
vt 0.007043 0.173122
vt 0.008372 0.173220
vt 0.014362 0.173697
vt 0.009938 0.182981
vt 0.008607 0.182911
vt 0.016438 0.182828
vt 0.013124 0.192295
vt 0.011716 0.192461
vt 0.020796 0.191475
vt 0.016944 0.200809
vt 0.018000 0.200341
vt 0.026255 0.198975
vt 0.024084 0.209331
vt 0.025060 0.208204
vt 0.029098 0.202397
vt 0.393349 0.421084
vt 0.388719 0.420493
vt 0.390048 0.410488
vt 0.386310 0.410092
vt 0.390146 0.401810
vt 0.386244 0.400755
vt 0.391997 0.393837
vt 0.388683 0.391531
vt 0.394672 0.384393
vt 0.385878 0.420540
vt 0.383197 0.410283
vt 0.383494 0.400075
vt 0.388157 0.431219
vt 0.391651 0.432287
vt 0.394672 0.430798
vt 0.965215 0.299599
vt 0.961921 0.310644
vt 0.969387 0.311264
vt 0.972739 0.299740
vt 0.977079 0.311726
vt 0.980025 0.299965
vt 0.983936 0.311337
vt 0.986475 0.299339
vt 0.958235 0.299339
vt 0.954508 0.307710
vt 0.206967 0.444883
vt 0.205496 0.455481
vt 0.197312 0.452754
vt 0.195575 0.445342
vt 0.188717 0.446948
vt 0.188009 0.449558
vt 0.184703 0.423776
vt 0.183021 0.433670
vt 0.181068 0.433798
vt 0.182830 0.423487
vt 0.187361 0.415159
vt 0.185460 0.414519
vt 0.189108 0.408202
vt 0.182250 0.443742
vt 0.184428 0.443247
vt 0.185979 0.451056
vt 0.196951 0.457554
vt 0.204300 0.460363
vt 0.176189 0.432973
vt 0.177257 0.422184
vt 0.175943 0.421784
vt 0.178052 0.411367
vt 0.179206 0.411955
vt 0.175104 0.432693
vt 0.179669 0.404950
vt 0.180657 0.405096
vt 0.187121 0.407420
vt 0.180792 0.398347
vt 0.181705 0.398777
vt 0.193351 0.400349
vt 0.183015 0.391829
vt 0.183888 0.392473
vt 0.185264 0.385902
vt 0.186218 0.386379
vt 0.188333 0.379616
vt 0.189351 0.379942
vt 0.192044 0.373722
vt 0.192849 0.374244
vt 0.196197 0.367604
vt 0.197075 0.367992
vt 0.200692 0.361522
vt 0.201462 0.362252
vt 0.206467 0.357143
vt 0.206967 0.357974
vt 0.179377 0.397899
vt 0.177920 0.404212
vt 0.186842 0.378624
vt 0.183522 0.385034
vt 0.176017 0.410984
vt 0.174180 0.421020
vt 0.181061 0.391327
vt 0.194750 0.366586
vt 0.190462 0.372631
vt 0.931085 0.590834
vt 0.939241 0.596171
vt 0.939809 0.591045
vt 0.931961 0.596100
vt 0.936855 0.605416
vt 0.936465 0.605698
vt 0.940574 0.585054
vt 0.930738 0.585054
vt 0.888912 0.574665
vt 0.888912 0.567918
vt 0.882377 0.574459
vt 0.882377 0.567713
vt 0.882400 0.574939
vt 0.888934 0.575145
vt 0.708461 0.447485
vt 0.696478 0.447469
vt 0.696311 0.440545
vt 0.708607 0.440545
vt 0.708499 0.447977
vt 0.696516 0.447961
vt 0.305007 0.680824
vt 0.315089 0.688274
vt 0.304109 0.688060
vt 0.315149 0.681748
vt 0.304423 0.673744
vt 0.315053 0.674109
vt 0.303689 0.659675
vt 0.314888 0.658337
vt 0.314993 0.666308
vt 0.304012 0.666279
vt 0.303964 0.651937
vt 0.315164 0.650599
vt 0.304110 0.644771
vt 0.315089 0.642857
vt 0.747570 0.365793
vt 0.747851 0.361921
vt 0.742611 0.365800
vt 0.751561 0.359558
vt 0.740945 0.369336
vt 0.752720 0.363270
vt 0.733772 0.365101
vt 0.755211 0.356559
vt 0.752094 0.354538
vt 0.730514 0.366882
vt 0.728139 0.351463
vt 0.725265 0.353270
vt 0.732486 0.351528
vt 0.731141 0.348885
vt 0.753922 0.351624
vt 0.757787 0.360174
vt 0.747637 0.370006
vt 0.737669 0.372265
vt 0.757295 0.352633
vt 0.753721 0.367557
vt 0.736727 0.362598
vt 0.744418 0.374484
vt 0.726989 0.369247
vt 0.721721 0.354118
vt 0.741404 0.356500
vt 0.742655 0.360750
vt 0.744410 0.357982
vt 0.755024 0.348885
vt 0.751230 0.786540
vt 0.755328 0.786442
vt 0.751642 0.775370
vt 0.755328 0.774979
vt 0.325000 0.416598
vt 0.337295 0.416598
vt 0.335800 0.423204
vt 0.703352 0.007019
vt 0.705779 0.006353
vt 0.703120 0.000413
vt 0.690574 0.000413
vt 0.715164 0.006256
vt 0.695129 0.005453
vt 0.486177 0.238052
vt 0.486040 0.246951
vt 0.482913 0.245371
vt 0.483804 0.253024
vt 0.487847 0.255329
vt 0.482792 0.236593
vt 0.487865 0.229260
vt 0.487927 0.263006
vt 0.493033 0.261594
vt 0.483959 0.227390
vt 0.493033 0.219991
vt 0.487201 0.216763
vt 0.480552 0.254072
vt 0.479162 0.246272
vt 0.479098 0.237366
vt 0.479152 0.228050
vt 0.594672 0.432875
vt 0.590063 0.426487
vt 0.591997 0.422131
vt 0.589366 0.434702
vt 0.586234 0.423817
vt 0.594672 0.407590
vt 0.589053 0.436164
vt 0.587484 0.435376
vt 0.588005 0.436416
vt 0.584431 0.424058
vt 0.584936 0.410999
vt 0.583197 0.410782
vt 0.586139 0.396780
vt 0.587701 0.398394
vt 0.895533 0.554033
vt 0.899012 0.553564
vt 0.900202 0.575535
vt 0.903689 0.573654
vt 0.896934 0.576796
vt 0.892213 0.554932
vt 0.903689 0.524773
vt 0.255178 0.572809
vt 0.257029 0.565897
vt 0.255445 0.565455
vt 0.254477 0.556613
vt 0.250665 0.564463
vt 0.244327 0.557286
vt 0.259363 0.566974
vt 0.248834 0.570938
vt 0.253915 0.572118
vt 0.246639 0.563679
vt 0.259840 0.558021
vt 0.262599 0.559437
vt 0.242985 0.549107
vt 0.254876 0.547671
vt 0.257090 0.573493
vt 0.236475 0.556041
vt 0.239604 0.561493
vt 0.264176 0.549787
vt 0.232791 0.548625
vt 0.241867 0.541144
vt 0.267711 0.550706
vt 0.264645 0.560332
vt 0.260711 0.567469
vt 0.270227 0.552566
vt 0.254689 0.539189
vt 0.230655 0.540184
vt 0.267087 0.541656
vt 0.270131 0.542323
vt 0.271790 0.542557
vt 0.277817 0.543398
vt 0.231418 0.549237
vt 0.240866 0.532402
vt 0.228817 0.540555
vt 0.227276 0.542136
vt 0.268442 0.532548
vt 0.271164 0.532833
vt 0.229472 0.532130
vt 0.272802 0.532793
vt 0.255064 0.531452
vt 0.240904 0.524336
vt 0.227085 0.532604
vt 0.225076 0.533500
vt 0.229123 0.524078
vt 0.268789 0.523629
vt 0.271948 0.523929
vt 0.278820 0.532763
vt 0.273392 0.523425
vt 0.255163 0.523631
vt 0.226693 0.524630
vt 0.224180 0.525389
vt 0.279098 0.523484
vt 0.241301 0.516338
vt 0.229387 0.516121
vt 0.268838 0.514692
vt 0.271835 0.514496
vt 0.226643 0.516245
vt 0.273324 0.514138
vt 0.255227 0.515434
vt 0.230174 0.508385
vt 0.226885 0.507840
vt 0.241726 0.508974
vt 0.268278 0.506796
vt 0.279059 0.513735
vt 0.224238 0.517460
vt 0.271458 0.506886
vt 0.273141 0.506606
vt 0.255632 0.506886
vt 0.628251 0.757796
vt 0.641852 0.752684
vt 0.639359 0.760116
vt 0.652049 0.758480
vt 0.627459 0.752684
vt 0.670902 0.302642
vt 0.670619 0.314203
vt 0.667015 0.314015
vt 0.666803 0.302642
vt 0.373272 0.099505
vt 0.371100 0.097810
vt 0.368484 0.098338
vt 0.378657 0.098379
vt 0.363865 0.095224
vt 0.375453 0.079558
vt 0.383368 0.082142
vt 0.367866 0.077122
vt 0.357970 0.091343
vt 0.360352 0.075865
vt 0.350895 0.086835
vt 0.353143 0.073991
vt 0.344134 0.084496
vt 0.347622 0.072875
vt 0.346304 0.071477
vt 0.338115 0.084016
vt 0.341670 0.066474
vt 0.352197 0.071495
vt 0.352765 0.067325
vt 0.359906 0.067683
vt 0.359893 0.071786
vt 0.367920 0.067442
vt 0.368002 0.071975
vt 0.376148 0.067243
vt 0.376578 0.071875
vt 0.384886 0.067270
vt 0.385317 0.071902
vt 0.386433 0.098741
vt 0.394066 0.071078
vt 0.390865 0.084452
vt 0.393131 0.066474
vt 0.394706 0.097732
vt 0.398609 0.086067
vt 0.402049 0.098667
vt 0.665291 0.047747
vt 0.670608 0.047021
vt 0.665357 0.052290
vt 0.658796 0.052436
vt 0.672373 0.051179
vt 0.680299 0.047876
vt 0.676835 0.044104
vt 0.685969 0.042280
vt 0.682277 0.039120
vt 0.692213 0.031983
vt 0.687841 0.030140
vt 0.659787 0.047668
vt 0.650656 0.049231
vt 0.652890 0.045303
vt 0.644066 0.043936
vt 0.647317 0.041201
vt 0.639754 0.033034
vt 0.647896 0.035979
vt 0.653469 0.040081
vt 0.643646 0.030140
vt 0.938410 0.404167
vt 0.926639 0.406041
vt 0.938258 0.411193
vt 0.926941 0.412773
vt 0.938934 0.415066
vt 0.927763 0.418249
vt 0.927157 0.399377
vt 0.938934 0.397605
vt 0.263838 0.059042
vt 0.282116 0.060273
vt 0.282332 0.063541
vt 0.302049 0.061227
vt 0.262725 0.062240
vt 0.300841 0.059042
vt 0.282945 0.067300
vt 0.262705 0.066007
vt 0.909033 0.071315
vt 0.907303 0.079873
vt 0.905328 0.071020
vt 0.906881 0.060110
vt 0.910292 0.061851
vt 0.911075 0.052793
vt 0.914157 0.055589
vt 0.917433 0.048131
vt 0.910513 0.078871
vt 0.911980 0.086832
vt 0.914255 0.085328
vt 0.920596 0.051291
vt 0.924031 0.044735
vt 0.918032 0.093170
vt 0.920695 0.090687
vt 0.924379 0.097893
vt 0.926685 0.094538
vt 0.931557 0.099625
vt 0.926901 0.047472
vt 0.931557 0.044296
vt 0.929237 0.041701
vt 0.929591 0.101982
vt 0.916638 0.083842
vt 0.916675 0.058574
vt 0.915798 0.063779
vt 0.942662 0.076462
vt 0.950156 0.075280
vt 0.950495 0.082406
vt 0.942999 0.084145
vt 0.950857 0.089609
vt 0.943679 0.091247
vt 0.953689 0.083013
vt 0.952225 0.075313
vt 0.943559 0.068525
vt 0.950240 0.068335
vt 0.952178 0.068839
vt 0.937012 0.076131
vt 0.937339 0.085118
vt 0.937511 0.066957
vt 0.938562 0.093007
vt 0.944652 0.097264
vt 0.950152 0.095834
vt 0.939784 0.099370
vt 0.952310 0.063480
vt 0.950237 0.101982
vt 0.939626 0.057015
vt 0.945967 0.059754
vt 0.950455 0.062648
vt 0.952935 0.089742
vt 0.944370 0.047636
vt 0.949265 0.051208
vt 0.953689 0.053769
vt 0.933835 0.086011
vt 0.933197 0.076504
vt 0.933971 0.066431
vt 0.934602 0.093790
vt 0.936439 0.100881
vt 0.936077 0.055139
vt 0.942108 0.045004
vt 0.210539 0.091247
vt 0.211981 0.083278
vt 0.204791 0.082962
vt 0.202849 0.090220
vt 0.220205 0.091109
vt 0.218926 0.084085
vt 0.200237 0.081338
vt 0.196311 0.088462
vt 0.223372 0.081338
vt 0.226639 0.089342
vt 0.912705 0.812139
vt 0.912584 0.805533
vt 0.900410 0.805533
vt 0.900995 0.811060
vt 0.843330 0.063872
vt 0.852143 0.057531
vt 0.840929 0.060845
vt 0.853190 0.059656
vt 0.861226 0.047997
vt 0.861597 0.053119
vt 0.866054 0.042687
vt 0.868549 0.043571
vt 0.862614 0.055336
vt 0.853747 0.061638
vt 0.843768 0.066474
vt 0.870177 0.044838
vt 0.871721 0.041614
vt 0.869941 0.040710
vt 0.869889 0.038398
vt 0.831398 0.059312
vt 0.830776 0.054479
vt 0.822371 0.048999
vt 0.823936 0.047556
vt 0.818027 0.038398
vt 0.820194 0.041010
vt 0.821106 0.051142
vt 0.815984 0.040030
vt 0.830638 0.061347
vt 0.891393 0.973988
vt 0.891393 0.962428
vt 0.888115 0.962428
vt 0.888115 0.973988
vt 0.146638 0.574223
vt 0.156125 0.568538
vt 0.144544 0.568852
vt 0.156258 0.574520
vt 0.168443 0.571052
vt 0.145108 0.575145
vt 0.143033 0.568538
vt 0.177213 0.113530
vt 0.165271 0.111891
vt 0.165164 0.114616
vt 0.181412 0.120007
vt 0.184701 0.120034
vt 0.187957 0.118679
vt 0.185811 0.113552
vt 0.196841 0.111891
vt 0.199182 0.116212
vt 0.185392 0.123728
vt 0.183012 0.123231
vt 0.201253 0.120385
vt 0.189070 0.121679
vt 0.203378 0.119465
vt 0.201220 0.115368
vt 0.206148 0.116199
vt 0.187790 0.124277
vt 0.204457 0.112788
vt 0.653166 0.616889
vt 0.647208 0.611888
vt 0.645498 0.615095
vt 0.653825 0.613234
vt 0.638742 0.608126
vt 0.636011 0.610961
vt 0.631072 0.600720
vt 0.627902 0.603180
vt 0.627274 0.593542
vt 0.623307 0.594549
vt 0.659760 0.616786
vt 0.659561 0.613648
vt 0.624678 0.587106
vt 0.621223 0.587454
vt 0.620902 0.579135
vt 0.624986 0.580230
vt 0.624580 0.570190
vt 0.626101 0.603572
vt 0.634509 0.611884
vt 0.627793 0.574128
vt 0.666300 0.615351
vt 0.665635 0.612248
vt 0.673059 0.612861
vt 0.671567 0.610199
vt 0.678921 0.609777
vt 0.676648 0.607419
vt 0.683922 0.604630
vt 0.681633 0.602621
vt 0.687911 0.599589
vt 0.685247 0.597925
vt 0.690791 0.593233
vt 0.688181 0.592286
vt 0.691794 0.586541
vt 0.688977 0.586162
vt 0.691323 0.580063
vt 0.688331 0.580792
vt 0.686600 0.582000
vt 0.686405 0.573441
vt 0.690118 0.570190
vt 0.692392 0.593441
vt 0.693852 0.586560
vt 0.689349 0.600409
vt 0.684975 0.605712
vt 0.666279 0.617162
vt 0.673527 0.614497
vt 0.693148 0.579576
vt 0.644659 0.616955
vt 0.621681 0.594691
vt 0.652355 0.618761
vt 0.659559 0.618910
vt 0.679555 0.611308
vt 0.684920 0.573246
vt 0.593971 0.883980
vt 0.605210 0.887283
vt 0.593852 0.887283
vt 0.605328 0.883980
vt 0.738482 0.887685
vt 0.741376 0.886141
vt 0.741557 0.903083
vt 0.744672 0.902322
vt 0.735054 0.880339
vt 0.732259 0.882889
vt 0.730010 0.919473
vt 0.735540 0.926196
vt 0.721666 0.925698
vt 0.725911 0.938509
vt 0.744514 0.932850
vt 0.739734 0.923133
vt 0.739630 0.914444
vt 0.728283 0.913867
vt 0.702581 0.937480
vt 0.710004 0.946224
vt 0.709014 0.917555
vt 0.713456 0.909048
vt 0.720655 0.912787
vt 0.721039 0.898811
vt 0.698597 0.923506
vt 0.707551 0.895962
vt 0.701376 0.906336
vt 0.693705 0.912725
vt 0.722862 0.884089
vt 0.733936 0.889642
vt 0.709668 0.883093
vt 0.726999 0.870750
vt 0.740077 0.873993
vt 0.739448 0.868723
vt 0.710449 0.870101
vt 0.736143 0.899723
vt 0.731211 0.904117
vt 0.726408 0.896046
vt 0.694758 0.894516
vt 0.697052 0.883007
vt 0.699647 0.869909
vt 0.724527 0.851093
vt 0.736519 0.849565
vt 0.716628 0.851730
vt 0.708103 0.853227
vt 0.687169 0.904341
vt 0.696206 0.855142
vt 0.685930 0.875988
vt 0.678185 0.896795
vt 0.688570 0.855964
vt 0.696559 0.924193
vt 0.691926 0.913929
vt 0.691478 0.925730
vt 0.687459 0.917249
vt 0.696022 0.941023
vt 0.700681 0.938578
vt 0.684588 0.906382
vt 0.681240 0.910511
vt 0.703826 0.951693
vt 0.707991 0.948192
vt 0.675000 0.899285
vt 0.744672 0.846821
vt 0.932366 0.884114
vt 0.927787 0.896238
vt 0.924180 0.891484
vt 0.935081 0.888702
vt 0.943397 0.878596
vt 0.943664 0.882421
vt 0.935713 0.897522
vt 0.931475 0.912416
vt 0.951145 0.878200
vt 0.949874 0.881974
vt 0.937497 0.907559
vt 0.938028 0.917673
vt 0.941393 0.913198
vt 0.934714 0.922021
vt 0.932158 0.919450
vt 0.949244 0.920604
vt 0.943960 0.886814
vt 0.942080 0.890427
vt 0.946747 0.885968
vt 0.941509 0.893344
vt 0.949500 0.924443
vt 0.951550 0.918732
vt 0.949778 0.914871
vt 0.948813 0.917013
vt 0.953689 0.921503
vt 0.953689 0.884831
vt 0.941785 0.897631
vt 0.942676 0.905630
vt 0.942973 0.899406
vt 0.943357 0.902719
vt 0.942043 0.896104
vt 0.824538 0.207554
vt 0.813903 0.207680
vt 0.813525 0.204377
vt 0.825000 0.204377
vt 0.074400 0.046585
vt 0.083133 0.047770
vt 0.083196 0.055004
vt 0.074922 0.040530
vt 0.078505 0.038046
vt 0.075845 0.052191
vt 0.079253 0.056741
vt 0.088723 0.059869
vt 0.083792 0.059973
vt 0.072541 0.047473
vt 0.072734 0.040320
vt 0.074134 0.053398
vt 0.077990 0.057950
vt 0.083003 0.061644
vt 0.089322 0.061855
vt 0.088917 0.063997
vt 0.095178 0.061430
vt 0.095522 0.063054
vt 0.079613 0.028160
vt 0.074453 0.032643
vt 0.078558 0.026753
vt 0.076218 0.033441
vt 0.079480 0.031740
vt 0.081293 0.029116
vt 0.085035 0.025265
vt 0.084698 0.028793
vt 0.091707 0.025598
vt 0.089687 0.029128
vt 0.097614 0.028423
vt 0.093857 0.031393
vt 0.102315 0.033614
vt 0.097987 0.035208
vt 0.105877 0.041659
vt 0.100916 0.041411
vt 0.105825 0.049494
vt 0.100370 0.049745
vt 0.104027 0.053876
vt 0.094870 0.058552
vt 0.100258 0.058486
vt 0.101581 0.059996
vt 0.105597 0.055117
vt 0.091888 0.023534
vt 0.084464 0.023547
vt 0.107787 0.049814
vt 0.107787 0.041093
vt 0.098946 0.026665
vt 0.103952 0.032133
vt 0.862157 0.850839
vt 0.871027 0.850431
vt 0.867358 0.855090
vt 0.865018 0.846266
vt 0.875202 0.845908
vt 0.868061 0.841639
vt 0.858293 0.856523
vt 0.863126 0.860650
vt 0.854054 0.862522
vt 0.858915 0.866186
vt 0.848034 0.871107
vt 0.857568 0.870358
vt 0.862368 0.883509
vt 0.859006 0.886910
vt 0.844672 0.874509
vt 0.868294 0.888068
vt 0.867522 0.895363
vt 0.879098 0.902147
vt 0.879098 0.842169
vt 0.873153 0.836400
vt 0.878450 0.831957
vt 0.302555 0.698544
vt 0.313852 0.703237
vt 0.316835 0.699622
vt 0.311113 0.694760
vt 0.313821 0.694327
vt 0.322130 0.698162
vt 0.303131 0.693229
vt 0.300410 0.697925
vt 0.336527 0.705249
vt 0.354344 0.697805
vt 0.343604 0.698967
vt 0.333623 0.700606
vt 0.331228 0.703728
vt 0.333882 0.708098
vt 0.337533 0.708451
vt 0.362705 0.704626
vt 0.320486 0.702455
vt 0.317771 0.703261
vt 0.318517 0.706950
vt 0.330414 0.707641
vt 0.334476 0.711396
vt 0.314138 0.705196
vt 0.353202 0.700183
vt 0.360712 0.696171
vt 0.347078 0.693229
vt 0.051781 0.477492
vt 0.056164 0.481108
vt 0.055911 0.478227
vt 0.064539 0.479269
vt 0.064665 0.475562
vt 0.072537 0.475097
vt 0.071974 0.470625
vt 0.051802 0.481073
vt 0.044866 0.478099
vt 0.043666 0.473854
vt 0.036338 0.474300
vt 0.036299 0.469357
vt 0.027254 0.467908
vt 0.028860 0.464306
vt 0.080051 0.468850
vt 0.077752 0.464796
vt 0.019253 0.460064
vt 0.086402 0.461489
vt 0.083457 0.458777
vt 0.092362 0.451790
vt 0.089373 0.448871
vt 0.022451 0.457080
vt 0.014930 0.451892
vt 0.017620 0.448922
vt 0.012477 0.454291
vt 0.088373 0.463001
vt 0.094533 0.453061
vt 0.044558 0.481155
vt 0.035375 0.477159
vt 0.016850 0.462159
vt 0.025730 0.470386
vt 0.051495 0.483435
vt 0.056384 0.483485
vt 0.081635 0.471120
vt 0.064830 0.482127
vt 0.007787 0.444379
vt 0.009838 0.441215
vt 0.097131 0.443006
vt 0.095130 0.440508
vt 0.092349 0.439719
vt 0.012799 0.439719
vt 0.372784 0.161962
vt 0.377499 0.167408
vt 0.374624 0.170764
vt 0.369293 0.164683
vt 0.385295 0.176028
vt 0.386113 0.171963
vt 0.396518 0.176301
vt 0.395248 0.172191
vt 0.407955 0.171928
vt 0.370040 0.155766
vt 0.366154 0.156712
vt 0.369446 0.148288
vt 0.365164 0.147458
vt 0.370939 0.140855
vt 0.366878 0.138884
vt 0.374459 0.134794
vt 0.371107 0.131467
vt 0.379847 0.129918
vt 0.377479 0.126216
vt 0.386762 0.126576
vt 0.385380 0.122499
vt 0.394191 0.125803
vt 0.394250 0.121800
vt 0.401207 0.126649
vt 0.401913 0.122617
vt 0.406013 0.130105
vt 0.409560 0.126829
vt 0.410906 0.135019
vt 0.414145 0.131426
vt 0.416803 0.138840
vt 0.404227 0.168784
vt 0.416803 0.164995
vt 0.409442 0.163668
vt 0.040820 0.075787
vt 0.049590 0.073080
vt 0.040065 0.080512
vt 0.028182 0.073080
vt 0.049038 0.077870
vt 0.031421 0.080091
vt 0.023361 0.076005
vt 0.690050 0.456835
vt 0.690734 0.447393
vt 0.693148 0.455714
vt 0.693045 0.462545
vt 0.695721 0.461571
vt 0.687618 0.447038
vt 0.691734 0.438179
vt 0.697267 0.467754
vt 0.688561 0.436289
vt 0.699230 0.465655
vt 0.695997 0.429156
vt 0.693526 0.426378
vt 0.704627 0.421965
vt 0.702667 0.417900
vt 0.714150 0.419320
vt 0.715164 0.414121
vt 0.685656 0.446479
vt 0.692305 0.425101
vt 0.687366 0.435000
vt 0.688077 0.456778
vt 0.702047 0.472251
vt 0.703504 0.469628
vt 0.707792 0.475317
vt 0.708707 0.472114
vt 0.715164 0.476774
vt 0.691052 0.463480
vt 0.695311 0.468719
vt 0.700789 0.473273
vt 0.706973 0.476879
vt 0.581713 0.201077
vt 0.592640 0.202725
vt 0.592994 0.199156
vt 0.581767 0.197827
vt 0.602049 0.199140
vt 0.601695 0.202709
vt 0.594002 0.194467
vt 0.581557 0.194467
vt 0.047651 0.792142
vt 0.046791 0.794003
vt 0.057575 0.795406
vt 0.057364 0.797336
vt 0.066386 0.796656
vt 0.038833 0.789525
vt 0.040033 0.787935
vt 0.030819 0.782497
vt 0.032379 0.781181
vt 0.027459 0.779096
vt 0.029197 0.777457
vt 0.066472 0.798813
vt 0.073972 0.798301
vt 0.073889 0.796542
vt 0.083680 0.796699
vt 0.082964 0.794468
vt 0.092101 0.793810
vt 0.091414 0.791569
vt 0.100585 0.789725
vt 0.099464 0.787613
vt 0.109498 0.783628
vt 0.107974 0.781917
vt 0.112551 0.782395
vt 0.111104 0.778993
vt 0.114335 0.777457
vt 0.115164 0.780674
vt 0.057182 0.798886
vt 0.074296 0.799752
vt 0.084031 0.798139
vt 0.092497 0.795240
vt 0.677210 0.024634
vt 0.675751 0.033255
vt 0.673912 0.030868
vt 0.679608 0.026129
vt 0.670682 0.037381
vt 0.669837 0.034594
vt 0.664843 0.038398
vt 0.664951 0.035672
vt 0.659146 0.036829
vt 0.659764 0.034273
vt 0.653232 0.031861
vt 0.654726 0.029688
vt 0.678771 0.016433
vt 0.684836 0.014451
vt 0.651359 0.023026
vt 0.647092 0.024094
vt 0.645492 0.014451
vt 0.649149 0.015338
vt 0.591005 0.374764
vt 0.592949 0.380097
vt 0.591247 0.381151
vt 0.589217 0.375472
vt 0.590023 0.369304
vt 0.587674 0.369768
vt 0.589610 0.364297
vt 0.587554 0.364149
vt 0.589730 0.358927
vt 0.587671 0.357893
vt 0.590853 0.354963
vt 0.593771 0.386064
vt 0.595241 0.385283
vt 0.596686 0.390785
vt 0.597911 0.389659
vt 0.599616 0.395210
vt 0.600975 0.393852
vt 0.603036 0.399780
vt 0.604948 0.398069
vt 0.606148 0.400596
vt 0.582377 0.364201
vt 0.582836 0.357884
vt 0.589158 0.351234
vt 0.584740 0.350858
vt 0.591947 0.343925
vt 0.583027 0.370415
vt 0.587569 0.342610
vt 0.584655 0.376679
vt 0.586787 0.382424
vt 0.589507 0.388047
vt 0.592982 0.392793
vt 0.594961 0.337601
vt 0.590616 0.335790
vt 0.597831 0.332179
vt 0.596364 0.397687
vt 0.593637 0.329711
vt 0.601831 0.324793
vt 0.600159 0.402238
vt 0.603924 0.406689
vt 0.597659 0.322665
vt 0.606148 0.317506
vt 0.967856 0.094481
vt 0.971599 0.107380
vt 0.968273 0.106243
vt 0.972332 0.095781
vt 0.967575 0.092615
vt 0.976639 0.096833
vt 0.976269 0.108423
vt 0.972415 0.092808
vt 0.974070 0.115349
vt 0.976060 0.117546
vt 0.976639 0.130884
vt 0.969943 0.088198
vt 0.972469 0.089634
vt 0.972219 0.084019
vt 0.975341 0.084637
vt 0.967446 0.088500
vt 0.968535 0.086865
vt 0.964743 0.105797
vt 0.964534 0.107910
vt 0.970196 0.109791
vt 0.964344 0.109968
vt 0.971146 0.111637
vt 0.966286 0.089201
vt 0.970125 0.082401
vt 0.970621 0.081338
vt 0.513071 0.045054
vt 0.519652 0.043249
vt 0.513499 0.043323
vt 0.519559 0.045264
vt 0.506178 0.043702
vt 0.506690 0.041857
vt 0.524728 0.042784
vt 0.500087 0.041497
vt 0.501484 0.039677
vt 0.494871 0.038202
vt 0.524841 0.044862
vt 0.529977 0.041944
vt 0.530237 0.044150
vt 0.534696 0.041260
vt 0.535251 0.043121
vt 0.539952 0.039627
vt 0.540952 0.041647
vt 0.544616 0.036231
vt 0.545992 0.037758
vt 0.547131 0.034269
vt 0.518803 0.048979
vt 0.524639 0.048679
vt 0.511991 0.049133
vt 0.530244 0.048380
vt 0.504760 0.047622
vt 0.498474 0.045310
vt 0.493116 0.042043
vt 0.489051 0.034269
vt 0.487295 0.038110
vt 0.536084 0.047377
vt 0.541881 0.045501
vt 0.478143 0.039880
vt 0.479193 0.049187
vt 0.476607 0.054740
vt 0.480409 0.040766
vt 0.477833 0.034697
vt 0.484836 0.032175
vt 0.480843 0.059482
vt 0.473361 0.055147
vt 0.474484 0.039632
vt 0.474286 0.034317
vt 0.474105 0.067492
vt 0.478702 0.066902
vt 0.484836 0.065975
vt 0.477679 0.024393
vt 0.473378 0.022708
vt 0.484022 0.024221
vt 0.476204 0.074732
vt 0.845492 0.418249
vt 0.836007 0.421552
vt 0.827459 0.418249
vt 0.285175 0.964373
vt 0.286553 0.961208
vt 0.285928 0.975905
vt 0.280819 0.974362
vt 0.279918 0.966383
vt 0.280961 0.983285
vt 0.284750 0.984723
vt 0.286938 0.980574
vt 0.288934 0.968626
vt 0.285885 0.952445
vt 0.281626 0.954221
vt 0.288934 0.950041
vt 0.936955 0.173665
vt 0.934130 0.176790
vt 0.932183 0.166547
vt 0.929399 0.169491
vt 0.927936 0.158662
vt 0.940574 0.182907
vt 0.919262 0.157532
vt 0.920620 0.149000
vt 0.928498 0.151735
vt 0.923651 0.141504
vt 0.930370 0.144868
vt 0.927584 0.134500
vt 0.933692 0.138253
vt 0.935595 0.127141
vt 0.937436 0.133248
vt 0.940574 0.128939
vt 0.926993 0.120974
vt 0.920180 0.124803
vt 0.262911 0.193882
vt 0.274980 0.189091
vt 0.262449 0.189011
vt 0.274740 0.194003
vt 0.263487 0.197740
vt 0.274213 0.197765
vt 0.263953 0.203728
vt 0.274080 0.204105
vt 0.263828 0.210742
vt 0.273553 0.210983
vt 0.275402 0.187016
vt 0.262169 0.186976
vt 0.275820 0.185384
vt 0.261885 0.185384
vt 0.731226 0.031262
vt 0.731201 0.026357
vt 0.723592 0.026089
vt 0.723185 0.030748
vt 0.723376 0.022229
vt 0.730805 0.022536
vt 0.713143 0.029359
vt 0.714513 0.024552
vt 0.715632 0.020746
vt 0.739405 0.030682
vt 0.738325 0.025581
vt 0.737729 0.021043
vt 0.745989 0.029366
vt 0.744584 0.024063
vt 0.743555 0.019405
vt 0.751839 0.027061
vt 0.750389 0.021738
vt 0.731425 0.035095
vt 0.739799 0.034588
vt 0.746991 0.033256
vt 0.722365 0.034622
vt 0.711699 0.032657
vt 0.706676 0.024831
vt 0.704205 0.027943
vt 0.702049 0.019405
vt 0.753689 0.030302
vt 0.277383 0.314867
vt 0.275156 0.315046
vt 0.275692 0.303074
vt 0.277917 0.302889
vt 0.272541 0.314981
vt 0.279098 0.325332
vt 0.273558 0.327937
vt 0.276230 0.326244
vt 0.272618 0.303164
vt 0.277107 0.293819
vt 0.274295 0.293007
vt 0.279098 0.282462
vt 0.275070 0.331544
vt 0.275046 0.278695
vt 0.286408 0.011281
vt 0.287166 0.014795
vt 0.292396 0.013157
vt 0.300908 0.012385
vt 0.305839 0.008709
vt 0.306148 0.012373
vt 0.283595 0.016102
vt 0.275820 0.009658
vt 0.276269 0.006193
vt 0.286561 0.008611
vt 0.305557 0.006193
vt 0.899714 0.849369
vt 0.901580 0.847181
vt 0.921800 0.852015
vt 0.922539 0.848947
vt 0.899727 0.846342
vt 0.921252 0.857747
vt 0.899937 0.854763
vt 0.920400 0.864111
vt 0.899697 0.860003
vt 0.921809 0.864445
vt 0.918963 0.869938
vt 0.899042 0.864471
vt 0.920492 0.870430
vt 0.925201 0.871607
vt 0.927038 0.865031
vt 0.922905 0.858045
vt 0.928037 0.858251
vt 0.928927 0.865689
vt 0.927846 0.849171
vt 0.929925 0.858455
vt 0.935168 0.859055
vt 0.933718 0.866203
vt 0.935227 0.866741
vt 0.936656 0.859022
vt 0.936076 0.850179
vt 0.938017 0.850101
vt 0.930558 0.849277
vt 0.927023 0.872158
vt 0.931824 0.873832
vt 0.933210 0.874071
vt 0.909355 0.845862
vt 0.936967 0.839729
vt 0.938934 0.839686
vt 0.930953 0.839106
vt 0.927298 0.839249
vt 0.928602 0.846997
vt 0.908347 0.841484
vt 0.925409 0.832682
vt 0.906984 0.836131
vt 0.936368 0.830306
vt 0.938934 0.830429
vt 0.899287 0.843597
vt 0.897951 0.838249
vt 0.899372 0.849776
vt 0.930402 0.831425
vt 0.992227 0.328048
vt 0.995224 0.327113
vt 0.996311 0.336740
vt 0.993576 0.337280
vt 0.989679 0.322540
vt 0.991641 0.321522
vt 0.992413 0.352188
vt 0.986475 0.319369
vt 0.988635 0.315349
vt 0.996311 0.316717
vt 0.990714 0.310900
vt 0.469176 0.849042
vt 0.461267 0.842396
vt 0.466261 0.841023
vt 0.463498 0.851021
vt 0.473287 0.857447
vt 0.467272 0.859601
vt 0.459639 0.833888
vt 0.464279 0.832973
vt 0.462417 0.851363
vt 0.459792 0.842856
vt 0.458607 0.833982
vt 0.466033 0.860250
vt 0.471081 0.868531
vt 0.477459 0.866242
vt 0.469949 0.868694
vt 0.475916 0.876650
vt 0.475024 0.877374
vt 0.458851 0.825318
vt 0.460205 0.825682
vt 0.460592 0.816465
vt 0.461968 0.816750
vt 0.464437 0.807486
vt 0.465821 0.807731
vt 0.470201 0.798101
vt 0.471426 0.798794
vt 0.471758 0.809209
vt 0.477459 0.801557
vt 0.467335 0.817275
vt 0.464186 0.825222
vt 0.964809 0.780923
vt 0.965353 0.786160
vt 0.963848 0.785879
vt 0.966803 0.781995
vt 0.966803 0.808010
vt 0.961066 0.783805
vt 0.962124 0.779934
vt 0.171073 0.403386
vt 0.170902 0.394332
vt 0.174179 0.393678
vt 0.174180 0.402286
vt 0.174180 0.388522
vt 0.171182 0.389594
vt 0.936231 0.995128
vt 0.938930 0.990017
vt 0.935113 0.993526
vt 0.940402 0.991323
vt 0.941252 0.986081
vt 0.928831 0.998178
vt 0.928062 0.996279
vt 0.920859 0.998761
vt 0.921180 0.996490
vt 0.915113 0.997495
vt 0.915748 0.995573
vt 0.909184 0.994174
vt 0.910373 0.992264
vt 0.904543 0.988044
vt 0.906513 0.987779
vt 0.902869 0.981420
vt 0.942911 0.986877
vt 0.944917 0.981420
vt 0.944427 0.993025
vt 0.946311 0.988673
vt 0.411066 0.002890
vt 0.407787 0.008470
vt 0.411066 0.020231
vt 0.729539 0.105566
vt 0.730493 0.096470
vt 0.733544 0.107520
vt 0.729571 0.095781
vt 0.728391 0.105309
vt 0.734220 0.091144
vt 0.728871 0.087712
vt 0.734148 0.099115
vt 0.737295 0.084641
vt 0.730236 0.115552
vt 0.729115 0.115204
vt 0.734561 0.116256
vt 0.733512 0.124836
vt 0.732180 0.125103
vt 0.737295 0.124678
vt 0.727028 0.094615
vt 0.725820 0.104179
vt 0.996550 0.128236
vt 0.997770 0.132383
vt 0.991307 0.134431
vt 0.992941 0.138632
vt 0.999122 0.135629
vt 0.990034 0.131104
vt 0.985637 0.138998
vt 0.987822 0.142210
vt 0.985188 0.134285
vt 0.994235 0.142478
vt 0.989660 0.145747
vt 0.999590 0.140298
vt 0.981421 0.142820
vt 0.980738 0.138676
vt 0.992306 0.127251
vt 0.985813 0.127530
vt 0.981762 0.132284
vt 0.997594 0.123510
vt 0.994320 0.119068
vt 0.989876 0.119674
vt 0.999590 0.117671
vt 0.788562 0.674827
vt 0.785769 0.689986
vt 0.783865 0.681416
vt 0.789754 0.684103
vt 0.781111 0.693229
vt 0.786866 0.664659
vt 0.789754 0.669775
vt 0.782536 0.673829
vt 0.782666 0.662320
vt 0.780738 0.676774
vt 0.781110 0.652766
vt 0.787158 0.653000
vt 0.989263 0.894091
vt 0.991054 0.885352
vt 0.989512 0.894710
vt 0.993852 0.908969
vt 0.992391 0.910405
vt 0.986157 0.894482
vt 0.988276 0.882777
vt 0.984016 0.882441
vt 0.988911 0.875790
vt 0.984030 0.875520
vt 0.993852 0.869949
vt 0.985400 0.868291
vt 0.448023 0.778561
vt 0.452869 0.784478
vt 0.448751 0.785197
vt 0.452869 0.776631
vt 0.452560 0.796817
vt 0.447125 0.796984
vt 0.444215 0.786058
vt 0.443033 0.782081
vt 0.451929 0.807912
vt 0.447526 0.808836
vt 0.212095 0.071023
vt 0.218292 0.073227
vt 0.211488 0.077372
vt 0.204908 0.073770
vt 0.198473 0.078184
vt 0.220498 0.066474
vt 0.196170 0.072327
vt 0.190165 0.073546
vt 0.184016 0.066748
vt 0.188757 0.066474
vt 0.225000 0.067371
vt 0.205852 0.078860
vt 0.923469 0.526476
vt 0.917493 0.519690
vt 0.917053 0.526348
vt 0.923282 0.519839
vt 0.918282 0.509909
vt 0.923582 0.510032
vt 0.923430 0.527990
vt 0.917015 0.527862
vt 0.928912 0.519654
vt 0.929098 0.526291
vt 0.929060 0.527806
vt 0.928561 0.510877
vt 0.928128 0.531241
vt 0.922635 0.531379
vt 0.917198 0.531303
vt 0.913161 0.510032
vt 0.912033 0.519234
vt 0.911104 0.525866
vt 0.911066 0.527380
vt 0.911738 0.530848
vt 0.983343 0.711256
vt 0.984663 0.718082
vt 0.981588 0.718318
vt 0.979918 0.711130
vt 0.988934 0.734517
vt 0.985182 0.700788
vt 0.982439 0.700513
vt 0.988934 0.687646
vt 0.987040 0.686623
vt 0.139754 0.378613
vt 0.139754 0.362097
vt 0.136475 0.376249
vt 0.140370 0.165190
vt 0.138115 0.163816
vt 0.150707 0.152790
vt 0.152087 0.154575
vt 0.164013 0.146573
vt 0.164651 0.148534
vt 0.178540 0.147753
vt 0.178409 0.150091
vt 0.191721 0.153548
vt 0.190973 0.155190
vt 0.197131 0.157333
vt 0.196900 0.155113
vt 0.141191 0.182446
vt 0.138734 0.182198
vt 0.140050 0.199524
vt 0.150592 0.182544
vt 0.145295 0.168058
vt 0.150283 0.174633
vt 0.146336 0.182167
vt 0.153742 0.190070
vt 0.151596 0.195236
vt 0.151735 0.166661
vt 0.155486 0.161496
vt 0.155719 0.157338
vt 0.166585 0.153321
vt 0.158304 0.195548
vt 0.176746 0.154443
vt 0.190297 0.158510
vt 0.147152 0.199483
vt 0.162810 0.210457
vt 0.164158 0.204494
vt 0.185033 0.214780
vt 0.185666 0.210221
vt 0.196091 0.216763
vt 0.197131 0.212560
vt 0.196589 0.159937
vt 0.157887 0.198772
vt 0.165003 0.197886
vt 0.165985 0.201117
vt 0.172793 0.199119
vt 0.171806 0.155043
vt 0.177804 0.157042
vt 0.181659 0.157938
vt 0.712666 0.073684
vt 0.715121 0.077030
vt 0.713996 0.079280
vt 0.715726 0.069082
vt 0.717281 0.073680
vt 0.710336 0.078691
vt 0.713158 0.083717
vt 0.709762 0.084510
vt 0.722773 0.067915
vt 0.722974 0.063274
vt 0.734959 0.065041
vt 0.727668 0.069711
vt 0.709898 0.072305
vt 0.714793 0.065641
vt 0.707585 0.077801
vt 0.729323 0.072085
vt 0.706294 0.084125
vt 0.734586 0.074297
vt 0.710288 0.090138
vt 0.707053 0.090449
vt 0.710325 0.097034
vt 0.715993 0.101156
vt 0.746805 0.088108
vt 0.751052 0.074490
vt 0.751571 0.082921
vt 0.712910 0.062742
vt 0.707656 0.070664
vt 0.752049 0.099229
vt 0.748611 0.100350
vt 0.721820 0.059042
vt 0.704499 0.076802
vt 0.736115 0.059438
vt 0.752049 0.065816
vt 0.703531 0.083374
vt 0.709722 0.060892
vt 0.705072 0.068603
vt 0.702049 0.075138
vt 0.545526 0.667044
vt 0.548770 0.666804
vt 0.544672 0.679025
vt 0.548770 0.679191
vt 0.426824 0.123128
vt 0.424433 0.124830
vt 0.431934 0.125541
vt 0.424097 0.129685
vt 0.424235 0.131761
vt 0.429396 0.133361
vt 0.436475 0.118497
vt 0.427633 0.120300
vt 0.420501 0.126526
vt 0.415164 0.118497
vt 0.913462 0.598343
vt 0.917425 0.601937
vt 0.913014 0.601786
vt 0.917875 0.598886
vt 0.911532 0.607923
vt 0.916288 0.608310
vt 0.916170 0.610497
vt 0.911443 0.610080
vt 0.908870 0.597886
vt 0.908280 0.601693
vt 0.906943 0.607331
vt 0.906856 0.609739
vt 0.910362 0.595897
vt 0.914885 0.595954
vt 0.916731 0.569590
vt 0.912439 0.570296
vt 0.921258 0.568718
vt 0.920523 0.564846
vt 0.918892 0.596417
vt 0.923023 0.559852
vt 0.918913 0.560740
vt 0.919937 0.554065
vt 0.917024 0.565303
vt 0.915424 0.567472
vt 0.912591 0.568819
vt 0.926639 0.550501
vt 0.923809 0.545413
vt 0.906148 0.595557
vt 0.914155 0.563658
vt 0.912795 0.566548
vt 0.916349 0.560531
vt 0.911243 0.561610
vt 0.913328 0.560327
vt 0.911244 0.558088
vt 0.915719 0.556275
vt 0.921403 0.548043
vt 0.919737 0.550664
vt 0.916140 0.553366
vt 0.918815 0.547306
vt 0.920607 0.544158
vt 0.922652 0.542594
vt 0.918711 0.537985
vt 0.921868 0.599185
vt 0.926186 0.602113
vt 0.921703 0.602237
vt 0.926639 0.598648
vt 0.920773 0.608202
vt 0.925568 0.608164
vt 0.924915 0.610466
vt 0.920553 0.610652
vt 0.923025 0.596956
vt 0.925144 0.568209
vt 0.956148 0.520462
vt 0.954728 0.508329
vt 0.956148 0.494815
vt 0.951230 0.507781
vt 0.953019 0.494220
vt 0.953196 0.520644
vt 0.757787 0.997936
vt 0.757705 0.999587
vt 0.736557 0.997936
vt 0.736475 0.999587
vt 0.946384 0.136212
vt 0.945314 0.142934
vt 0.943033 0.143653
vt 0.943768 0.135564
vt 0.944937 0.151250
vt 0.949342 0.129682
vt 0.947402 0.149531
vt 0.949371 0.157753
vt 0.951240 0.155050
vt 0.946832 0.128497
vt 0.955867 0.161687
vt 0.954455 0.125149
vt 0.952477 0.123200
vt 0.960420 0.122358
vt 0.959479 0.120010
vt 0.966803 0.119323
vt 0.956512 0.159242
vt 0.962908 0.163821
vt 0.963805 0.161552
vt 0.965095 0.167217
vt 0.966803 0.164256
vt 0.478403 0.108976
vt 0.465043 0.110239
vt 0.465189 0.108291
vt 0.478108 0.107015
vt 0.484016 0.107246
vt 0.483721 0.105285
vt 0.452870 0.105285
vt 0.452049 0.106939
vt 0.217623 0.122294
vt 0.237257 0.124998
vt 0.222100 0.121473
vt 0.219739 0.124910
vt 0.235091 0.126755
vt 0.221297 0.119460
vt 0.217885 0.119323
vt 0.233145 0.122617
vt 0.237149 0.121534
vt 0.234325 0.120614
vt 0.238115 0.119323
vt 0.927009 0.654076
vt 0.927455 0.651360
vt 0.916415 0.645344
vt 0.917617 0.649309
vt 0.938993 0.648968
vt 0.938184 0.645972
vt 0.948221 0.640527
vt 0.945848 0.639820
vt 0.954192 0.632122
vt 0.950802 0.633679
vt 0.908464 0.637460
vt 0.909163 0.643205
vt 0.916838 0.651302
vt 0.949240 0.642289
vt 0.956148 0.633804
vt 0.939783 0.651235
vt 0.926932 0.656895
vt 0.908402 0.645191
vt 0.903908 0.632122
vt 0.902070 0.632603
vt 0.900410 0.634313
vt 0.401652 0.270413
vt 0.406967 0.259703
vt 0.402604 0.260321
vt 0.395300 0.270883
vt 0.396355 0.260358
vt 0.389604 0.271125
vt 0.389705 0.260133
vt 0.383532 0.271089
vt 0.383197 0.259703
vt 0.404068 0.271263
vt 0.531796 0.557096
vt 0.527125 0.556927
vt 0.531395 0.546751
vt 0.526780 0.547259
vt 0.522886 0.556847
vt 0.522541 0.547179
vt 0.534836 0.544591
vt 0.534836 0.557804
vt 0.566706 0.058849
vt 0.578776 0.064276
vt 0.565587 0.059818
vt 0.556987 0.046251
vt 0.578635 0.065648
vt 0.593675 0.063635
vt 0.594188 0.064866
vt 0.558394 0.045698
vt 0.602047 0.059443
vt 0.603080 0.060676
vt 0.555328 0.042128
vt 0.557234 0.040875
vt 0.609279 0.053015
vt 0.610545 0.053834
vt 0.619262 0.040875
vt 0.072587 0.234057
vt 0.084058 0.233032
vt 0.084698 0.231288
vt 0.071541 0.231008
vt 0.058153 0.237542
vt 0.057434 0.235377
vt 0.090840 0.235451
vt 0.090068 0.225473
vt 0.056934 0.225114
vt 0.046391 0.246425
vt 0.094275 0.223337
vt 0.104682 0.246296
vt 0.108770 0.246293
vt 0.107100 0.248142
vt 0.110310 0.247547
vt 0.102727 0.247717
vt 0.052882 0.223849
vt 0.043017 0.245977
vt 0.040363 0.245301
vt 0.040937 0.247308
vt 0.038346 0.247336
vt 0.112224 0.243935
vt 0.101815 0.222057
vt 0.112739 0.245370
vt 0.122610 0.239097
vt 0.111463 0.219157
vt 0.123143 0.240509
vt 0.034870 0.244255
vt 0.038508 0.219774
vt 0.023158 0.238169
vt 0.130707 0.234720
vt 0.131708 0.235968
vt 0.113569 0.246647
vt 0.123564 0.241886
vt 0.118952 0.215937
vt 0.034011 0.245467
vt 0.022670 0.239480
vt 0.029936 0.215937
vt 0.014916 0.232871
vt 0.138753 0.230197
vt 0.139754 0.231445
vt 0.014344 0.234163
vt 0.322541 0.002890
vt 0.314828 0.006193
vt 0.307787 0.002890
vt 0.772592 0.507223
vt 0.768830 0.510900
vt 0.773721 0.513212
vt 0.779918 0.506606
vt 0.767623 0.506606
vt 0.147416 0.338483
vt 0.145799 0.341693
vt 0.156968 0.344387
vt 0.156235 0.341213
vt 0.161755 0.342243
vt 0.137916 0.333383
vt 0.145646 0.343644
vt 0.138038 0.339435
vt 0.158486 0.348463
vt 0.162474 0.342468
vt 0.163874 0.346973
vt 0.169233 0.339287
vt 0.171437 0.341631
vt 0.177396 0.333776
vt 0.178105 0.335913
vt 0.185656 0.329067
vt 0.136099 0.334777
vt 0.135673 0.330010
vt 0.137028 0.329067
vt 0.158495 0.354548
vt 0.151051 0.357143
vt 0.140100 0.351797
vt 0.146470 0.356130
vt 0.134016 0.343519
vt 0.389754 0.076383
vt 0.399590 0.076383
vt 0.396833 0.080512
vt 0.225820 0.439719
vt 0.212705 0.435590
vt 0.225230 0.435590
vt 0.212999 0.439293
vt 0.983197 0.359620
vt 0.980738 0.372779
vt 0.983197 0.376961
vt 0.009496 0.116020
vt 0.007787 0.127628
vt 0.011405 0.127713
vt 0.012705 0.116274
vt 0.012705 0.139141
vt 0.009245 0.138465
vt 0.192737 0.023937
vt 0.180738 0.024360
vt 0.181330 0.020231
vt 0.193033 0.020231
vt 0.321713 0.099766
vt 0.323198 0.086087
vt 0.324787 0.099252
vt 0.326929 0.099108
vt 0.315694 0.078502
vt 0.325150 0.085477
vt 0.328279 0.106111
vt 0.323850 0.074686
vt 0.313881 0.085316
vt 0.312117 0.092383
vt 0.311066 0.098742
vt 0.317896 0.071945
vt 0.319683 0.064859
vt 0.325296 0.065621
vt 0.322633 0.054804
vt 0.327885 0.056665
vt 0.318400 0.064435
vt 0.316575 0.071807
vt 0.316414 0.064009
vt 0.314573 0.071418
vt 0.314634 0.078561
vt 0.312632 0.078172
vt 0.321411 0.054037
vt 0.319425 0.053570
vt 0.328279 0.044946
vt 0.327052 0.044178
vt 0.617623 0.561107
vt 0.612476 0.575049
vt 0.614185 0.564325
vt 0.608607 0.574914
vt 0.611493 0.565771
vt 0.612184 0.581661
vt 0.617623 0.584228
vt 0.006462 0.768432
vt 0.009118 0.758431
vt 0.002869 0.765478
vt 0.007013 0.755960
vt 0.003874 0.776596
vt 0.007899 0.778189
vt 0.007910 0.785687
vt 0.013525 0.786844
vt 0.012359 0.792320
vt 0.013525 0.751640
vt 0.011443 0.750206
vt 0.814344 0.111755
vt 0.815614 0.104177
vt 0.817927 0.105609
vt 0.821067 0.099531
vt 0.819237 0.097468
vt 0.826076 0.094952
vt 0.825132 0.092754
vt 0.832433 0.093067
vt 0.831871 0.089785
vt 0.837623 0.091538
vt 0.817341 0.112144
vt 0.815971 0.119269
vt 0.818565 0.119163
vt 0.819649 0.126292
vt 0.821943 0.124826
vt 0.825520 0.131396
vt 0.827171 0.129091
vt 0.832599 0.134263
vt 0.833163 0.131188
vt 0.838934 0.135838
vt 0.837567 0.131566
vt 0.838934 0.087118
vt 0.979098 0.359698
vt 0.976715 0.362868
vt 0.969713 0.356099
vt 0.967366 0.358915
vt 0.974444 0.365400
vt 0.965889 0.361221
vt 0.957154 0.351814
vt 0.963765 0.352532
vt 0.956673 0.341304
vt 0.952869 0.343520
vt 0.954655 0.335678
vt 0.963785 0.328209
vt 0.965669 0.332834
vt 0.976933 0.323287
vt 0.979098 0.329374
vt 0.955206 0.352684
vt 0.868589 0.385031
vt 0.866803 0.376384
vt 0.871148 0.376075
vt 0.872385 0.383360
vt 0.871619 0.369162
vt 0.867238 0.368350
vt 0.874058 0.363080
vt 0.870235 0.360607
vt 0.879280 0.357156
vt 0.876301 0.353380
vt 0.887332 0.353089
vt 0.872718 0.392550
vt 0.875882 0.389560
vt 0.878822 0.398705
vt 0.881110 0.395154
vt 0.886402 0.402836
vt 0.886065 0.349060
vt 0.895504 0.352383
vt 0.895346 0.348059
vt 0.905140 0.354731
vt 0.887474 0.398860
vt 0.894809 0.404211
vt 0.895262 0.400013
vt 0.902728 0.403805
vt 0.907869 0.350798
vt 0.911066 0.360179
vt 0.902428 0.399807
vt 0.911066 0.400593
vt 0.907701 0.397155
vt 0.884175 0.370498
vt 0.889280 0.365129
vt 0.889593 0.374614
vt 0.884962 0.380002
vt 0.879545 0.375885
vt 0.879706 0.943880
vt 0.886404 0.941492
vt 0.881847 0.945595
vt 0.884929 0.939287
vt 0.891417 0.939022
vt 0.890567 0.936472
vt 0.897131 0.937326
vt 0.896357 0.934783
vt 0.875483 0.948999
vt 0.877793 0.949856
vt 0.872347 0.954405
vt 0.875369 0.955657
vt 0.897131 0.993551
vt 0.894917 0.997356
vt 0.894806 0.993695
vt 0.868041 0.960294
vt 0.870881 0.960917
vt 0.869933 0.953274
vt 0.872789 0.947382
vt 0.867776 0.967424
vt 0.870993 0.967076
vt 0.877589 0.941733
vt 0.883424 0.936862
vt 0.869932 0.974168
vt 0.867942 0.975222
vt 0.870445 0.982061
vt 0.872442 0.980983
vt 0.866351 0.959828
vt 0.874664 0.987973
vt 0.876668 0.986844
vt 0.865984 0.967488
vt 0.880297 0.993339
vt 0.881661 0.991379
vt 0.887199 0.997219
vt 0.887998 0.994978
vt 0.876714 0.940141
vt 0.889151 0.933697
vt 0.883457 0.988803
vt 0.894672 0.999587
vt 0.872717 0.972955
vt 0.875250 0.979323
vt 0.879112 0.984735
vt 0.871768 0.946317
vt 0.882670 0.935707
vt 0.888939 0.991864
vt 0.867953 0.952467
vt 0.888397 0.931870
vt 0.895472 0.930937
vt 0.894988 0.929397
vt 0.758431 0.038333
vt 0.757787 0.022148
vt 0.760321 0.022608
vt 0.761066 0.038398
vt 0.760672 0.013857
vt 0.758137 0.013397
vt 0.761066 0.004910
vt 0.759038 0.004542
vt 0.037910 0.190339
vt 0.034067 0.183338
vt 0.038811 0.182411
vt 0.025854 0.179161
vt 0.040376 0.173613
vt 0.020061 0.175326
vt 0.041393 0.164740
vt 0.018443 0.164740
vt 0.736726 0.490811
vt 0.737956 0.486390
vt 0.727790 0.491512
vt 0.727226 0.492568
vt 0.729532 0.487172
vt 0.736671 0.492030
vt 0.718411 0.489733
vt 0.717920 0.490832
vt 0.713129 0.485484
vt 0.745233 0.486964
vt 0.745555 0.488030
vt 0.752986 0.481007
vt 0.753689 0.482212
vt 0.721014 0.486472
vt 0.709938 0.490376
vt 0.706967 0.481007
vt 0.851229 0.000413
vt 0.865878 0.002642
vt 0.853858 0.003226
vt 0.868443 0.000413
vt 0.865716 0.008745
vt 0.867133 0.009302
vt 0.851651 0.009496
vt 0.853328 0.009022
vt 0.369262 0.703741
vt 0.369262 0.693229
vt 0.365654 0.693539
vt 0.365164 0.703964
vt 0.897573 0.458041
vt 0.893825 0.454576
vt 0.902656 0.455489
vt 0.906794 0.461026
vt 0.898475 0.449527
vt 0.886883 0.448436
vt 0.888193 0.445391
vt 0.884708 0.444806
vt 0.879918 0.443916
vt 0.885876 0.449983
vt 0.892148 0.455117
vt 0.896640 0.441760
vt 0.900047 0.444843
vt 0.904574 0.447777
vt 0.904791 0.445739
vt 0.906122 0.441880
vt 0.901725 0.443106
vt 0.905399 0.440631
vt 0.906302 0.434624
vt 0.909002 0.438116
vt 0.913431 0.433069
vt 0.906040 0.427948
vt 0.912526 0.423999
vt 0.913836 0.435555
vt 0.920648 0.434352
vt 0.898193 0.424190
vt 0.906661 0.423111
vt 0.897936 0.419202
vt 0.897939 0.432452
vt 0.898498 0.438083
vt 0.921745 0.431501
vt 0.922332 0.433673
vt 0.925820 0.430649
vt 0.917711 0.421948
vt 0.909556 0.439393
vt 0.907431 0.442300
vt 0.905836 0.445199
vt 0.914948 0.439534
vt 0.909989 0.440314
vt 0.914302 0.436957
vt 0.915990 0.442389
vt 0.906218 0.447050
vt 0.916668 0.445001
vt 0.916747 0.446233
vt 0.921782 0.438276
vt 0.922223 0.440667
vt 0.921596 0.420716
vt 0.924176 0.445125
vt 0.925236 0.452478
vt 0.917583 0.452864
vt 0.917661 0.461189
vt 0.925820 0.460870
vt 0.920867 0.435530
vt 0.923210 0.443379
vt 0.910434 0.419849
vt 0.909901 0.417971
vt 0.921662 0.419299
vt 0.910419 0.416513
vt 0.907052 0.415929
vt 0.910339 0.415161
vt 0.901220 0.416933
vt 0.921565 0.416774
vt 0.921789 0.414946
vt 0.868701 0.032882
vt 0.861766 0.032057
vt 0.867902 0.030082
vt 0.861432 0.035095
vt 0.874839 0.028203
vt 0.855115 0.031544
vt 0.853982 0.034487
vt 0.849221 0.029070
vt 0.847334 0.031269
vt 0.844515 0.024496
vt 0.842343 0.026383
vt 0.872863 0.026287
vt 0.878487 0.021825
vt 0.875802 0.021224
vt 0.879918 0.015277
vt 0.877186 0.015323
vt 0.842578 0.017739
vt 0.839754 0.019079
vt 0.839950 0.015277
vt 0.043238 0.162263
vt 0.047221 0.160256
vt 0.034424 0.161592
vt 0.036009 0.158134
vt 0.049590 0.158134
vt 0.020082 0.159064
vt 0.891372 0.779682
vt 0.901232 0.785938
vt 0.902869 0.790537
vt 0.892352 0.778409
vt 0.882760 0.768958
vt 0.881324 0.769401
vt 0.881338 0.752298
vt 0.879734 0.752303
vt 0.884019 0.736472
vt 0.882067 0.735998
vt 0.892244 0.725706
vt 0.890973 0.724395
vt 0.902869 0.718002
vt 0.886719 0.784240
vt 0.876639 0.773950
vt 0.898560 0.794798
vt 0.014716 0.929706
vt 0.020075 0.929636
vt 0.020075 0.922791
vt 0.014344 0.923378
vt 0.015001 0.930223
vt 0.020082 0.930120
vt 0.808048 0.087914
vt 0.807997 0.085467
vt 0.798770 0.085496
vt 0.798822 0.087944
vt 0.816803 0.087944
vt 0.816752 0.085496
vt 0.839754 0.567839
vt 0.843033 0.573493
vt 0.843033 0.559455
vt 0.540021 0.955018
vt 0.540375 0.947911
vt 0.536488 0.944261
vt 0.534426 0.948173
vt 0.540031 0.957473
vt 0.532377 0.950632
vt 0.542902 0.945002
vt 0.543033 0.951993
vt 0.542902 0.957061
vt 0.617623 0.225846
vt 0.617643 0.214347
vt 0.620902 0.214286
vt 0.620902 0.225515
vt 0.889754 0.184558
vt 0.901230 0.184558
vt 0.890438 0.187861
vt 0.898771 0.702312
vt 0.894226 0.705213
vt 0.895449 0.708051
vt 0.889383 0.710113
vt 0.888257 0.707031
vt 0.881975 0.711309
vt 0.881796 0.708091
vt 0.875230 0.711286
vt 0.875516 0.707885
vt 0.867896 0.710399
vt 0.868487 0.706883
vt 0.857364 0.707125
vt 0.858470 0.703489
vt 0.847951 0.702312
vt 0.894523 0.710565
vt 0.868852 0.727911
vt 0.882104 0.727368
vt 0.361857 0.026012
vt 0.359426 0.038172
vt 0.364464 0.027709
vt 0.363495 0.035843
vt 0.366235 0.030609
vt 0.370436 0.031068
vt 0.371119 0.028601
vt 0.378566 0.030295
vt 0.377821 0.033252
vt 0.387140 0.031984
vt 0.386922 0.034889
vt 0.368667 0.040932
vt 0.370475 0.032864
vt 0.377715 0.034863
vt 0.376837 0.046113
vt 0.366614 0.031938
vt 0.386474 0.036656
vt 0.383914 0.049959
vt 0.396845 0.031669
vt 0.396707 0.034676
vt 0.396484 0.028479
vt 0.378906 0.027939
vt 0.371128 0.026262
vt 0.387677 0.028984
vt 0.406148 0.026012
vt 0.087358 0.079686
vt 0.097652 0.079482
vt 0.097951 0.076383
vt 0.087295 0.076383
vt 0.426878 0.994473
vt 0.435896 0.994633
vt 0.435489 0.991227
vt 0.425820 0.990504
vt 0.440414 0.990504
vt 0.441393 0.993930
vt 0.902440 0.964929
vt 0.901464 0.966054
vt 0.898660 0.952873
vt 0.912488 0.974363
vt 0.897131 0.953169
vt 0.900316 0.941919
vt 0.898952 0.941567
vt 0.913065 0.973481
vt 0.922664 0.980595
vt 0.909651 0.928712
vt 0.908441 0.927726
vt 0.923361 0.979674
vt 0.916382 0.921698
vt 0.915773 0.920256
vt 0.923361 0.914533
vt 0.699723 0.609050
vt 0.700794 0.615643
vt 0.700498 0.610303
vt 0.695826 0.617884
vt 0.702869 0.614942
vt 0.702731 0.610576
vt 0.700988 0.606864
vt 0.702772 0.624881
vt 0.702863 0.607278
vt 0.700212 0.622008
vt 0.695220 0.624667
vt 0.698508 0.634320
vt 0.690653 0.631087
vt 0.702863 0.634774
vt 0.701996 0.642857
vt 0.685656 0.623249
vt 0.701273 0.601569
vt 0.204093 0.167217
vt 0.198571 0.169250
vt 0.203247 0.173823
vt 0.197312 0.167217
vt 0.193033 0.171995
vt 0.206967 0.172894
vt 0.881557 0.796119
vt 0.878279 0.796449
vt 0.881557 0.784889
vt 0.878611 0.785478
vt 0.198157 0.294005
vt 0.205618 0.293611
vt 0.197357 0.296862
vt 0.186475 0.293598
vt 0.188079 0.291907
vt 0.207787 0.291907
vt 0.437482 0.404860
vt 0.437295 0.394501
vt 0.440574 0.394302
vt 0.440574 0.405037
vt 0.714488 0.846120
vt 0.698929 0.847151
vt 0.698966 0.849298
vt 0.714366 0.848322
vt 0.719550 0.845169
vt 0.720082 0.847416
vt 0.686998 0.847751
vt 0.687512 0.845231
vt 0.676639 0.845169
vt 0.401633 0.111699
vt 0.401675 0.114174
vt 0.408275 0.111852
vt 0.408262 0.114407
vt 0.420052 0.109414
vt 0.420082 0.111029
vt 0.408379 0.116020
vt 0.401731 0.115733
vt 0.391402 0.113549
vt 0.391692 0.110741
vt 0.380909 0.111936
vt 0.381185 0.109414
vt 0.391382 0.115635
vt 0.380738 0.114048
vt 0.351384 0.458086
vt 0.357119 0.460097
vt 0.356732 0.461888
vt 0.350467 0.460205
vt 0.346205 0.455289
vt 0.345360 0.457061
vt 0.341194 0.461699
vt 0.341015 0.451952
vt 0.329795 0.462617
vt 0.339823 0.453440
vt 0.327236 0.460559
vt 0.324929 0.457801
vt 0.334304 0.449696
vt 0.335453 0.448576
vt 0.330764 0.444337
vt 0.329285 0.445667
vt 0.322508 0.452520
vt 0.322251 0.454759
vt 0.321390 0.453285
vt 0.320272 0.454133
vt 0.321132 0.455400
vt 0.324391 0.455506
vt 0.325378 0.438468
vt 0.338657 0.444464
vt 0.343702 0.447748
vt 0.348995 0.451196
vt 0.329644 0.465318
vt 0.334281 0.441033
vt 0.329161 0.435442
vt 0.324721 0.429345
vt 0.320428 0.431618
vt 0.322499 0.451451
vt 0.353785 0.453869
vt 0.358714 0.455839
vt 0.321317 0.422014
vt 0.316603 0.423469
vt 0.319763 0.452974
vt 0.319707 0.414036
vt 0.314344 0.414675
vt 0.321178 0.451376
vt 0.319584 0.406031
vt 0.314504 0.405359
vt 0.320993 0.397866
vt 0.315772 0.396124
vt 0.327731 0.383942
vt 0.322908 0.380211
vt 0.371721 0.459300
vt 0.341699 0.370620
vt 0.338061 0.365874
vt 0.346772 0.366873
vt 0.343101 0.362123
vt 0.359834 0.359549
vt 0.357761 0.353840
vt 0.371478 0.357262
vt 0.371721 0.363846
vt 0.361605 0.366076
vt 0.445821 0.005758
vt 0.431370 0.007808
vt 0.447238 0.007845
vt 0.449590 0.006379
vt 0.431511 0.005419
vt 0.428646 0.006783
vt 0.428279 0.002064
vt 0.448177 0.002064
vt 0.322048 0.356889
vt 0.329633 0.358463
vt 0.333197 0.354666
vt 0.317443 0.359343
vt 0.323808 0.361272
vt 0.308607 0.354666
vt 0.039932 0.958894
vt 0.038582 0.957109
vt 0.045492 0.956042
vt 0.044624 0.954170
vt 0.033787 0.961397
vt 0.035086 0.962632
vt 0.030019 0.966866
vt 0.031479 0.967908
vt 0.037311 0.963954
vt 0.030296 0.973566
vt 0.035576 0.980540
vt 0.029846 0.979418
vt 0.036370 0.987759
vt 0.041537 0.959465
vt 0.030377 0.984975
vt 0.033762 0.990110
vt 0.041577 0.992394
vt 0.038915 0.994384
vt 0.027907 0.972941
vt 0.027459 0.979580
vt 0.032254 0.991118
vt 0.028761 0.985807
vt 0.037436 0.996161
vt 0.045492 0.999587
vt 0.910898 0.229851
vt 0.907013 0.239712
vt 0.905189 0.237533
vt 0.911942 0.232118
vt 0.903269 0.247829
vt 0.901230 0.246119
vt 0.918460 0.223961
vt 0.919329 0.226372
vt 0.905492 0.249368
vt 0.905897 0.258011
vt 0.902990 0.257707
vt 0.908555 0.241725
vt 0.913427 0.235075
vt 0.908148 0.270215
vt 0.909852 0.267257
vt 0.915126 0.276546
vt 0.916899 0.273590
vt 0.926432 0.281075
vt 0.926311 0.278021
vt 0.928352 0.281173
vt 0.928582 0.277211
vt 0.920182 0.229827
vt 0.928646 0.225914
vt 0.904287 0.265215
vt 0.929918 0.222543
vt 0.929918 0.279648
vt 0.640887 0.591661
vt 0.639503 0.593014
vt 0.651319 0.602964
vt 0.633720 0.578448
vt 0.628279 0.583496
vt 0.635400 0.595417
vt 0.643079 0.604169
vt 0.651888 0.606524
vt 0.659353 0.601573
vt 0.664573 0.591086
vt 0.661265 0.589669
vt 0.667546 0.578951
vt 0.663710 0.578448
vt 0.670902 0.580572
vt 0.667618 0.592541
vt 0.017623 0.254748
vt 0.013914 0.246626
vt 0.013525 0.254640
vt 0.017623 0.246490
vt 0.207220 0.011974
vt 0.208960 0.006462
vt 0.202889 0.008141
vt 0.207304 0.003716
vt 0.202049 0.003716
vt 0.202575 0.010212
vt 0.212592 0.011864
vt 0.214568 0.006867
vt 0.215984 0.011145
vt 0.813525 0.970685
vt 0.813525 0.942609
vt 0.811885 0.967755
vt 0.892645 0.078162
vt 0.891793 0.075310
vt 0.887306 0.072254
vt 0.886475 0.075422
vt 0.892814 0.080512
vt 0.902049 0.072254
vt 0.757800 0.136009
vt 0.762811 0.140844
vt 0.763684 0.138579
vt 0.756790 0.137658
vt 0.769236 0.142690
vt 0.752466 0.131648
vt 0.769582 0.140192
vt 0.775974 0.142897
vt 0.779030 0.139711
vt 0.751832 0.132901
vt 0.747916 0.126903
vt 0.789868 0.141100
vt 0.796133 0.136653
vt 0.794944 0.134879
vt 0.789239 0.138875
vt 0.800495 0.128900
vt 0.783055 0.143800
vt 0.782667 0.141428
vt 0.776110 0.144922
vt 0.768594 0.144891
vt 0.761998 0.143223
vt 0.755602 0.139727
vt 0.793746 0.132623
vt 0.798900 0.125359
vt 0.750284 0.134658
vt 0.801629 0.117546
vt 0.803723 0.121756
vt 0.801321 0.110585
vt 0.746029 0.128382
vt 0.743033 0.118497
vt 0.746077 0.117974
vt 0.743749 0.109593
vt 0.786846 0.137791
vt 0.806148 0.113079
vt 0.750162 0.103633
vt 0.804216 0.103633
vt 0.799566 0.104452
vt 0.985824 0.821427
vt 0.989072 0.808836
vt 0.991393 0.809807
vt 0.987817 0.821779
vt 0.984836 0.836738
vt 0.986771 0.836623
vt 0.985458 0.849099
vt 0.987393 0.848984
vt 0.989458 0.860859
vt 0.991393 0.860744
vt 0.769262 0.127581
vt 0.759935 0.130855
vt 0.758607 0.127581
vt 0.762314 0.132535
vt 0.003506 0.467013
vt 0.002869 0.456508
vt 0.004826 0.457048
vt 0.006148 0.450454
vt 0.006148 0.468621
vt 0.300676 0.504546
vt 0.302385 0.516507
vt 0.300410 0.516789
vt 0.302753 0.504878
vt 0.304508 0.526663
vt 0.302231 0.527250
vt 0.304508 0.492568
vt 0.413370 0.041701
vt 0.408716 0.042289
vt 0.398969 0.049224
vt 0.400553 0.051877
vt 0.385652 0.053988
vt 0.385470 0.056565
vt 0.369382 0.052694
vt 0.368830 0.054975
vt 0.355145 0.045257
vt 0.353497 0.046667
vt 0.348770 0.042031
vt 0.352104 0.041701
vt 0.415164 0.043319
vt 0.393614 0.446526
vt 0.392005 0.442745
vt 0.394288 0.443523
vt 0.396087 0.447354
vt 0.391203 0.445746
vt 0.396598 0.444296
vt 0.398824 0.449424
vt 0.392903 0.450147
vt 0.389873 0.448917
vt 0.388034 0.444854
vt 0.386673 0.447776
vt 0.396017 0.451335
vt 0.399423 0.445919
vt 0.403178 0.452991
vt 0.388286 0.454138
vt 0.391744 0.455951
vt 0.385086 0.451560
vt 0.399467 0.453746
vt 0.395434 0.456948
vt 0.389372 0.441585
vt 0.397350 0.439852
vt 0.400439 0.442648
vt 0.384836 0.441952
vt 0.398218 0.438258
vt 0.394829 0.438068
vt 0.391769 0.438112
vt 0.401492 0.439542
vt 0.404043 0.445782
vt 0.404508 0.442387
vt 0.404508 0.457886
vt 0.002145 0.950754
vt 0.000410 0.969169
vt 0.000743 0.950136
vt 0.003689 0.945681
vt 0.001598 0.945087
vt 0.002532 0.969079
vt 0.001565 0.984723
vt 0.003689 0.984250
vt 0.541381 0.630080
vt 0.539754 0.630454
vt 0.546219 0.645225
vt 0.547425 0.643763
vt 0.555501 0.652928
vt 0.556967 0.659372
vt 0.546737 0.613316
vt 0.545736 0.612703
vt 0.556967 0.600692
vt 0.556592 0.599092
vt 0.065164 0.041875
vt 0.061728 0.043370
vt 0.064698 0.043573
vt 0.058362 0.051432
vt 0.060854 0.052814
vt 0.052050 0.058120
vt 0.054944 0.059979
vt 0.044995 0.062538
vt 0.044032 0.065466
vt 0.050692 0.063894
vt 0.061786 0.040831
vt 0.063755 0.039224
vt 0.043900 0.068108
vt 0.034618 0.068951
vt 0.035228 0.066352
vt 0.025231 0.067992
vt 0.018464 0.059760
vt 0.029146 0.062667
vt 0.021309 0.058487
vt 0.025981 0.065287
vt 0.013009 0.050852
vt 0.037194 0.063516
vt 0.015283 0.050488
vt 0.010410 0.041056
vt 0.006967 0.039224
vt 0.867285 0.987284
vt 0.865339 0.988097
vt 0.863276 0.980037
vt 0.861285 0.980192
vt 0.859712 0.968143
vt 0.872939 0.998330
vt 0.874330 0.996767
vt 0.875820 0.998761
vt 0.857913 0.967979
vt 0.859527 0.960405
vt 0.857736 0.960257
vt 0.860029 0.952425
vt 0.858244 0.952306
vt 0.862008 0.942829
vt 0.860116 0.942135
vt 0.865443 0.934452
vt 0.863185 0.933731
vt 0.869807 0.926527
vt 0.868018 0.925530
vt 0.875820 0.918409
vt 0.874311 0.917487
vt 0.856148 0.960366
vt 0.856769 0.951976
vt 0.872438 0.916403
vt 0.874320 0.912882
vt 0.858660 0.941760
vt 0.861882 0.932863
vt 0.866338 0.924460
vt 0.982458 0.222559
vt 0.981758 0.245603
vt 0.981557 0.222660
vt 0.983197 0.245665
vt 0.983197 0.201899
vt 0.450100 0.764144
vt 0.455677 0.774464
vt 0.456454 0.773766
vt 0.450962 0.763526
vt 0.470490 0.789226
vt 0.439486 0.735409
vt 0.442835 0.745786
vt 0.440150 0.735434
vt 0.441843 0.746151
vt 0.438115 0.723115
vt 0.439146 0.722890
vt 0.452364 0.725545
vt 0.454631 0.739999
vt 0.455630 0.739603
vt 0.455277 0.740982
vt 0.451845 0.706650
vt 0.440947 0.701486
vt 0.461656 0.754536
vt 0.444098 0.748557
vt 0.449363 0.761395
vt 0.443992 0.747230
vt 0.453475 0.725554
vt 0.478331 0.755577
vt 0.479365 0.748343
vt 0.482806 0.741485
vt 0.479290 0.763753
vt 0.470119 0.770219
vt 0.482480 0.770880
vt 0.488158 0.779163
vt 0.488532 0.786609
vt 0.487086 0.737636
vt 0.461701 0.755202
vt 0.450902 0.762863
vt 0.489395 0.802230
vt 0.490168 0.735590
vt 0.473549 0.708204
vt 0.479449 0.706158
vt 0.484352 0.703304
vt 0.494740 0.734098
vt 0.466963 0.708857
vt 0.460299 0.708886
vt 0.453347 0.706863
vt 0.486112 0.701486
vt 0.497131 0.734195
vt 0.907511 0.205795
vt 0.907787 0.209331
vt 0.899491 0.205033
vt 0.907787 0.202725
vt 0.897131 0.203242
vt 0.484110 0.437028
vt 0.473361 0.434765
vt 0.479971 0.438893
vt 0.493841 0.437040
vt 0.497131 0.434765
vt 0.539403 0.018103
vt 0.526767 0.020551
vt 0.539282 0.019298
vt 0.550970 0.015844
vt 0.550487 0.014451
vt 0.527056 0.021711
vt 0.527221 0.024647
vt 0.539838 0.021236
vt 0.551230 0.017917
vt 0.511923 0.023404
vt 0.513581 0.021506
vt 0.505328 0.014451
vt 0.511729 0.029315
vt 0.537783 0.060444
vt 0.548770 0.048307
vt 0.544407 0.050907
vt 0.536775 0.059190
vt 0.525276 0.066279
vt 0.525361 0.068125
vt 0.508890 0.065000
vt 0.508555 0.066586
vt 0.493675 0.059715
vt 0.492918 0.061059
vt 0.484836 0.048307
vt 0.615164 0.682494
vt 0.612418 0.694197
vt 0.610246 0.694447
vt 0.613460 0.682904
vt 0.613777 0.696532
vt 0.615164 0.695516
vt 0.542731 0.111366
vt 0.547517 0.112095
vt 0.545146 0.114834
vt 0.539042 0.111635
vt 0.549696 0.113456
vt 0.548231 0.116799
vt 0.552285 0.113385
vt 0.549089 0.106680
vt 0.555328 0.112963
vt 0.552196 0.117504
vt 0.541457 0.116850
vt 0.546802 0.107598
vt 0.538934 0.106111
vt 0.542416 0.107101
vt 0.546523 0.109715
vt 0.545823 0.120149
vt 0.555328 0.117240
vt 0.947744 0.842413
vt 0.948330 0.835821
vt 0.945584 0.834450
vt 0.944672 0.841565
vt 0.948767 0.827748
vt 0.951021 0.829757
vt 0.954204 0.823056
vt 0.956132 0.825590
vt 0.961200 0.820396
vt 0.962530 0.823112
vt 0.966313 0.822340
vt 0.948785 0.848573
vt 0.946295 0.849140
vt 0.952212 0.853710
vt 0.949827 0.854733
vt 0.956948 0.857047
vt 0.955744 0.859303
vt 0.963102 0.859039
vt 0.962434 0.861685
vt 0.969262 0.859138
vt 0.965213 0.857673
vt 0.969262 0.820408
vt 0.557979 0.986287
vt 0.562479 0.982499
vt 0.560233 0.982315
vt 0.560421 0.987098
vt 0.570540 0.985210
vt 0.568874 0.989923
vt 0.574099 0.985656
vt 0.572144 0.990771
vt 0.577964 0.986724
vt 0.576323 0.991816
vt 0.581343 0.987334
vt 0.580198 0.992155
vt 0.588348 0.986995
vt 0.588934 0.991673
vt 0.581578 0.981337
vt 0.586007 0.981097
vt 0.574607 0.979887
vt 0.573560 0.971680
vt 0.569786 0.971215
vt 0.571150 0.979453
vt 0.578210 0.980481
vt 0.554797 0.958379
vt 0.577186 0.972405
vt 0.562610 0.976291
vt 0.565436 0.959526
vt 0.568902 0.958986
vt 0.573265 0.958800
vt 0.581876 0.972465
vt 0.576360 0.958379
vt 0.553203 0.958299
vt 0.560300 0.976193
vt 0.544264 0.977500
vt 0.554688 0.979151
vt 0.546875 0.974146
vt 0.551883 0.982900
vt 0.531557 0.966585
vt 0.534440 0.964028
vt 0.544469 0.960504
vt 0.084580 0.100881
vt 0.091393 0.099505
vt 0.083795 0.104459
vt 0.077356 0.102336
vt 0.077409 0.100450
vt 0.070082 0.099505
vt 0.597498 0.462781
vt 0.593925 0.463908
vt 0.593144 0.457926
vt 0.600410 0.457886
vt 0.592026 0.464350
vt 0.590574 0.459533
vt 0.600410 0.469447
vt 0.470977 0.898068
vt 0.466386 0.894715
vt 0.473361 0.895731
vt 0.461066 0.914009
vt 0.465229 0.913340
vt 0.468179 0.918009
vt 0.465636 0.921177
vt 0.473361 0.920405
vt 0.472282 0.924443
vt 0.707349 0.040875
vt 0.712705 0.044475
vt 0.710598 0.040050
vt 0.707196 0.044060
vt 0.708647 0.046805
vt 0.703352 0.040910
vt 0.701305 0.045365
vt 0.699315 0.040050
vt 0.695712 0.040896
vt 0.695492 0.046648
vt 0.703958 0.049959
vt 0.943185 0.977810
vt 0.947131 0.972177
vt 0.947131 0.978943
vt 0.943033 0.971511
vt 0.725820 0.052436
vt 0.726318 0.055000
vt 0.734016 0.052436
vt 0.733714 0.055739
vt 0.819850 0.789969
vt 0.821721 0.798101
vt 0.821721 0.789843
vt 0.818443 0.797570
vt 0.057361 0.807626
vt 0.053256 0.810996
vt 0.058334 0.812139
vt 0.054090 0.805967
vt 0.050410 0.809113
vt 0.058981 0.805533
vt 0.062828 0.810288
vt 0.063525 0.805967
vt 0.902368 0.887339
vt 0.905853 0.892410
vt 0.902189 0.893064
vt 0.904903 0.888553
vt 0.899316 0.886865
vt 0.901497 0.885812
vt 0.893217 0.879076
vt 0.895399 0.878023
vt 0.889042 0.870552
vt 0.891501 0.869827
vt 0.886825 0.861504
vt 0.889133 0.861150
vt 0.886475 0.856840
vt 0.888783 0.856486
vt 0.886486 0.848255
vt 0.888901 0.848537
vt 0.907787 0.889911
vt 0.888592 0.838666
vt 0.905399 0.886414
vt 0.890865 0.839373
vt 0.891812 0.829642
vt 0.894207 0.830945
vt 0.896356 0.821773
vt 0.898942 0.823619
vt 0.900244 0.817603
vt 0.901446 0.820433
vt 0.902638 0.814616
vt 0.903575 0.819951
vt 0.907787 0.816328
vt 0.907221 0.823001
vt 0.850410 0.613663
vt 0.847725 0.605030
vt 0.850016 0.604924
vt 0.848205 0.613955
vt 0.847131 0.595098
vt 0.849599 0.595295
vt 0.847942 0.585054
vt 0.850410 0.585251
vt 0.615984 0.305946
vt 0.615805 0.307597
vt 0.606967 0.307597
vt 0.607146 0.305946
vt 0.445432 0.018339
vt 0.452060 0.018083
vt 0.451859 0.016322
vt 0.445551 0.016290
vt 0.438417 0.017897
vt 0.438613 0.015867
vt 0.431664 0.017940
vt 0.431855 0.015557
vt 0.424169 0.016411
vt 0.424696 0.014451
vt 0.418829 0.014989
vt 0.463525 0.014451
vt 0.415713 0.022867
vt 0.421147 0.026570
vt 0.418064 0.026829
vt 0.424774 0.027899
vt 0.428397 0.029239
vt 0.437060 0.024031
vt 0.429539 0.031792
vt 0.416836 0.024588
vt 0.415164 0.021957
vt 0.049590 0.532205
vt 0.028415 0.532415
vt 0.029576 0.533856
vt 0.014344 0.532205
vt 0.797951 0.229149
vt 0.802713 0.231791
vt 0.806148 0.229149
vt 0.800794 0.232453
vt 0.295594 0.072062
vt 0.287530 0.074145
vt 0.288181 0.076432
vt 0.279848 0.074855
vt 0.280514 0.079397
vt 0.274375 0.075224
vt 0.272437 0.080529
vt 0.269525 0.074583
vt 0.263139 0.079714
vt 0.263978 0.074535
vt 0.255783 0.076809
vt 0.297963 0.077472
vt 0.290471 0.081779
vt 0.299421 0.079975
vt 0.291805 0.084344
vt 0.305740 0.075274
vt 0.304107 0.072848
vt 0.309426 0.068788
vt 0.309294 0.073240
vt 0.282338 0.085381
vt 0.283020 0.087944
vt 0.296706 0.074888
vt 0.289530 0.079223
vt 0.281235 0.082538
vt 0.303279 0.070693
vt 0.271876 0.084477
vt 0.272558 0.087314
vt 0.308490 0.065648
vt 0.302104 0.068212
vt 0.261519 0.086803
vt 0.262114 0.083948
vt 0.254106 0.081494
vt 0.247637 0.077270
vt 0.248741 0.072876
vt 0.241483 0.072413
vt 0.242843 0.068369
vt 0.237181 0.065648
vt 0.235656 0.068865
vt 0.240002 0.074300
vt 0.252789 0.083904
vt 0.246160 0.080057
vt 0.256958 0.074752
vt 0.371962 0.464492
vt 0.375385 0.468443
vt 0.376477 0.465811
vt 0.370902 0.467096
vt 0.382548 0.468621
vt 0.381962 0.465991
vt 0.400410 0.464492
vt 0.402049 0.999557
vt 0.405421 0.996440
vt 0.402102 0.993513
vt 0.404919 0.999587
vt 0.418822 0.996159
vt 0.421721 0.993298
vt 0.419839 0.991329
vt 0.404519 0.991329
vt 0.146149 0.136474
vt 0.147054 0.139005
vt 0.155097 0.139511
vt 0.154366 0.141638
vt 0.163745 0.140131
vt 0.163777 0.142444
vt 0.171941 0.138746
vt 0.172576 0.141070
vt 0.180390 0.134335
vt 0.182046 0.137197
vt 0.187295 0.127581
vt 0.141910 0.136690
vt 0.139754 0.127581
vt 0.489754 0.153743
vt 0.485958 0.147876
vt 0.488492 0.148028
vt 0.487541 0.153585
vt 0.489538 0.159400
vt 0.487992 0.158701
vt 0.489640 0.164528
vt 0.487666 0.164204
vt 0.489754 0.170531
vt 0.487822 0.169801
vt 0.488636 0.176876
vt 0.481776 0.146571
vt 0.482746 0.141719
vt 0.476392 0.140828
vt 0.477698 0.136362
vt 0.469250 0.136877
vt 0.470957 0.132228
vt 0.485086 0.153759
vt 0.485570 0.162854
vt 0.461327 0.135487
vt 0.462125 0.130884
vt 0.484783 0.175280
vt 0.453957 0.136287
vt 0.453607 0.131259
vt 0.445521 0.135387
vt 0.447640 0.138965
vt 0.440680 0.144051
vt 0.440438 0.140029
vt 0.437676 0.156118
vt 0.487001 0.175875
vt 0.482396 0.180214
vt 0.483872 0.181516
vt 0.478146 0.184141
vt 0.485271 0.182686
vt 0.479773 0.187795
vt 0.478766 0.185917
vt 0.471161 0.186817
vt 0.473000 0.190339
vt 0.472056 0.188040
vt 0.458606 0.189494
vt 0.461424 0.186612
vt 0.430251 0.150315
vt 0.431255 0.159792
vt 0.439654 0.161625
vt 0.433832 0.171117
vt 0.441831 0.170349
vt 0.439729 0.179386
vt 0.448246 0.178845
vt 0.456054 0.183325
vt 0.447684 0.185335
vt 0.425485 0.160842
vt 0.428179 0.172964
vt 0.424563 0.150417
vt 0.423952 0.161144
vt 0.423046 0.150709
vt 0.473982 0.156401
vt 0.475299 0.162867
vt 0.481145 0.173242
vt 0.472157 0.150145
vt 0.420902 0.151137
vt 0.421792 0.161576
vt 0.424622 0.173698
vt 0.422462 0.174130
vt 0.474592 0.169843
vt 0.372730 0.241536
vt 0.371721 0.244839
vt 0.378279 0.241536
vt 0.377879 0.244684
vt 0.789227 0.165425
vt 0.788934 0.154438
vt 0.791245 0.164688
vt 0.791114 0.154589
vt 0.794206 0.175294
vt 0.792167 0.176094
vt 0.799796 0.185159
vt 0.797436 0.186816
vt 0.838762 0.177272
vt 0.840696 0.169240
vt 0.840343 0.178981
vt 0.836598 0.188225
vt 0.842359 0.168334
vt 0.834615 0.185850
vt 0.830960 0.194535
vt 0.840556 0.157564
vt 0.844075 0.157108
vt 0.839306 0.146885
vt 0.836611 0.149225
vt 0.831594 0.139312
vt 0.829467 0.142503
vt 0.821287 0.134868
vt 0.820787 0.138210
vt 0.810485 0.134187
vt 0.811880 0.137602
vt 0.801332 0.137730
vt 0.804133 0.140632
vt 0.794851 0.145036
vt 0.798039 0.146588
vt 0.794911 0.155538
vt 0.794902 0.164878
vt 0.797680 0.174187
vt 0.802926 0.183039
vt 0.807947 0.192560
vt 0.810068 0.189839
vt 0.820239 0.196831
vt 0.820528 0.193707
vt 0.832483 0.196945
vt 0.844770 0.194704
vt 0.842919 0.192557
vt 0.845576 0.169920
vt 0.848770 0.180850
vt 0.845250 0.181133
vt 0.848770 0.168879
vt 0.846484 0.157726
vt 0.147951 0.265483
vt 0.143595 0.268786
vt 0.140574 0.265483
vt 0.498579 0.186892
vt 0.500549 0.186869
vt 0.498374 0.184496
vt 0.503474 0.185813
vt 0.497746 0.189930
vt 0.492250 0.186698
vt 0.493509 0.183732
vt 0.501350 0.190157
vt 0.496862 0.194224
vt 0.504914 0.188227
vt 0.505328 0.183732
vt 0.489835 0.192568
vt 0.488115 0.196119
vt 0.575923 0.016298
vt 0.581168 0.020042
vt 0.581726 0.017204
vt 0.587374 0.020231
vt 0.587882 0.017860
vt 0.595183 0.019335
vt 0.594957 0.017848
vt 0.606148 0.016298
vt 0.574180 0.018504
vt 0.574512 0.016102
vt 0.798091 0.295211
vt 0.796311 0.292733
vt 0.804508 0.292733
vt 0.532225 0.013625
vt 0.518443 0.011974
vt 0.533197 0.011974
vt 0.178512 0.004088
vt 0.171862 0.005927
vt 0.179605 0.006193
vt 0.184670 0.003037
vt 0.185195 0.005445
vt 0.171461 0.004482
vt 0.190103 0.001016
vt 0.191339 0.002533
vt 0.191393 0.000413
vt 0.158607 0.000413
vt 0.862705 0.597440
vt 0.862705 0.591660
vt 0.859426 0.592153
vt 0.648988 0.214246
vt 0.655316 0.213631
vt 0.640574 0.212634
vt 0.649638 0.219125
vt 0.655908 0.218234
vt 0.650657 0.224597
vt 0.657156 0.223325
vt 0.662718 0.216460
vt 0.661716 0.212634
vt 0.664344 0.221149
vt 0.643977 0.224982
vt 0.643295 0.219470
vt 0.642420 0.213277
vt 0.651137 0.228324
vt 0.658657 0.225114
vt 0.302049 0.571016
vt 0.302049 0.559455
vt 0.300410 0.565636
vt 0.039215 0.003716
vt 0.036475 0.002064
vt 0.050410 0.002064
vt 0.933197 0.769566
vt 0.931557 0.755241
vt 0.932193 0.769405
vt 0.933197 0.755161
vt 0.932661 0.770851
vt 0.931658 0.770690
vt 0.048777 0.990659
vt 0.045359 0.991313
vt 0.046774 0.986703
vt 0.045912 0.976850
vt 0.047542 0.994336
vt 0.046868 0.995314
vt 0.062219 0.996284
vt 0.061943 0.995135
vt 0.065984 0.993762
vt 0.046826 0.982442
vt 0.061528 0.977986
vt 0.050986 0.976654
vt 0.048634 0.974031
vt 0.063115 0.974950
vt 0.048947 0.978539
vt 0.063415 0.980219
vt 0.065984 0.977879
vt 0.062858 0.990031
vt 0.065166 0.992263
vt 0.060756 0.992274
vt 0.050388 0.992264
vt 0.063594 0.973976
vt 0.047846 0.973163
vt 0.043852 0.974813
vt 0.892213 0.422378
vt 0.892213 0.411643
vt 0.890574 0.417813
vt 0.890767 0.413327
vt 0.020082 0.075291
vt 0.015108 0.072254
vt 0.019628 0.072254
vt 0.015746 0.075557
vt 0.007787 0.075360
vt 0.678279 0.649463
vt 0.673847 0.652766
vt 0.673361 0.649463
vt 0.395248 0.699230
vt 0.397425 0.703189
vt 0.398562 0.698213
vt 0.395671 0.698183
vt 0.395909 0.703167
vt 0.389754 0.701016
vt 0.391019 0.704994
vt 0.402666 0.702403
vt 0.402273 0.698183
vt 0.396798 0.706441
vt 0.402868 0.704987
vt 0.416490 0.701103
vt 0.415570 0.704589
vt 0.417550 0.705211
vt 0.420082 0.700470
vt 0.665164 0.147964
vt 0.659479 0.151983
vt 0.665871 0.149843
vt 0.659191 0.149936
vt 0.671629 0.145077
vt 0.672336 0.146956
vt 0.678918 0.140431
vt 0.647657 0.153270
vt 0.647583 0.151498
vt 0.637368 0.150625
vt 0.679932 0.141875
vt 0.687374 0.133473
vt 0.688914 0.135051
vt 0.689757 0.130058
vt 0.692529 0.130815
vt 0.637419 0.152798
vt 0.629613 0.148536
vt 0.629016 0.150623
vt 0.621197 0.145279
vt 0.620600 0.147366
vt 0.613152 0.140622
vt 0.611939 0.142648
vt 0.603533 0.132751
vt 0.601927 0.134533
vt 0.600118 0.130058
vt 0.647475 0.154831
vt 0.597951 0.131975
vt 0.659725 0.153462
vt 0.693852 0.132520
vt 0.919262 0.683320
vt 0.916803 0.680348
vt 0.919262 0.676189
vt 0.917027 0.665153
vt 0.992306 0.375520
vt 0.990014 0.377995
vt 0.989715 0.374675
vt 0.986475 0.373345
vt 0.993033 0.383567
vt 0.993033 0.371916
vt 0.989979 0.371432
vt 0.986606 0.370355
vt 0.344672 0.007019
vt 0.344555 0.007845
vt 0.325000 0.007019
vt 0.720902 0.751858
vt 0.717623 0.754656
vt 0.720902 0.756813
vt 0.887295 0.817647
vt 0.887037 0.814616
vt 0.884249 0.820396
vt 0.884676 0.814782
vt 0.877459 0.814616
vt 0.903866 0.409992
vt 0.897131 0.406689
vt 0.902488 0.407424
vt 0.913525 0.406689
vt 0.986662 0.647827
vt 0.988362 0.642618
vt 0.985689 0.645876
vt 0.990277 0.642950
vt 0.981017 0.648811
vt 0.981382 0.646855
vt 0.976154 0.646660
vt 0.977687 0.645334
vt 0.988034 0.638993
vt 0.989651 0.637520
vt 0.981553 0.636763
vt 0.981699 0.634943
vt 0.977328 0.637875
vt 0.975617 0.637266
vt 0.972294 0.634082
vt 0.993182 0.634058
vt 0.993636 0.650005
vt 0.972072 0.650023
vt 0.971721 0.653592
vt 0.993766 0.653355
vt 0.993852 0.631296
vt 0.971849 0.631296
vt 0.748843 0.925338
vt 0.749421 0.931049
vt 0.746943 0.927454
vt 0.746772 0.922393
vt 0.745382 0.924838
vt 0.749349 0.919594
vt 0.751230 0.922956
vt 0.744672 0.918356
vt 0.746904 0.915559
vt 0.749769 0.911601
vt 0.751230 0.916642
vt 0.744792 0.911248
vt 0.747413 0.906276
vt 0.966905 0.558334
vt 0.965397 0.553526
vt 0.967491 0.553249
vt 0.969090 0.557838
vt 0.968890 0.563918
vt 0.971034 0.563138
vt 0.971721 0.569364
vt 0.966054 0.546167
vt 0.963896 0.546458
vt 0.965482 0.537745
vt 0.963357 0.537992
vt 0.965405 0.531457
vt 0.963440 0.531137
vt 0.966226 0.524547
vt 0.964110 0.524483
vt 0.969436 0.518725
vt 0.967545 0.517437
vt 0.971721 0.515689
vt 0.959814 0.546977
vt 0.959426 0.537838
vt 0.961579 0.554815
vt 0.963104 0.559855
vt 0.959474 0.530780
vt 0.959866 0.523241
vt 0.965213 0.565340
vt 0.626639 0.992981
vt 0.623593 0.994633
vt 0.620082 0.992981
vt 0.014344 0.773328
vt 0.014344 0.765896
vt 0.012314 0.767204
vt 0.011885 0.769401
vt 0.997497 0.547755
vt 0.997055 0.544268
vt 0.999590 0.544530
vt 0.997501 0.537037
vt 0.991213 0.536878
vt 0.999590 0.531146
vt 0.990858 0.543128
vt 0.983604 0.543427
vt 0.984004 0.537313
vt 0.984416 0.532053
vt 0.996986 0.542810
vt 0.990913 0.544525
vt 0.983649 0.544801
vt 0.976586 0.537600
vt 0.977243 0.530911
vt 0.976655 0.543650
vt 0.976697 0.545004
vt 0.983782 0.548244
vt 0.990809 0.547964
vt 0.976564 0.548442
vt 0.970082 0.543752
vt 0.970118 0.545229
vt 0.970282 0.537513
vt 0.970922 0.528902
vt 0.970502 0.548720
vt 0.891393 0.752689
vt 0.893444 0.749497
vt 0.894719 0.751686
vt 0.897327 0.757676
vt 0.894239 0.759155
vt 0.900177 0.764187
vt 0.896933 0.765391
vt 0.898604 0.757117
vt 0.895983 0.751043
vt 0.901441 0.763647
vt 0.902819 0.770369
vt 0.899557 0.771676
vt 0.904166 0.769788
vt 0.906925 0.760933
vt 0.909740 0.767044
vt 0.904017 0.753941
vt 0.912666 0.757258
vt 0.901017 0.747886
vt 0.908307 0.750297
vt 0.916803 0.762807
vt 0.905171 0.742823
vt 0.910580 0.736449
vt 0.912704 0.736952
vt 0.916803 0.724608
vt 0.899813 0.746093
vt 0.894650 0.750640
vt 0.903772 0.741267
vt 0.062705 0.624690
vt 0.083197 0.624690
vt 0.062959 0.625516
vt 0.466393 0.882659
vt 0.474864 0.882329
vt 0.475000 0.883154
vt 0.465984 0.882329
vt 0.083197 0.540462
vt 0.089754 0.540462
vt 0.089466 0.542114
vt 0.107787 0.270438
vt 0.112321 0.272089
vt 0.112815 0.271107
vt 0.120082 0.270438
vt 0.869262 0.090109
vt 0.870177 0.083815
vt 0.870902 0.083905
vt 0.870063 0.089738
vt 0.870902 0.096201
vt 0.676722 0.929744
vt 0.674645 0.930590
vt 0.674180 0.928891
vt 0.676416 0.928235
vt 0.678279 0.928882
vt 0.677848 0.926920
vt 0.677848 0.936003
vt 0.711066 0.435590
vt 0.711066 0.425681
vt 0.710246 0.429450
vt 0.453689 0.149876
vt 0.469262 0.149876
vt 0.468197 0.150702
vt 0.728279 0.161437
vt 0.729371 0.160611
vt 0.728825 0.162263
vt 0.729918 0.161437
vt 0.916891 0.350691
vt 0.916820 0.373071
vt 0.934662 0.363275
vt 0.942213 0.353101
vt 0.929255 0.386485
vt 0.940532 0.372016
vt 0.938266 0.343931
vt 0.942213 0.395128
vt 0.908607 0.380998
vt 0.925069 0.395113
vt 0.619713 0.458712
vt 0.602049 0.447151
vt 0.620082 0.447151
vt 0.401307 0.154875
vt 0.400055 0.145658
vt 0.391874 0.155627
vt 0.391853 0.157286
vt 0.390977 0.145810
vt 0.401704 0.156401
vt 0.408532 0.153859
vt 0.408970 0.155365
vt 0.410188 0.151341
vt 0.409908 0.145305
vt 0.412071 0.152570
vt 0.411642 0.145615
vt 0.381557 0.157308
vt 0.381576 0.155650
vt 0.381996 0.144922
vt 0.414344 0.144922
vt 0.984805 0.193240
vt 0.974698 0.192114
vt 0.985180 0.192115
vt 0.984828 0.179802
vt 0.974856 0.193642
vt 0.988674 0.192325
vt 0.988934 0.179604
vt 0.974584 0.179888
vt 0.965225 0.192058
vt 0.965382 0.193585
vt 0.965643 0.179604
vt 0.956148 0.191724
vt 0.956305 0.193252
vt 0.960246 0.650636
vt 0.965984 0.652766
vt 0.965984 0.630471
vt 0.915984 0.463666
vt 0.884016 0.463666
vt 0.884444 0.467775
vt 0.915723 0.467795
vt 0.068318 0.784889
vt 0.089754 0.781890
vt 0.087766 0.777457
vt 0.068123 0.780618
vt 0.050410 0.777457
vt 0.988357 0.445513
vt 0.988382 0.452936
vt 0.994920 0.444674
vt 0.994945 0.452097
vt 0.977682 0.453052
vt 0.978317 0.446586
vt 0.998688 0.446971
vt 0.999590 0.454018
vt 0.977282 0.460651
vt 0.988435 0.460697
vt 0.995297 0.460260
vt 0.998978 0.461706
vt 0.976702 0.467793
vt 0.988852 0.467768
vt 0.995808 0.466938
vt 0.999053 0.470689
vt 0.976639 0.474004
vt 0.989635 0.474150
vt 0.996590 0.473320
vt 0.999590 0.477704
vt 0.031796 0.043329
vt 0.040238 0.038891
vt 0.033489 0.037367
vt 0.038544 0.044853
vt 0.035386 0.031969
vt 0.031458 0.044702
vt 0.038257 0.046239
vt 0.046199 0.040048
vt 0.044505 0.046026
vt 0.051459 0.041536
vt 0.049226 0.046915
vt 0.044243 0.047417
vt 0.048970 0.048307
vt 0.055238 0.036713
vt 0.055510 0.033853
vt 0.027030 0.035666
vt 0.025571 0.041601
vt 0.029348 0.027918
vt 0.025171 0.042956
vt 0.060400 0.031987
vt 0.069262 0.025186
vt 0.018874 0.039405
vt 0.018443 0.040753
vt 0.021315 0.033700
vt 0.024351 0.025186
vt 0.534836 0.300165
vt 0.530738 0.300428
vt 0.534836 0.322461
vt 0.972975 0.994563
vt 0.963892 0.993821
vt 0.973142 0.988474
vt 0.963525 0.988582
vt 0.979330 0.988296
vt 0.979219 0.994633
vt 0.980738 0.988296
vt 0.980627 0.994633
vt 0.980527 0.982246
vt 0.979119 0.982246
vt 0.578279 0.994633
vt 0.573378 0.998761
vt 0.561885 0.994633
vt 0.766316 0.117618
vt 0.772541 0.117671
vt 0.772063 0.112717
vt 0.766316 0.112717
vt 0.757787 0.117350
vt 0.718982 0.165063
vt 0.715446 0.165113
vt 0.717768 0.157485
vt 0.714344 0.157305
vt 0.719897 0.145747
vt 0.721825 0.153620
vt 0.725000 0.146218
vt 0.722124 0.162273
vt 0.725000 0.170520
vt 0.715054 0.148742
vt 0.983197 0.405863
vt 0.983197 0.394302
vt 0.978279 0.396412
vt 0.938115 0.117606
vt 0.934016 0.117671
vt 0.938115 0.106133
vt 0.935160 0.106111
vt 0.579098 0.117671
vt 0.569842 0.120149
vt 0.565164 0.117671
vt 0.876639 0.923617
vt 0.888115 0.923617
vt 0.883108 0.926920
vt 0.327459 0.070856
vt 0.329918 0.087118
vt 0.329918 0.070603
vt 0.942213 0.710197
vt 0.944672 0.726259
vt 0.944672 0.709744
vt 0.549590 0.484364
vt 0.549372 0.490917
vt 0.544672 0.484400
vt 0.545066 0.478105
vt 0.549372 0.477704
vt 0.639754 0.551197
vt 0.631084 0.553675
vt 0.628279 0.551197
vt 0.052601 0.787470
vt 0.056047 0.784889
vt 0.047131 0.784889
vt 0.056967 0.787063
vt 0.052905 0.789017
vt 0.212705 0.346408
vt 0.205660 0.348885
vt 0.204508 0.346408
vt 0.196311 0.405863
vt 0.194672 0.406607
vt 0.196311 0.419075
vt 0.641457 0.519289
vt 0.646489 0.516615
vt 0.640972 0.516073
vt 0.638946 0.505192
vt 0.643894 0.530363
vt 0.649313 0.526134
vt 0.640389 0.519529
vt 0.653798 0.520477
vt 0.659665 0.513523
vt 0.653098 0.508542
vt 0.664856 0.502779
vt 0.656640 0.499381
vt 0.658324 0.493067
vt 0.677640 0.505121
vt 0.674212 0.521775
vt 0.688669 0.526951
vt 0.692134 0.506033
vt 0.686471 0.497857
vt 0.674515 0.498188
vt 0.696804 0.498274
vt 0.674070 0.497178
vt 0.644273 0.501586
vt 0.665854 0.529638
vt 0.665057 0.497247
vt 0.637686 0.505281
vt 0.643082 0.530951
vt 0.647754 0.539338
vt 0.637999 0.519801
vt 0.640384 0.531511
vt 0.637307 0.516591
vt 0.686524 0.496584
vt 0.642339 0.541468
vt 0.639975 0.516404
vt 0.685917 0.493744
vt 0.698770 0.490091
vt 0.674445 0.494751
vt 0.697298 0.495795
vt 0.645886 0.540419
vt 0.633889 0.505651
vt 0.641621 0.506326
vt 0.647622 0.495162
vt 0.678221 0.539623
vt 0.668396 0.551118
vt 0.636736 0.496437
vt 0.634530 0.500111
vt 0.627971 0.493870
vt 0.626522 0.496801
vt 0.619718 0.493367
vt 0.630808 0.501509
vt 0.623718 0.497339
vt 0.627401 0.490180
vt 0.619262 0.490091
vt 0.636975 0.490645
vt 0.663905 0.496152
vt 0.663986 0.494291
vt 0.655091 0.537895
vt 0.646997 0.548705
vt 0.645488 0.554500
vt 0.641393 0.308423
vt 0.647753 0.314203
vt 0.656148 0.308423
vt 0.865984 0.817919
vt 0.865984 0.830306
vt 0.864344 0.830049
vt 0.888934 0.007019
vt 0.890104 0.009980
vt 0.900863 0.007019
vt 0.891077 0.011148
vt 0.901230 0.008491
vt 0.993852 0.209606
vt 0.994926 0.199422
vt 0.997131 0.200119
vt 0.995944 0.209669
vt 0.993897 0.219186
vt 0.995988 0.219248
vt 0.995039 0.229057
vt 0.997131 0.229120
vt 0.996082 0.238233
vt 0.050467 0.368704
vt 0.053689 0.364575
vt 0.041393 0.364575
vt 0.820082 0.868417
vt 0.816729 0.869116
vt 0.819337 0.858526
vt 0.815984 0.859225
vt 0.820082 0.849298
vt 0.817058 0.849475
vt 0.208534 0.184842
vt 0.232026 0.184307
vt 0.233789 0.180408
vt 0.209101 0.182161
vt 0.208987 0.191654
vt 0.237877 0.195725
vt 0.209057 0.197562
vt 0.237389 0.204132
vt 0.243858 0.183917
vt 0.208036 0.203265
vt 0.236996 0.213687
vt 0.246236 0.197343
vt 0.200117 0.181569
vt 0.198706 0.183667
vt 0.188705 0.177111
vt 0.186814 0.179541
vt 0.198358 0.190137
vt 0.183528 0.169694
vt 0.185633 0.189215
vt 0.198759 0.196788
vt 0.185412 0.196775
vt 0.199609 0.202161
vt 0.185800 0.202557
vt 0.207765 0.197404
vt 0.180738 0.171663
vt 0.207666 0.203069
vt 0.208074 0.191343
vt 0.245595 0.205886
vt 0.249440 0.184398
vt 0.248009 0.178926
vt 0.243157 0.179448
vt 0.246624 0.175160
vt 0.266701 0.173114
vt 0.267248 0.174958
vt 0.241659 0.177926
vt 0.267623 0.171186
vt 0.264608 0.171994
vt 0.265000 0.169694
vt 0.243766 0.215605
vt 0.253861 0.207692
vt 0.252852 0.216763
vt 0.253627 0.197692
vt 0.712705 0.448803
vt 0.712705 0.460363
vt 0.710246 0.459268
vt 0.326330 0.012028
vt 0.335427 0.011148
vt 0.325820 0.031792
vt 0.335807 0.031413
vt 0.344222 0.011506
vt 0.344989 0.031061
vt 0.353689 0.012152
vt 0.353689 0.031176
vt 0.172903 0.262561
vt 0.182232 0.241732
vt 0.172159 0.242057
vt 0.189445 0.250701
vt 0.194181 0.273062
vt 0.210400 0.267671
vt 0.201489 0.244549
vt 0.224962 0.260845
vt 0.232885 0.270707
vt 0.197725 0.285347
vt 0.245227 0.264168
vt 0.217732 0.277675
vt 0.232377 0.254608
vt 0.252824 0.253506
vt 0.213768 0.239769
vt 0.237793 0.247544
vt 0.222758 0.234750
vt 0.227743 0.228289
vt 0.244071 0.238279
vt 0.193677 0.247226
vt 0.182988 0.235977
vt 0.190919 0.234474
vt 0.199536 0.237436
vt 0.186896 0.231846
vt 0.183894 0.231537
vt 0.178671 0.233473
vt 0.219731 0.237727
vt 0.257642 0.244259
vt 0.180979 0.237915
vt 0.181884 0.230813
vt 0.164708 0.220892
vt 0.162705 0.225383
vt 0.234476 0.273961
vt 0.176988 0.235130
vt 0.198836 0.288604
vt 0.220020 0.279986
vt 0.247253 0.228092
vt 0.261063 0.232976
vt 0.247355 0.220892
vt 0.261885 0.221416
vt 0.346311 0.034269
vt 0.346311 0.046367
vt 0.338934 0.042607
vt 0.342035 0.051610
vt 0.208864 0.217832
vt 0.210064 0.222543
vt 0.215767 0.222093
vt 0.224180 0.213460
vt 0.207424 0.221887
vt 0.204508 0.216735
vt 0.205441 0.213460
vt 0.210445 0.215837
vt 0.223361 0.331544
vt 0.219262 0.331544
vt 0.221532 0.334021
vt 0.959985 0.292733
vt 0.966989 0.287847
vt 0.961887 0.287735
vt 0.963814 0.283273
vt 0.957911 0.284324
vt 0.956698 0.286617
vt 0.950546 0.278894
vt 0.957045 0.282264
vt 0.947227 0.280433
vt 0.968443 0.292292
vt 0.961793 0.280684
vt 0.952993 0.277539
vt 0.943164 0.282013
vt 0.939438 0.268811
vt 0.934016 0.270900
vt 0.939076 0.282122
vt 0.952459 0.289557
vt 0.965596 0.279978
vt 0.962219 0.278055
vt 0.962994 0.269937
vt 0.957606 0.270775
vt 0.934839 0.254748
vt 0.968211 0.269865
vt 0.956634 0.277726
vt 0.952508 0.273518
vt 0.951270 0.269294
vt 0.949398 0.274008
vt 0.936857 0.279472
vt 0.946794 0.267971
vt 0.953991 0.254748
vt 0.962375 0.256721
vt 0.106148 0.205202
vt 0.112683 0.208505
vt 0.116803 0.205202
vt 0.107061 0.208328
vt 0.052869 0.983072
vt 0.057986 0.986375
vt 0.059426 0.983072
vt 0.076194 0.420030
vt 0.076493 0.421517
vt 0.067623 0.428968
vt 0.103689 0.431462
vt 0.103689 0.405863
vt 0.285656 0.542940
vt 0.285656 0.574319
vt 0.270902 0.571409
vt 0.484836 0.454583
vt 0.495951 0.456235
vt 0.495698 0.455799
vt 0.507787 0.454583
vt 0.956148 0.938481
vt 0.952869 0.937326
vt 0.956148 0.926094
vt 0.818443 0.877374
vt 0.818443 0.872419
vt 0.811066 0.873410
vt 0.818689 0.317506
vt 0.815164 0.305946
vt 0.819262 0.305946
vt 0.342213 0.172172
vt 0.343033 0.172172
vt 0.342623 0.172998
vt 0.071661 0.303468
vt 0.065984 0.300165
vt 0.077459 0.300165
vt 0.081557 0.805533
vt 0.077459 0.810717
vt 0.081557 0.816268
vt 0.298988 0.713437
vt 0.296418 0.685298
vt 0.022425 0.701808
vt 0.025137 0.668808
vt 0.297880 0.728558
vt 0.294113 0.747977
vt 0.291055 0.766142
vt 0.297294 0.666500
vt 0.299954 0.646032
vt 0.016910 0.749030
vt 0.018573 0.647380
vt 0.301296 0.637476
vt 0.016959 0.637882
vt 0.289020 0.777366
vt 0.302869 0.630471
vt 0.015164 0.630471
vt 0.287550 0.785686
vt 0.285093 0.796449
vt 0.016388 0.759588
vt 0.396235 0.989370
vt 0.415448 0.985988
vt 0.337096 0.717684
vt 0.381117 0.990510
vt 0.353899 0.988488
vt 0.433285 0.982778
vt 0.369518 0.714841
vt 0.335507 0.989379
vt 0.315217 0.992508
vt 0.320451 0.710804
vt 0.307069 0.993895
vt 0.311472 0.709279
vt 0.443741 0.980768
vt 0.416298 0.709008
vt 0.300410 0.995458
vt 0.304096 0.708092
vt 0.452169 0.979197
vt 0.464486 0.976782
vt 0.426801 0.708568
vt 0.466803 0.975836
vt 0.428713 0.708093
vt 0.000410 0.490917
vt 0.007471 0.524256
vt 0.292213 0.490917
vt 0.292033 0.497114
vt 0.008773 0.528902
vt 0.484353 0.932910
vt 0.517623 0.644528
vt 0.512079 0.644509
vt 0.517623 0.940132
vt 0.478279 0.931494
vt 0.523361 0.995458
vt 0.523361 0.701486
vt 0.520082 0.994781
vt 0.596101 0.532932
vt 0.597725 0.548000
vt 0.598426 0.532505
vt 0.596069 0.548401
vt 0.598644 0.567879
vt 0.591940 0.505407
vt 0.596926 0.568302
vt 0.602557 0.585941
vt 0.594008 0.505305
vt 0.587366 0.487137
vt 0.589433 0.487035
vt 0.584287 0.466712
vt 0.586736 0.466239
vt 0.584016 0.457951
vt 0.600170 0.586391
vt 0.606898 0.595886
vt 0.605211 0.596980
vt 0.611849 0.603100
vt 0.610511 0.604516
vt 0.620902 0.612168
vt 0.619182 0.613955
vt 0.586146 0.457826
vt 0.585206 0.450455
vt 0.587366 0.451001
vt 0.589448 0.445210
vt 0.590332 0.447150
vt 0.619668 0.428984
vt 0.620902 0.431246
vt 0.319324 0.192154
vt 0.297696 0.194736
vt 0.309936 0.191730
vt 0.305871 0.196662
vt 0.315960 0.197770
vt 0.302281 0.190814
vt 0.296311 0.188687
vt 0.337295 0.188687
vt 0.995492 0.622213
vt 0.985121 0.624690
vt 0.984836 0.622213
vt 0.911885 0.898844
vt 0.899590 0.898844
vt 0.899936 0.909579
vt 0.910475 0.909249
vt 0.178279 0.130058
vt 0.172712 0.132535
vt 0.160246 0.130058
vt 0.357968 0.126755
vt 0.368751 0.126604
vt 0.375820 0.116020
vt 0.357787 0.116020
vt 0.745492 0.809619
vt 0.745492 0.761767
vt 0.620902 0.799514
vt 0.625719 0.763166
vt 0.742825 0.843518
vt 0.622873 0.832838
vt 0.528279 0.317248
vt 0.403689 0.305869
vt 0.528279 0.268786
vt 0.408360 0.269195
vt 0.525273 0.351363
vt 0.404831 0.339710
vt 0.668443 0.991329
vt 0.668803 0.994633
vt 0.787711 0.991329
vt 0.788115 0.993378
vt 0.543033 0.225846
vt 0.540574 0.226005
vt 0.543033 0.347234
vt 0.540914 0.346913
vt 0.917623 0.778945
vt 0.925820 0.827624
vt 0.920169 0.779017
vt 0.923274 0.744426
vt 0.925820 0.744497
vt 0.922980 0.827828
vt 0.492315 0.367052
vt 0.527459 0.360032
vt 0.492357 0.364895
vt 0.454508 0.359769
vt 0.454633 0.357969
vt 0.527197 0.357969
vt 0.300410 0.624690
vt 0.300312 0.618844
vt 0.008894 0.619612
vt 0.008638 0.616901
vt 0.300239 0.613955
vt 0.008607 0.613955
vt 0.004749 0.587763
vt 0.004904 0.592486
vt 0.287824 0.586138
vt 0.287973 0.589838
vt 0.287909 0.582262
vt 0.004774 0.583505
vt 0.288115 0.578448
vt 0.004508 0.578448
vt 0.296909 0.610652
vt 0.297056 0.605677
vt 0.006235 0.608198
vt 0.006196 0.604664
vt 0.297131 0.600743
vt 0.006148 0.600743
vt 0.400855 0.482483
vt 0.101425 0.476698
vt 0.400936 0.477705
vt 0.101472 0.480468
vt 0.101230 0.473576
vt 0.400869 0.473576
vt 0.401230 0.486788
vt 0.101435 0.484384
vt 0.319487 0.675375
vt 0.318777 0.679318
vt 0.331143 0.682953
vt 0.327856 0.685709
vt 0.319740 0.682991
vt 0.332006 0.683363
vt 0.332242 0.678065
vt 0.322955 0.672176
vt 0.333197 0.678506
vt 0.328524 0.686546
vt 0.323189 0.685742
vt 0.330224 0.674463
vt 0.330869 0.674235
vt 0.327255 0.671759
vt 0.322797 0.686623
vt 0.318854 0.683758
vt 0.317623 0.679420
vt 0.318505 0.674975
vt 0.322100 0.671759
vt 0.326824 0.672736
vt 0.914346 0.498616
vt 0.924732 0.505151
vt 0.922680 0.507200
vt 0.925820 0.501361
vt 0.924491 0.498152
vt 0.914344 0.502638
vt 0.916156 0.505731
vt 0.921350 0.495871
vt 0.917244 0.495871
vt 0.919661 0.507432
vt 0.384556 0.672759
vt 0.444788 0.507954
vt 0.431627 0.503809
vt 0.371578 0.667810
vt 0.398467 0.676446
vt 0.412130 0.678189
vt 0.359314 0.661577
vt 0.348633 0.652889
vt 0.338643 0.642871
vt 0.330865 0.630929
vt 0.325103 0.617581
vt 0.320920 0.603168
vt 0.319397 0.588917
vt 0.320546 0.569027
vt 0.323794 0.557798
vt 0.328501 0.546424
vt 0.336415 0.534364
vt 0.346265 0.524197
vt 0.426369 0.678207
vt 0.440447 0.676258
vt 0.454742 0.671432
vt 0.357681 0.515823
vt 0.467958 0.664974
vt 0.479861 0.655721
vt 0.489926 0.645103
vt 0.498098 0.632627
vt 0.503857 0.619582
vt 0.507915 0.605634
vt 0.508921 0.594360
vt 0.508559 0.580374
vt 0.505715 0.566793
vt 0.500583 0.553092
vt 0.493574 0.540912
vt 0.484803 0.530779
vt 0.369304 0.509411
vt 0.382710 0.504383
vt 0.474221 0.521458
vt 0.462171 0.514467
vt 0.397325 0.501553
vt 0.411772 0.501072
vt 0.336134 0.644622
vt 0.328529 0.632754
vt 0.331701 0.656172
vt 0.342121 0.665972
vt 0.353851 0.674736
vt 0.346406 0.655360
vt 0.357518 0.663986
vt 0.366955 0.681365
vt 0.370138 0.670952
vt 0.380760 0.686248
vt 0.383303 0.675661
vt 0.395231 0.690275
vt 0.397711 0.679664
vt 0.409972 0.692272
vt 0.411595 0.681442
vt 0.322591 0.644896
vt 0.322169 0.618736
vt 0.315415 0.632625
vt 0.318038 0.603779
vt 0.425126 0.692287
vt 0.426691 0.681448
vt 0.439756 0.690667
vt 0.441563 0.679414
vt 0.453884 0.687035
vt 0.456007 0.674454
vt 0.467362 0.681354
vt 0.469184 0.667233
vt 0.479499 0.673983
vt 0.481607 0.658020
vt 0.490751 0.665032
vt 0.492345 0.647011
vt 0.500743 0.654348
vt 0.500753 0.633987
vt 0.508804 0.642230
vt 0.507011 0.620909
vt 0.515349 0.629714
vt 0.510852 0.606254
vt 0.519607 0.616168
vt 0.522457 0.599823
vt 0.512017 0.594386
vt 0.309960 0.619268
vt 0.316398 0.588856
vt 0.306385 0.604870
vt 0.511358 0.579646
vt 0.522541 0.585710
vt 0.521133 0.572195
vt 0.508820 0.566354
vt 0.517962 0.559718
vt 0.503239 0.551926
vt 0.512389 0.545257
vt 0.496116 0.539510
vt 0.504759 0.532249
vt 0.487185 0.528591
vt 0.495082 0.520686
vt 0.476079 0.519350
vt 0.482938 0.510187
vt 0.463767 0.511997
vt 0.468873 0.501084
vt 0.446797 0.505675
vt 0.451642 0.494687
vt 0.431597 0.501337
vt 0.429982 0.489265
vt 0.411295 0.498360
vt 0.380146 0.688164
vt 0.365998 0.682847
vt 0.394725 0.691769
vt 0.439969 0.692365
vt 0.454109 0.688724
vt 0.424929 0.694054
vt 0.467615 0.683035
vt 0.341126 0.667422
vt 0.352865 0.676197
vt 0.330699 0.657615
vt 0.321148 0.645886
vt 0.313973 0.632955
vt 0.308484 0.619714
vt 0.480527 0.675408
vt 0.409709 0.694036
vt 0.317683 0.568897
vt 0.304868 0.605372
vt 0.300709 0.590702
vt 0.302234 0.590000
vt 0.453107 0.492838
vt 0.470096 0.499016
vt 0.296319 0.575404
vt 0.298378 0.575125
vt 0.293893 0.562425
vt 0.295965 0.562119
vt 0.292213 0.547176
vt 0.294350 0.546872
vt 0.292284 0.532062
vt 0.325951 0.545088
vt 0.333938 0.532910
vt 0.320747 0.556464
vt 0.344184 0.522099
vt 0.496493 0.518720
vt 0.484305 0.508196
vt 0.293925 0.531847
vt 0.293035 0.517107
vt 0.295248 0.517292
vt 0.295336 0.502715
vt 0.297105 0.503377
vt 0.298570 0.489265
vt 0.300342 0.490106
vt 0.355685 0.513635
vt 0.381791 0.501756
vt 0.396305 0.498535
vt 0.367440 0.507115
vt 0.716782 0.517845
vt 0.713313 0.533394
vt 0.705737 0.532039
vt 0.707902 0.517227
vt 0.717959 0.503505
vt 0.710064 0.502477
vt 0.703248 0.546850
vt 0.711199 0.548449
vt 0.701079 0.561691
vt 0.708669 0.562946
vt 0.698770 0.576050
vt 0.707057 0.577226
vt 0.716069 0.533811
vt 0.719262 0.518554
vt 0.713670 0.548734
vt 0.711454 0.563069
vt 0.709504 0.577764
vt 0.706218 0.591979
vt 0.709041 0.592208
vt 0.706520 0.607034
vt 0.709716 0.606958
vt 0.708511 0.621445
vt 0.711517 0.621245
vt 0.711680 0.636134
vt 0.714433 0.635570
vt 0.716295 0.650289
vt 0.719262 0.649745
vt 0.449107 0.098675
vt 0.463884 0.090097
vt 0.449429 0.089837
vt 0.463813 0.098679
vt 0.434823 0.098328
vt 0.435065 0.090145
vt 0.419975 0.098615
vt 0.420047 0.090005
vt 0.478446 0.090197
vt 0.478342 0.098356
vt 0.405328 0.098565
vt 0.405400 0.089953
vt 0.464329 0.087944
vt 0.492791 0.089967
vt 0.478932 0.088008
vt 0.493033 0.087944
vt 0.449582 0.088010
vt 0.435094 0.088293
vt 0.392474 0.365388
vt 0.398515 0.369374
vt 0.403767 0.361651
vt 0.377070 0.354645
vt 0.383802 0.348807
vt 0.419808 0.372281
vt 0.419700 0.381315
vt 0.432856 0.379166
vt 0.431038 0.386825
vt 0.363525 0.344863
vt 0.368868 0.338150
vt 0.446817 0.384644
vt 0.444301 0.392183
vt 0.461297 0.389017
vt 0.458958 0.396704
vt 0.475471 0.391676
vt 0.473751 0.399257
vt 0.405012 0.359755
vt 0.420716 0.370640
vt 0.490725 0.393489
vt 0.425795 0.360213
vt 0.438947 0.367195
vt 0.433807 0.377577
vt 0.452709 0.372421
vt 0.447311 0.382715
vt 0.467378 0.376136
vt 0.461826 0.387192
vt 0.480555 0.378222
vt 0.475725 0.389994
vt 0.490993 0.391621
vt 0.494822 0.378859
vt 0.509686 0.377158
vt 0.503065 0.390285
vt 0.515289 0.387550
vt 0.523684 0.372685
vt 0.527758 0.383492
vt 0.534923 0.366904
vt 0.539747 0.377158
vt 0.545351 0.359243
vt 0.550935 0.368921
vt 0.559957 0.361006
vt 0.569436 0.350532
vt 0.577459 0.338150
vt 0.559328 0.344398
vt 0.753237 0.049325
vt 0.753254 0.040875
vt 0.738510 0.049521
vt 0.738528 0.041068
vt 0.767436 0.040911
vt 0.767546 0.049741
vt 0.782094 0.041443
vt 0.781962 0.049863
vt 0.797131 0.041373
vt 0.796664 0.050093
vt 0.724283 0.049090
vt 0.724180 0.040911
vt 0.753401 0.052436
vt 0.767648 0.052381
vt 0.781748 0.052302
vt 0.823231 0.763357
vt 0.822844 0.749509
vt 0.831054 0.749258
vt 0.831448 0.763069
vt 0.823600 0.777820
vt 0.832218 0.777437
vt 0.825077 0.794693
vt 0.833059 0.794298
vt 0.830469 0.736621
vt 0.821997 0.736644
vt 0.829818 0.721335
vt 0.821721 0.721193
vt 0.833390 0.763193
vt 0.834089 0.777223
vt 0.833116 0.749679
vt 0.825557 0.808836
vt 0.833777 0.808377
vt 0.834916 0.793739
vt 0.835656 0.807872
vt 0.832560 0.736869
vt 0.831931 0.721505
vt 0.832945 0.706471
vt 0.830823 0.706300
vt 0.835656 0.691575
vt 0.833368 0.690751
vt 0.720231 0.568671
vt 0.720082 0.555762
vt 0.728191 0.556418
vt 0.728096 0.568641
vt 0.720153 0.581935
vt 0.728023 0.581836
vt 0.720465 0.595317
vt 0.728323 0.595139
vt 0.720723 0.608903
vt 0.728587 0.608637
vt 0.721327 0.620618
vt 0.729184 0.620258
vt 0.722411 0.634959
vt 0.730302 0.634544
vt 0.731947 0.608532
vt 0.732529 0.620374
vt 0.733203 0.634235
vt 0.731189 0.594835
vt 0.730953 0.581772
vt 0.732407 0.648873
vt 0.731131 0.568832
vt 0.731324 0.556942
vt 0.731702 0.541816
vt 0.729041 0.542922
vt 0.735426 0.648213
vt 0.735989 0.663501
vt 0.738934 0.662678
vt 0.732428 0.528353
vt 0.729644 0.527807
vt 0.735013 0.513014
vt 0.732204 0.512773
vt 0.738934 0.498750
vt 0.735929 0.497523
vt 0.721000 0.543527
vt 0.463157 0.124640
vt 0.448871 0.124213
vt 0.448167 0.115524
vt 0.462838 0.116198
vt 0.478061 0.124856
vt 0.478127 0.116662
vt 0.493062 0.125103
vt 0.493381 0.116482
vt 0.508297 0.124892
vt 0.508363 0.116698
vt 0.462672 0.113720
vt 0.477962 0.114183
vt 0.493216 0.114004
vt 0.448387 0.113293
vt 0.508198 0.114219
vt 0.522541 0.115195
vt 0.522376 0.112717
vt 0.434836 0.112717
vt 0.098410 0.008027
vt 0.084269 0.008018
vt 0.084016 0.012088
vt 0.098284 0.012799
vt 0.098410 0.006203
vt 0.084269 0.006193
vt 0.106147 0.008018
vt 0.106021 0.012790
vt 0.106148 0.006193
vt 0.595430 0.010948
vt 0.582377 0.006193
vt 0.595162 0.006636
vt 0.582645 0.010506
vt 0.607265 0.011024
vt 0.607350 0.006524
vt 0.615984 0.011148
vt 0.615686 0.006193
vt 0.159145 0.521470
vt 0.159248 0.519889
vt 0.124180 0.521399
vt 0.124284 0.519818
vt 0.166803 0.519818
vt 0.925453 0.339848
vt 0.918823 0.328882
vt 0.921985 0.327620
vt 0.929002 0.337643
vt 0.918926 0.319998
vt 0.927914 0.324921
vt 0.936700 0.333163
vt 0.926070 0.318679
vt 0.935602 0.340628
vt 0.939387 0.322468
vt 0.935193 0.315805
vt 0.945224 0.329058
vt 0.928962 0.311047
vt 0.945951 0.321462
vt 0.943379 0.315654
vt 0.946311 0.337254
vt 0.920579 0.306906
vt 0.915164 0.316367
vt 0.927319 0.295542
vt 0.932777 0.302515
vt 0.939222 0.309749
vt 0.937439 0.290256
vt 0.944544 0.296943
vt 0.946311 0.308063
vt 0.917365 0.305687
vt 0.201410 0.992981
vt 0.201387 0.998348
vt 0.210595 0.993706
vt 0.210915 0.998761
vt 0.221207 0.993141
vt 0.221184 0.998507
vt 0.228279 0.992981
vt 0.228256 0.998348
vt 0.194992 0.998537
vt 0.194672 0.993481
vt 0.536964 0.828358
vt 0.531884 0.842187
vt 0.529755 0.840983
vt 0.526708 0.856416
vt 0.529107 0.857285
vt 0.535209 0.826746
vt 0.544370 0.815748
vt 0.542862 0.813887
vt 0.557354 0.801694
vt 0.556372 0.800578
vt 0.529875 0.909709
vt 0.527141 0.885911
vt 0.528834 0.885921
vt 0.532008 0.909782
vt 0.528704 0.880956
vt 0.526948 0.880995
vt 0.527543 0.872133
vt 0.525820 0.872309
vt 0.533132 0.927830
vt 0.585359 0.874666
vt 0.584442 0.883757
vt 0.579305 0.828646
vt 0.586271 0.831374
vt 0.590463 0.863098
vt 0.592775 0.839564
vt 0.594692 0.857798
vt 0.597951 0.853192
vt 0.580338 0.929014
vt 0.587708 0.897235
vt 0.587790 0.926151
vt 0.591436 0.903966
vt 0.592899 0.921853
vt 0.597951 0.909386
vt 0.561276 0.954170
vt 0.547723 0.940029
vt 0.538475 0.925880
vt 0.971721 0.788702
vt 0.973960 0.794720
vt 0.972502 0.794492
vt 0.971924 0.801465
vt 0.973791 0.801445
vt 0.978830 0.794546
vt 0.978661 0.801270
vt 0.973588 0.788682
vt 0.972601 0.814721
vt 0.974058 0.814950
vt 0.978519 0.815024
vt 0.974957 0.823679
vt 0.979098 0.823390
vt 0.973091 0.823699
vt 0.979098 0.783237
vt 0.734773 0.189477
vt 0.723918 0.191660
vt 0.723960 0.195293
vt 0.735575 0.194162
vt 0.710746 0.194879
vt 0.710901 0.190539
vt 0.697225 0.192913
vt 0.748265 0.146159
vt 0.738817 0.148624
vt 0.742193 0.161868
vt 0.751320 0.154322
vt 0.752049 0.161509
vt 0.750909 0.168245
vt 0.743314 0.138851
vt 0.734742 0.143437
vt 0.736422 0.133584
vt 0.737634 0.173317
vt 0.724081 0.138963
vt 0.725288 0.129232
vt 0.746917 0.176861
vt 0.740558 0.184854
vt 0.732312 0.178610
vt 0.712326 0.139134
vt 0.712156 0.129232
vt 0.704091 0.132374
vt 0.704639 0.145270
vt 0.697360 0.137897
vt 0.693414 0.144547
vt 0.699629 0.156704
vt 0.689754 0.158116
vt 0.701650 0.168199
vt 0.690455 0.166589
vt 0.695278 0.178813
vt 0.704767 0.174001
vt 0.699356 0.183989
vt 0.713534 0.179834
vt 0.721909 0.181366
vt 0.975855 0.685952
vt 0.980738 0.694752
vt 0.980367 0.686061
vt 0.975820 0.694880
vt 0.975856 0.677571
vt 0.980733 0.677260
vt 0.976226 0.670107
vt 0.980738 0.670217
vt 0.871385 0.206028
vt 0.839852 0.207680
vt 0.871721 0.207262
vt 0.839754 0.206028
vt 0.335274 0.470522
vt 0.342067 0.471098
vt 0.341519 0.467795
vt 0.334836 0.467879
vt 0.353355 0.467879
vt 0.352877 0.471019
vt 0.365984 0.468718
vt 0.590503 0.591660
vt 0.586663 0.581874
vt 0.590112 0.579188
vt 0.590554 0.571588
vt 0.585656 0.571891
vt 0.590574 0.560671
vt 0.586716 0.560332
vt 0.590503 0.552023
vt 0.018926 0.386487
vt 0.019089 0.377807
vt 0.014344 0.377787
vt 0.020739 0.386467
vt 0.020902 0.377787
vt 0.014604 0.386609
vt 0.019169 0.395954
vt 0.014695 0.395310
vt 0.964432 0.440366
vt 0.956905 0.432287
vt 0.966700 0.437779
vt 0.955049 0.434420
vt 0.969836 0.446690
vt 0.958642 0.444981
vt 0.950274 0.442266
vt 0.948081 0.432876
vt 0.957602 0.461825
vt 0.948582 0.464603
vt 0.951970 0.458488
vt 0.944672 0.460054
vt 0.948006 0.453084
vt 0.964796 0.450896
vt 0.965364 0.463732
vt 0.972541 0.458209
vt 0.952229 0.470818
vt 0.972541 0.468392
vt 0.958812 0.475227
vt 0.926639 0.773147
vt 0.927880 0.758252
vt 0.929098 0.757841
vt 0.929057 0.773328
vt 0.929057 0.747729
vt 0.234016 0.558629
vt 0.234016 0.572667
vt 0.232108 0.572472
vt 0.231557 0.558694
vt 0.565164 0.618697
vt 0.565164 0.632685
vt 0.564071 0.626241
vt 0.559934 0.632321
vt 0.561474 0.622366
vt 0.554508 0.623076
vt 0.560730 0.609001
vt 0.560605 0.639067
vt 0.564666 0.639554
vt 0.912705 0.211099
vt 0.923077 0.212634
vt 0.922980 0.210983
vt 0.930738 0.211099
vt 0.935913 0.809960
vt 0.927674 0.810714
vt 0.936041 0.811313
vt 0.927459 0.809661
vt 0.942905 0.809661
vt 0.943033 0.811014
vt 0.024516 0.903734
vt 0.010776 0.892959
vt 0.017631 0.907221
vt 0.018103 0.889485
vt 0.003614 0.877979
vt 0.011339 0.874976
vt 0.031624 0.916949
vt 0.024373 0.921082
vt 0.037869 0.930187
vt 0.039799 0.927409
vt 0.031037 0.934285
vt 0.027002 0.901988
vt 0.033785 0.914546
vt 0.048561 0.941878
vt 0.046010 0.943155
vt 0.055617 0.951793
vt 0.053212 0.953708
vt 0.061389 0.941695
vt 0.020414 0.888093
vt 0.064429 0.961908
vt 0.062616 0.963688
vt 0.074323 0.971542
vt 0.073018 0.973519
vt 0.087731 0.981524
vt 0.086103 0.983970
vt 0.099282 0.988452
vt 0.098287 0.990799
vt 0.111756 0.994295
vt 0.111105 0.997092
vt 0.094829 0.998166
vt 0.091935 0.971497
vt 0.050415 0.923089
vt 0.062865 0.940469
vt 0.070397 0.951650
vt 0.096601 0.911418
vt 0.088987 0.910126
vt 0.106151 0.909214
vt 0.121549 0.909887
vt 0.118430 0.900523
vt 0.124077 0.907069
vt 0.118514 0.894700
vt 0.134348 0.915113
vt 0.080024 0.963063
vt 0.089682 0.971172
vt 0.131607 0.919053
vt 0.145007 0.919327
vt 0.143809 0.985377
vt 0.158253 0.983331
vt 0.144184 0.987432
vt 0.158717 0.984950
vt 0.129399 0.987841
vt 0.152747 0.997650
vt 0.138836 0.999306
vt 0.115154 0.986384
vt 0.124656 0.999587
vt 0.166506 0.994738
vt 0.172176 0.979509
vt 0.184277 0.973502
vt 0.195604 0.965388
vt 0.205637 0.955866
vt 0.214536 0.945540
vt 0.152290 0.918587
vt 0.196964 0.966891
vt 0.162091 0.915044
vt 0.222256 0.934556
vt 0.169893 0.910448
vt 0.174724 0.905166
vt 0.228523 0.922360
vt 0.224131 0.935660
vt 0.233605 0.909488
vt 0.236260 0.895992
vt 0.236764 0.882378
vt 0.234790 0.868253
vt 0.238672 0.882323
vt 0.230718 0.854688
vt 0.177825 0.898336
vt 0.180001 0.890375
vt 0.180087 0.881386
vt 0.176775 0.873157
vt 0.225150 0.841642
vt 0.170618 0.863354
vt 0.217437 0.830025
vt 0.208051 0.819973
vt 0.219133 0.828740
vt 0.197490 0.811591
vt 0.185210 0.804840
vt 0.198536 0.809981
vt 0.159843 0.856076
vt 0.171965 0.800261
vt 0.153894 0.841156
vt 0.150745 0.854479
vt 0.152214 0.834675
vt 0.147924 0.827829
vt 0.146780 0.796477
vt 0.209714 0.818468
vt 0.186203 0.803198
vt 0.186131 0.975503
vt 0.216747 0.946672
vt 0.232603 0.854387
vt 0.235932 0.910099
vt 0.227170 0.840527
vt 0.238700 0.896286
vt 0.236972 0.867978
vt 0.231005 0.923443
vt 0.129475 0.985581
vt 0.053873 0.920512
vt 0.204380 0.975151
vt 0.215227 0.964799
vt 0.192958 0.983855
vt 0.172844 0.798550
vt 0.147270 0.794864
vt 0.147148 0.782411
vt 0.128167 0.798079
vt 0.161972 0.783454
vt 0.173316 0.786088
vt 0.133949 0.783838
vt 0.119353 0.787950
vt 0.111815 0.803788
vt 0.112288 0.806126
vt 0.096430 0.812951
vt 0.106094 0.793427
vt 0.127677 0.798676
vt 0.013858 0.873959
vt 0.026357 0.872519
vt 0.009597 0.858988
vt 0.021636 0.857786
vt 0.006799 0.840024
vt 0.019244 0.842207
vt 0.019248 0.833305
vt 0.006576 0.833084
vt 0.003305 0.833445
vt 0.000677 0.809211
vt 0.003961 0.807104
vt 0.018381 0.827642
vt 0.006452 0.859304
vt 0.000410 0.796668
vt 0.003615 0.795918
vt 0.001518 0.782411
vt 0.033380 0.886812
vt 0.251229 0.885516
vt 0.233858 0.941390
vt 0.225771 0.953341
vt 0.217434 0.809560
vt 0.208179 0.802397
vt 0.196806 0.795027
vt 0.249916 0.899850
vt 0.247150 0.857094
vt 0.102939 0.981067
vt 0.104245 0.979009
vt 0.240577 0.928282
vt 0.227303 0.819257
vt 0.185235 0.789984
vt 0.246396 0.914642
vt 0.069819 0.952927
vt 0.250162 0.871064
vt 0.235491 0.830484
vt 0.146775 0.797773
vt 0.003465 0.840743
vt 0.242554 0.843717
vt 0.179225 0.989489
vt 0.015946 0.802514
vt 0.115475 0.984821
vt 0.042136 0.902554
vt 0.172640 0.981924
vt 0.207014 0.958323
vt 0.256967 0.922791
vt 0.254508 0.921895
vt 0.256967 0.902973
vt 0.068721 0.004870
vt 0.053689 0.003022
vt 0.068143 0.016102
vt 0.068765 0.002890
vt 0.081557 0.004325
vt 0.081500 0.003022
vt 0.931557 0.879026
vt 0.902869 0.879026
vt 0.918442 0.885632
vt 0.729918 0.658547
vt 0.710246 0.658547
vt 0.717889 0.667630
vt 0.170082 0.184558
vt 0.158607 0.169535
vt 0.170082 0.168869
vt 0.757787 0.650447
vt 0.745475 0.651115
vt 0.757787 0.632122
vt 0.745087 0.637654
vt 0.742213 0.650991
vt 0.902678 0.137276
vt 0.888631 0.140259
vt 0.888115 0.138442
vt 0.916803 0.201899
vt 0.916803 0.135838
vt 0.168443 0.254501
vt 0.161367 0.246154
vt 0.158607 0.249543
vt 0.165567 0.257225
vt 0.168443 0.248721
vt 0.165566 0.245665
vt 0.161254 0.256903
vt 0.158838 0.253763
vt 0.533565 0.808180
vt 0.536453 0.808836
vt 0.536851 0.800578
vt 0.538858 0.802842
vt 0.533806 0.800578
vt 0.531557 0.805915
vt 0.538934 0.806900
vt 0.531807 0.802623
vt 0.500148 0.150587
vt 0.500353 0.154477
vt 0.495835 0.155002
vt 0.495492 0.149464
vt 0.501230 0.147860
vt 0.496807 0.145747
vt 0.497105 0.158960
vt 0.501230 0.157377
vt 0.361885 0.499548
vt 0.366035 0.495370
vt 0.363135 0.495045
vt 0.366084 0.500000
vt 0.368760 0.495045
vt 0.370082 0.499032
vt 0.008882 0.920605
vt 0.009049 0.917507
vt 0.004508 0.916582
vt 0.004523 0.920965
vt 0.010246 0.923253
vt 0.005589 0.924443
vt 0.005961 0.912882
vt 0.010246 0.915092
vt 0.937739 0.432287
vt 0.942213 0.503467
vt 0.936916 0.504072
vt 0.929981 0.433240
vt 0.929918 0.504129
vt 0.942213 0.433515
vt 0.929906 0.741949
vt 0.930339 0.670107
vt 0.925000 0.670618
vt 0.925037 0.740587
vt 0.937295 0.740546
vt 0.937295 0.670109
vt 0.345677 0.195268
vt 0.415984 0.191164
vt 0.415746 0.195293
vt 0.345492 0.191164
vt 0.014344 0.725195
vt 0.010246 0.655438
vt 0.014344 0.655244
vt 0.010331 0.725434
vt 0.125588 0.570292
vt 0.120902 0.570843
vt 0.121134 0.564134
vt 0.125820 0.563584
vt 0.125820 0.575400
vt 0.121910 0.575970
vt 0.964837 0.833031
vt 0.957126 0.832783
vt 0.964361 0.837737
vt 0.956967 0.837129
vt 0.969162 0.836411
vt 0.969262 0.832783
vt 0.690321 0.310900
vt 0.686192 0.310695
vt 0.686677 0.301068
vt 0.683601 0.303543
vt 0.683197 0.307619
vt 0.690603 0.300991
vt 0.693033 0.307823
vt 0.693033 0.304016
vt 0.410246 0.353490
vt 0.415164 0.350821
vt 0.414534 0.353542
vt 0.410661 0.349711
vt 0.410703 0.357143
vt 0.415164 0.356012
vt 0.409469 0.068951
vt 0.411443 0.065290
vt 0.406083 0.066338
vt 0.409349 0.064001
vt 0.404508 0.062389
vt 0.408349 0.061684
vt 0.404782 0.058216
vt 0.408938 0.059151
vt 0.411532 0.058216
vt 0.414301 0.059539
vt 0.415164 0.061817
vt 0.413941 0.064405
vt 0.582656 0.515136
vt 0.582377 0.511246
vt 0.586385 0.511663
vt 0.586646 0.514594
vt 0.583618 0.518993
vt 0.587295 0.516887
vt 0.587295 0.509295
vt 0.583396 0.507432
vt 0.860246 0.407967
vt 0.872541 0.406603
vt 0.872541 0.411775
vt 0.868710 0.415772
vt 0.863263 0.415725
vt 0.863058 0.403359
vt 0.868511 0.402560
vt 0.860251 0.412293
vt 0.461391 0.157308
vt 0.456133 0.161220
vt 0.459807 0.160464
vt 0.455680 0.157308
vt 0.466214 0.160402
vt 0.462500 0.162040
vt 0.467623 0.165179
vt 0.463943 0.164813
vt 0.459819 0.169535
vt 0.455976 0.168802
vt 0.454508 0.164631
vt 0.462548 0.167431
vt 0.465858 0.169977
vt 0.461140 0.173823
vt 0.454776 0.173759
vt 0.391376 0.207680
vt 0.392213 0.211567
vt 0.387991 0.208209
vt 0.387615 0.212634
vt 0.384085 0.207680
vt 0.382377 0.211833
vt 0.258223 0.932700
vt 0.261962 0.932700
vt 0.261538 0.942609
vt 0.255381 0.935635
vt 0.257798 0.942609
vt 0.264690 0.940227
vt 0.265164 0.935878
vt 0.255328 0.939769
vt 0.540404 0.994120
vt 0.541393 0.996572
vt 0.537474 0.998761
vt 0.535830 0.994897
vt 0.540003 0.991532
vt 0.535656 0.990725
vt 0.541393 0.989051
vt 0.537271 0.987201
vt 0.557673 0.008344
vt 0.560258 0.009342
vt 0.562168 0.006553
vt 0.557846 0.004542
vt 0.554970 0.008956
vt 0.553689 0.004542
vt 0.565164 0.010066
vt 0.561453 0.011943
vt 0.559804 0.014602
vt 0.553938 0.011525
vt 0.557377 0.015277
vt 0.554624 0.014207
vt 0.526639 0.009233
vt 0.530539 0.005929
vt 0.528378 0.005367
vt 0.530257 0.009496
vt 0.533311 0.005367
vt 0.534016 0.009238
vt 0.295492 0.021057
vt 0.295492 0.021883
vt 0.294672 0.021057
vt 0.312705 0.583402
vt 0.313525 0.584228
vt 0.312705 0.584228
vt 0.313525 0.583402
vt 0.665984 0.023121
vt 0.666803 0.023534
vt 0.666803 0.022708
vt 0.277459 0.023947
vt 0.278573 0.023534
vt 0.279098 0.023947
vt 0.278573 0.024360
vt 0.436475 0.439306
vt 0.436066 0.439719
vt 0.436066 0.438893
vt 0.435656 0.439306
vt 0.618443 0.683924
vt 0.619262 0.683924
vt 0.618852 0.684971
vt 0.618852 0.683320
vt 0.928279 0.561328
vt 0.929098 0.561328
vt 0.928689 0.560281
vt 0.928689 0.561932
vt 0.013115 0.637077
vt 0.013525 0.637903
vt 0.012705 0.637903
vt 0.211066 0.037572
vt 0.211066 0.036747
vt 0.210246 0.037159
vt 0.925000 0.533856
vt 0.925820 0.534682
vt 0.925000 0.534682
vt 0.861885 0.480182
vt 0.861066 0.479356
vt 0.861066 0.480182
vt 0.861885 0.479356
vt 0.017623 0.125929
vt 0.017623 0.125103
vt 0.018443 0.125103
vt 0.087705 0.810487
vt 0.087705 0.808836
vt 0.088115 0.809365
vt 0.087295 0.809365
vt 0.784836 0.579686
vt 0.785246 0.580099
vt 0.785246 0.579273
vt 0.785656 0.579686
vt 0.834016 0.116020
vt 0.834836 0.116846
vt 0.834016 0.116846
vt 0.834836 0.116020
vt 0.157787 0.911230
vt 0.156967 0.910405
vt 0.156967 0.911230
vt 0.754508 0.037572
vt 0.753689 0.037022
vt 0.753689 0.037572
vt 0.754508 0.037022
vt 0.753689 0.036471
vt 0.754508 0.036471
vt 0.753689 0.035921
vt 0.002213 0.034269
vt 0.002049 0.033443
vt 0.002541 0.033168
vt 0.002705 0.033994
vt 0.003197 0.033719
vt 0.003033 0.032893
vt 0.003689 0.033443
vt 0.003525 0.032618
vt 0.547464 0.949704
vt 0.547619 0.950193
vt 0.546621 0.950344
vt 0.547309 0.949216
vt 0.546466 0.949856
vt 0.546311 0.949367
vt 0.547309 0.950867
vt 0.547951 0.950637
vt 0.225000 0.463666
vt 0.225820 0.464492
vt 0.225000 0.464492
vt 0.508607 0.141618
vt 0.507787 0.141068
vt 0.507787 0.141618
vt 0.508607 0.141068
vt 0.507787 0.140518
vt 0.508607 0.140518
vt 0.507787 0.139967
vt 0.290574 0.067135
vt 0.291393 0.067300
vt 0.291667 0.066804
vt 0.290847 0.066639
vt 0.291120 0.066144
vt 0.291940 0.066309
vt 0.291393 0.065648
vt 0.292213 0.065813
vt 0.941726 0.421215
vt 0.941881 0.421704
vt 0.940883 0.421855
vt 0.941572 0.420727
vt 0.940728 0.421367
vt 0.940574 0.420878
vt 0.941572 0.422378
vt 0.942213 0.422148
vt 0.985656 0.973163
vt 0.984836 0.973988
vt 0.984836 0.973163
vt 0.251229 0.800991
vt 0.251639 0.801404
vt 0.251639 0.800578
vt 0.252049 0.800991
vt 0.850410 0.696532
vt 0.849590 0.695706
vt 0.849590 0.696532
vt 0.850410 0.695706
vt 0.291393 0.442197
vt 0.292213 0.443022
vt 0.291393 0.443022
vt 0.000000 1.000000
vt 0.000000 1.000000
vt 0.000000 1.000000
vt 0.159426 0.185054
vt 0.160246 0.185384
vt 0.159836 0.184393
vt 0.160656 0.184723
vt 0.160246 0.183732
vt 0.161066 0.184063
vt 0.475000 0.017754
vt 0.474180 0.016928
vt 0.474180 0.017754
vt 0.475000 0.016928
vt 0.915984 0.007019
vt 0.916803 0.007845
vt 0.915984 0.007845
vt 0.916803 0.007019
vt 0.451230 0.143270
vt 0.452049 0.142444
vt 0.452869 0.143270
vt 0.625820 0.049133
vt 0.625820 0.049959
vt 0.625000 0.049133
vt 0.612295 0.339802
vt 0.612705 0.340628
vt 0.611885 0.340628
vt 0.832377 0.812139
vt 0.833197 0.812139
vt 0.832787 0.812964
vt 0.490984 0.266309
vt 0.490574 0.265483
vt 0.491393 0.265483
vt 0.738388 0.568538
vt 0.738661 0.567878
vt 0.738115 0.567548
vt 0.738388 0.566887
vt 0.738934 0.567217
vt 0.872541 0.703138
vt 0.871721 0.702312
vt 0.871721 0.703138
vt 0.872541 0.702312
vt 0.369262 0.177952
vt 0.370082 0.177952
vt 0.370082 0.177126
vt 0.815164 0.247316
vt 0.814344 0.246490
vt 0.814344 0.247316
vt 0.571721 0.803881
vt 0.571721 0.804707
vt 0.570902 0.803881
vt 0.294672 0.335673
vt 0.295492 0.336499
vt 0.294672 0.336499
vt 0.295492 0.335673
vt 0.067213 0.244839
vt 0.066803 0.244013
vt 0.067623 0.244013
vt 0.102869 0.075970
vt 0.103983 0.075557
vt 0.104508 0.075970
vt 0.103983 0.076383
vt 0.728279 0.001239
vt 0.729098 0.002064
vt 0.728279 0.002064
vt 0.781557 0.585054
vt 0.780738 0.585879
vt 0.781557 0.585879
vt 0.780738 0.585054
vt 0.267686 0.284476
vt 0.267623 0.283650
vt 0.268191 0.284372
vt 0.268127 0.283547
vt 0.268695 0.284269
vt 0.268632 0.283443
vt 0.269199 0.284166
vt 0.269136 0.283340
vt 0.269704 0.284063
vt 0.269641 0.283237
vt 0.270208 0.283960
vt 0.270145 0.283134
vt 0.270713 0.283856
vt 0.270650 0.283031
vt 0.271217 0.283753
vt 0.271154 0.282927
vt 0.271721 0.283650
vt 0.271658 0.282824
vt 0.842276 0.727085
vt 0.842213 0.726259
vt 0.842781 0.726982
vt 0.842718 0.726156
vt 0.843285 0.726879
vt 0.843222 0.726053
vt 0.843790 0.726775
vt 0.843727 0.725950
vt 0.844294 0.726672
vt 0.844231 0.725846
vt 0.844798 0.726569
vt 0.844735 0.725743
vt 0.845303 0.726466
vt 0.845240 0.725640
vt 0.845807 0.726363
vt 0.845744 0.725537
vt 0.846311 0.726259
vt 0.846248 0.725434
vt 0.008607 0.476879
vt 0.008607 0.476362
vt 0.007787 0.476362
vt 0.007787 0.476879
vt 0.007787 0.475846
vt 0.008607 0.475846
vt 0.007787 0.475330
vt 0.008607 0.475330
vt 0.007787 0.474814
vt 0.008607 0.474814
vt 0.007787 0.474298
vt 0.008607 0.474298
vt 0.007787 0.473782
vt 0.008607 0.473782
vt 0.007787 0.473266
vt 0.008607 0.473266
vt 0.007787 0.472750
vt 0.008607 0.472750
vt 0.493033 0.081338
vt 0.493033 0.080822
vt 0.492213 0.080822
vt 0.492213 0.081338
vt 0.492213 0.080305
vt 0.493033 0.080305
vt 0.492213 0.079789
vt 0.493033 0.079789
vt 0.492213 0.079273
vt 0.493033 0.079273
vt 0.492213 0.078757
vt 0.493033 0.078757
vt 0.492213 0.078241
vt 0.493033 0.078241
vt 0.492213 0.077725
vt 0.493033 0.077725
vt 0.492213 0.077209
vt 0.493033 0.077209
vt 0.317623 0.654418
vt 0.317623 0.653592
vt 0.318443 0.653592
vt 0.318443 0.654418
vt 0.000000 1.000000
vt 0.000000 1.000000
vt 0.000000 1.000000
vt 0.597951 0.615194
vt 0.598361 0.615607
vt 0.598361 0.614781
vt 0.598770 0.615194
vt 0.585656 0.269612
vt 0.584836 0.268786
vt 0.584836 0.269612
vt 0.585656 0.268786
vt 0.488115 0.009496
vt 0.487295 0.010322
vt 0.486475 0.009496
vt 0.000000 1.000000
vt 0.000000 1.000000
vt 0.000000 1.000000
vt 0.028279 0.054501
vt 0.028689 0.054913
vt 0.028689 0.054088
vt 0.029098 0.054500
vt 0.929918 0.425681
vt 0.929098 0.424855
vt 0.929098 0.425681
vt 0.929918 0.424855
vt 0.531967 0.280347
vt 0.531557 0.279934
vt 0.532377 0.279934
vt 0.531967 0.279521
vt 0.488115 0.129232
vt 0.488934 0.130058
vt 0.488115 0.130058
vt 0.488934 0.129232
vt 0.675000 0.176797
vt 0.675000 0.181623
vt 0.685656 0.177617
vt 0.685656 0.182442
vt 0.682883 0.173973
vt 0.678201 0.173823
vt 0.682522 0.185384
vt 0.677503 0.185380
vt 0.276033 0.045830
vt 0.273262 0.037625
vt 0.276508 0.037572
vt 0.279098 0.043983
vt 0.279098 0.039941
vt 0.272673 0.045602
vt 0.270338 0.039825
vt 0.270082 0.043233
vt 0.971721 0.128133
vt 0.971353 0.131246
vt 0.966803 0.131403
vt 0.967576 0.126755
vt 0.967668 0.135838
vt 0.971721 0.134707
vt 0.728496 0.953344
vt 0.724648 0.954037
vt 0.724992 0.958299
vt 0.729918 0.957640
vt 0.720902 0.958075
vt 0.721551 0.953344
vt 0.956148 0.055337
vt 0.961066 0.052302
vt 0.960957 0.055336
vt 0.956572 0.050784
vt 0.956780 0.059868
vt 0.961066 0.058860
vt 0.696070 0.738646
vt 0.692425 0.733691
vt 0.695675 0.734384
vt 0.691393 0.737880
vt 0.700410 0.738190
vt 0.698909 0.733691
vt 0.298361 0.464492
vt 0.297951 0.464079
vt 0.298770 0.464079
vt 0.298361 0.463666
vt 0.138115 0.565235
vt 0.138934 0.566061
vt 0.138115 0.566061
vt 0.138934 0.565235
vt 0.879098 0.029728
vt 0.879508 0.030140
vt 0.879508 0.029315
vt 0.879918 0.029728
vt 0.875820 0.765896
vt 0.876639 0.766722
vt 0.875820 0.766722
vt 0.876639 0.765896
vt 0.010246 0.100330
vt 0.011066 0.101156
vt 0.010246 0.101156
vt 0.131557 0.222130
vt 0.131967 0.222543
vt 0.131967 0.221718
vt 0.132377 0.222130
vt 0.965984 0.829480
vt 0.966803 0.830306
vt 0.965984 0.830306
vt 0.966803 0.829480
vt 0.397131 0.375310
vt 0.396311 0.374484
vt 0.396311 0.375310
vt 0.600410 0.826177
vt 0.599590 0.827002
vt 0.599590 0.826177
vt 0.600410 0.827002
vt 0.261066 0.167128
vt 0.261885 0.167217
vt 0.261202 0.166592
vt 0.262022 0.166681
vt 0.261339 0.166057
vt 0.262158 0.166146
vt 0.261475 0.165521
vt 0.262295 0.165610
vt 0.261612 0.164985
vt 0.262432 0.165075
vt 0.261749 0.164450
vt 0.262568 0.164539
vt 0.261885 0.163914
vt 0.262705 0.164003
vt 0.831557 0.039134
vt 0.832377 0.039224
vt 0.831694 0.038599
vt 0.832514 0.038688
vt 0.831831 0.038063
vt 0.832650 0.038153
vt 0.831967 0.037528
vt 0.832787 0.037617
vt 0.832104 0.036992
vt 0.832924 0.037081
vt 0.832240 0.036456
vt 0.833060 0.036546
vt 0.832377 0.035921
vt 0.833197 0.036010
vt 0.979098 0.500826
vt 0.979645 0.500826
vt 0.979645 0.501652
vt 0.979098 0.501652
vt 0.980191 0.501652
vt 0.980191 0.500826
vt 0.980738 0.501652
vt 0.980738 0.500826
vt 0.981284 0.501652
vt 0.981284 0.500826
vt 0.981831 0.501652
vt 0.981831 0.500826
vt 0.982377 0.501652
vt 0.982377 0.500826
vt 0.077459 0.543765
vt 0.078006 0.543765
vt 0.078006 0.544591
vt 0.077459 0.544591
vt 0.078552 0.544591
vt 0.078552 0.543765
vt 0.079098 0.544591
vt 0.079098 0.543765
vt 0.079645 0.544591
vt 0.079645 0.543765
vt 0.080191 0.544591
vt 0.080191 0.543765
vt 0.080738 0.544591
vt 0.080738 0.543765
vt 0.056967 0.533856
vt 0.056967 0.533031
vt 0.057787 0.533031
vt 0.057787 0.533856
vt 0.788934 0.718414
vt 0.789344 0.718827
vt 0.789344 0.718002
vt 0.789754 0.718415
vt 0.365164 0.351363
vt 0.365984 0.352188
vt 0.365164 0.352188
vt 0.365984 0.351363
vt 0.993852 0.934764
vt 0.994262 0.935178
vt 0.994262 0.934352
vt 0.994672 0.934765
vt 0.750410 0.757638
vt 0.749590 0.756813
vt 0.749590 0.757638
vt 0.750410 0.756813
vt 0.659426 0.024773
vt 0.659836 0.025186
vt 0.659836 0.024360
vt 0.660246 0.024773
vt 0.948770 0.300165
vt 0.949590 0.300991
vt 0.948770 0.300991
vt 0.949590 0.300165
vt 0.501230 0.505780
vt 0.500410 0.504955
vt 0.500410 0.505780
vt 0.788115 0.822543
vt 0.788934 0.822874
vt 0.788525 0.821883
vt 0.788934 0.821222
vt 0.789344 0.822213
vt 0.789754 0.821552
vt 0.529918 0.033443
vt 0.529098 0.032618
vt 0.529098 0.033443
vt 0.529918 0.032618
vt 0.529098 0.031792
vt 0.529918 0.031792
vt 0.896311 0.175062
vt 0.895492 0.174649
vt 0.895492 0.175475
vt 0.476639 0.353840
vt 0.476639 0.353014
vt 0.475820 0.353014
vt 0.148361 0.207680
vt 0.147951 0.207267
vt 0.148770 0.207267
vt 0.148361 0.206854
vt 0.042213 0.356317
vt 0.043033 0.357143
vt 0.042213 0.357143
vt 0.043033 0.356317
vt 0.234836 0.814616
vt 0.235656 0.815442
vt 0.234836 0.815442
vt 0.399181 0.065648
vt 0.398770 0.065235
vt 0.399590 0.065235
vt 0.399180 0.064822
vt 0.429918 0.355491
vt 0.430738 0.356317
vt 0.429918 0.356317
vt 0.430738 0.355491
vt 0.891393 0.248142
vt 0.892213 0.248142
vt 0.892213 0.248968
vt 0.000000 1.000000
vt 0.000000 1.000000
vt 0.000000 1.000000
vt 0.862978 0.392651
vt 0.862432 0.393064
vt 0.863525 0.393064
vt 0.862978 0.393476
vt 0.861885 0.393476
vt 0.154098 0.335673
vt 0.153689 0.335122
vt 0.154508 0.335122
vt 0.153689 0.334021
vt 0.919672 0.930223
vt 0.919262 0.929810
vt 0.920082 0.929810
vt 0.919672 0.929397
vt 0.586475 0.612304
vt 0.585656 0.611478
vt 0.585656 0.612304
vt 0.586475 0.611478
vt 0.001639 0.447977
vt 0.001230 0.447564
vt 0.002049 0.447564
vt 0.001640 0.447151
vt 0.839754 0.810487
vt 0.840574 0.811313
vt 0.839754 0.811313
vt 0.840574 0.810487
vt 0.985246 0.423204
vt 0.984836 0.422791
vt 0.985656 0.422791
vt 0.985246 0.422378
vt 0.712705 0.587531
vt 0.711885 0.586705
vt 0.711885 0.587531
vt 0.712705 0.586705
vt 0.908607 0.297275
vt 0.909016 0.297688
vt 0.909016 0.296862
vt 0.909426 0.297275
vt 0.908607 0.802230
vt 0.909426 0.803055
vt 0.908607 0.803055
vt 0.909426 0.802230
vt 0.113525 0.070603
vt 0.114344 0.071429
vt 0.113525 0.071429
vt 0.114344 0.072254
vt 0.622541 0.478530
vt 0.621994 0.479356
vt 0.620902 0.479356
vt 0.621448 0.478530
vt 0.057787 0.487614
vt 0.057787 0.488439
vt 0.056967 0.487614
vt 0.000000 1.000000
vt 0.000000 1.000000
vt 0.000000 1.000000
vt 0.544126 0.007019
vt 0.543579 0.007432
vt 0.544672 0.007432
vt 0.544126 0.007845
vt 0.543033 0.007845
vt 0.060792 0.314203
vt 0.060246 0.314616
vt 0.060792 0.315029
vt 0.061885 0.315029
vt 0.895492 0.905450
vt 0.896311 0.905450
vt 0.896311 0.904624
vt 0.755328 0.499174
vt 0.756967 0.500000
vt 0.755874 0.500000
vt 0.756421 0.499174
vt 0.433197 0.010322
vt 0.432377 0.010322
vt 0.433197 0.011148
vt 0.101230 0.466557
vt 0.100819 0.466969
vt 0.100820 0.466144
vt 0.100410 0.466557
vt 0.150000 0.260529
vt 0.150410 0.260941
vt 0.150000 0.261354
vt 0.149590 0.260941
vt 0.000000 1.000000
vt 0.000000 1.000000
vt 0.000000 1.000000
vt 0.000000 1.000000
vt 0.000000 1.000000
vt 0.000000 1.000000
vt 0.908607 0.007019
vt 0.907951 0.007432
vt 0.908279 0.006193
vt 0.907623 0.006606
vt 0.907295 0.007845
vt 0.906967 0.007019
vt 0.593033 0.367878
vt 0.593852 0.366226
vt 0.593852 0.367878
vt 0.593033 0.366226
vt 0.000000 1.000000
vt 0.000000 1.000000
vt 0.000000 1.000000
vt 0.000000 1.000000
vt 0.000000 1.000000
vt 0.000000 1.000000
vt 0.000000 1.000000
vt 0.000000 1.000000
vt 0.000000 1.000000
vt 0.000000 1.000000
vt 0.000000 1.000000
vt 0.000000 1.000000
vt 0.000000 1.000000
vt 0.000000 1.000000
vt 0.000000 1.000000
vt 0.000000 1.000000
vt 0.000000 1.000000
vt 0.000000 1.000000
vt 0.000000 1.000000
vt 0.000000 1.000000
vt 0.260246 0.182081
vt 0.259706 0.182173
vt 0.260186 0.181255
vt 0.259646 0.181347
vt 0.259166 0.182264
vt 0.259106 0.181439
vt 0.258627 0.182356
vt 0.258567 0.181530
vt 0.258087 0.182448
vt 0.258027 0.181622
vt 0.257547 0.182540
vt 0.257487 0.181714
vt 0.257007 0.182631
vt 0.256947 0.181806
vt 0.256467 0.182723
vt 0.256407 0.181897
vt 0.255928 0.182815
vt 0.255868 0.181989
vt 0.255388 0.182907
vt 0.255328 0.182081
vt 0.223361 0.969034
vt 0.222541 0.970355
vt 0.223361 0.970685
vt 0.542213 0.659372
vt 0.542213 0.657721
vt 0.543033 0.657721
vt 0.262705 0.827828
vt 0.263525 0.828654
vt 0.262705 0.828654
vt 0.263525 0.829480
vt 0.188115 0.457473
vt 0.188525 0.457886
vt 0.188525 0.457060
vt 0.188934 0.457473
vt 0.782377 0.925268
vt 0.783197 0.926094
vt 0.782377 0.926094
vt 0.783197 0.925268
vt 0.358607 0.172998
vt 0.359426 0.172172
vt 0.358607 0.171346
vt 0.170082 0.378613
vt 0.170082 0.377787
vt 0.169262 0.377787
vt 0.898771 0.133636
vt 0.897951 0.132535
vt 0.897951 0.134187
vt 0.427732 0.190339
vt 0.428005 0.189678
vt 0.427459 0.189348
vt 0.427732 0.188687
vt 0.428279 0.189017
vt 0.802869 0.785714
vt 0.803689 0.786540
vt 0.802869 0.786540
vt 0.803689 0.785714
vt 0.000000 1.000000
vt 0.000000 1.000000
vt 0.000000 1.000000
vt 0.546311 0.067300
vt 0.545219 0.067300
vt 0.545765 0.067713
vt 0.544672 0.067713
vt 0.545219 0.068125
vt 0.670082 0.209882
vt 0.670082 0.210983
vt 0.669262 0.209882
vt 0.669672 0.209331
vt 0.935336 0.001702
vt 0.939853 0.001239
vt 0.939295 0.011974
vt 0.934956 0.011823
vt 0.932377 0.008645
vt 0.932577 0.004119
vt 0.943033 0.004120
vt 0.943033 0.009101
vt 0.991748 0.558670
vt 0.992168 0.562054
vt 0.987595 0.562727
vt 0.987295 0.558043
vt 0.989107 0.566887
vt 0.993033 0.564949
vt 0.993033 0.556128
vt 0.989602 0.553675
vt 0.980539 0.012035
vt 0.985080 0.014836
vt 0.982460 0.015401
vt 0.985163 0.011148
vt 0.987854 0.015727
vt 0.988934 0.011641
vt 0.977459 0.015149
vt 0.980731 0.017804
vt 0.988934 0.018425
vt 0.987859 0.021274
vt 0.981730 0.020461
vt 0.984878 0.021883
vt 0.794912 0.410818
vt 0.798007 0.405863
vt 0.795096 0.406571
vt 0.798770 0.410087
vt 0.790574 0.409777
vt 0.792371 0.405863
vt 0.340574 0.096502
vt 0.332377 0.099204
vt 0.332377 0.095809
vt 0.340574 0.099897
vt 0.334462 0.101903
vt 0.338279 0.093933
vt 0.334887 0.093724
vt 0.338064 0.101982
vt 0.734836 0.978851
vt 0.734836 0.974174
vt 0.723602 0.978757
vt 0.732057 0.970698
vt 0.726380 0.982233
vt 0.727367 0.970685
vt 0.731071 0.982246
vt 0.723361 0.973637
vt 0.852573 0.734277
vt 0.847951 0.734314
vt 0.852869 0.737508
vt 0.848524 0.738646
vt 0.848432 0.729562
vt 0.852869 0.730970
vt 0.049560 0.964093
vt 0.045782 0.968208
vt 0.049243 0.968026
vt 0.044672 0.964079
vt 0.053689 0.964079
vt 0.052313 0.968058
vt 0.907787 0.045006
vt 0.907135 0.041592
vt 0.902869 0.041994
vt 0.903580 0.046656
vt 0.903669 0.037572
vt 0.907787 0.038304
vt 0.161885 0.234293
vt 0.160711 0.229975
vt 0.157667 0.234930
vt 0.157552 0.230521
vt 0.152869 0.234506
vt 0.154205 0.229975
vt 0.000000 1.000000
vt 0.000000 1.000000
vt 0.000000 1.000000
vt 0.643852 0.263419
vt 0.644262 0.263832
vt 0.644262 0.263006
vt 0.644672 0.263418
vt 0.113525 0.948803
vt 0.113115 0.948390
vt 0.112705 0.948802
vt 0.113115 0.949216
vt 0.471721 0.264657
vt 0.470902 0.263832
vt 0.472541 0.263832
vt 0.000000 1.000000
vt 0.000000 1.000000
vt 0.000000 1.000000
vt 0.000000 1.000000
vt 0.929918 0.054583
vt 0.930738 0.054913
vt 0.930328 0.053922
vt 0.931148 0.054253
vt 0.930738 0.053262
vt 0.931557 0.053592
vt 0.834016 0.030140
vt 0.834836 0.030966
vt 0.834016 0.030966
vt 0.834836 0.030140
vt 0.978279 0.518167
vt 0.977459 0.518993
vt 0.978279 0.519818
vt 0.247131 0.998761
vt 0.246311 0.997936
vt 0.246311 0.998761
vt 0.247131 0.997936
vt 0.000000 1.000000
vt 0.000000 1.000000
vt 0.000000 1.000000
vt 0.926230 0.177126
vt 0.925820 0.176713
vt 0.926639 0.176713
vt 0.926230 0.176301
vt 0.822541 0.901734
vt 0.822131 0.901321
vt 0.821721 0.901734
vt 0.822131 0.902147
vt 0.595492 0.590834
vt 0.596311 0.591660
vt 0.596311 0.590008
vt 0.907377 0.575970
vt 0.906967 0.575557
vt 0.907787 0.575557
vt 0.907377 0.575145
vt 0.615984 0.108588
vt 0.615164 0.107762
vt 0.615164 0.108588
vt 0.615984 0.107762
vt 0.185656 0.016515
vt 0.186066 0.016928
vt 0.186066 0.016102
vt 0.186475 0.016515
vt 0.033197 0.876548
vt 0.032377 0.875723
vt 0.032377 0.876548
vt 0.033197 0.875723
vt 0.059426 0.457473
vt 0.059836 0.457886
vt 0.059836 0.457060
vt 0.060246 0.457473
vt 0.613525 0.000413
vt 0.614344 0.001239
vt 0.613525 0.001239
vt 0.614344 0.000413
vt 0.385656 0.367052
vt 0.386475 0.367052
vt 0.386475 0.367878
vt 0.000000 1.000000
vt 0.000000 1.000000
vt 0.000000 1.000000
vt 0.454918 0.442197
vt 0.454508 0.441784
vt 0.455328 0.441784
vt 0.454918 0.441371
vt 0.600410 0.417424
vt 0.601229 0.418249
vt 0.600410 0.418249
vt 0.601229 0.417424
vt 0.270082 0.026837
vt 0.269262 0.026012
vt 0.270902 0.026012
vt 0.000000 1.000000
vt 0.000000 1.000000
vt 0.000000 1.000000
vt 0.694672 0.107432
vt 0.695492 0.107762
vt 0.695082 0.106772
vt 0.695902 0.107102
vt 0.695492 0.106111
vt 0.696311 0.106441
vt 0.811066 0.928571
vt 0.810246 0.927746
vt 0.810246 0.928571
vt 0.811066 0.927746
vt 0.497951 0.940958
vt 0.497131 0.940132
vt 0.497131 0.940958
vt 0.497951 0.940132
vt 0.211885 0.120974
vt 0.211066 0.120149
vt 0.211066 0.121800
vt 0.615574 0.989678
vt 0.615164 0.989265
vt 0.615984 0.989265
vt 0.615574 0.988852
vt 0.869262 0.019405
vt 0.870082 0.020231
vt 0.869262 0.020231
vt 0.870082 0.019405
vt 0.991803 0.683320
vt 0.991393 0.682907
vt 0.992213 0.682907
vt 0.991803 0.682494
vt 0.065984 0.241536
vt 0.065164 0.240710
vt 0.065164 0.241536
vt 0.065984 0.240710
vt 0.812705 0.493807
vt 0.813115 0.494220
vt 0.813115 0.493394
vt 0.813525 0.493807
vt 0.026639 0.784063
vt 0.027459 0.784889
vt 0.026639 0.784889
vt 0.027459 0.784063
vt 0.000000 1.000000
vt 0.000000 1.000000
vt 0.000000 1.000000
vt 0.975820 0.006606
vt 0.976229 0.007019
vt 0.976229 0.006193
vt 0.976639 0.006606
vt 0.547131 0.349711
vt 0.547951 0.350537
vt 0.547131 0.350537
vt 0.547951 0.349711
vt 0.471721 0.817919
vt 0.472541 0.817919
vt 0.471722 0.818745
vt 0.187295 0.008671
vt 0.188115 0.008671
vt 0.187705 0.009496
vt 0.958607 0.169282
vt 0.959016 0.169694
vt 0.959016 0.168869
vt 0.959426 0.169282
vt 0.798770 0.062345
vt 0.797951 0.061519
vt 0.797951 0.062345
vt 0.798770 0.061519
vt 0.934016 0.520644
vt 0.933197 0.519818
vt 0.933197 0.520644
vt 0.584836 0.939719
vt 0.585246 0.940132
vt 0.585246 0.939306
vt 0.585656 0.939719
vt 0.793033 0.403386
vt 0.792213 0.402560
vt 0.792213 0.403386
vt 0.793033 0.402560
vt 0.772869 0.482659
vt 0.772541 0.481833
vt 0.773525 0.482246
vt 0.774180 0.481833
vt 0.773197 0.481420
vt 0.773853 0.481007
vt 0.823361 0.828654
vt 0.824181 0.829480
vt 0.823361 0.829480
vt 0.824181 0.828654
vt 0.825000 0.829480
vt 0.825000 0.828654
vt 0.265574 0.566887
vt 0.265984 0.567713
vt 0.265164 0.567713
vt 0.843852 0.789017
vt 0.843852 0.788192
vt 0.843033 0.788192
vt 0.624590 0.450454
vt 0.624180 0.450041
vt 0.625000 0.450041
vt 0.624590 0.449628
vt 0.590574 0.594963
vt 0.591393 0.595789
vt 0.590574 0.595789
vt 0.591393 0.594963
vt 0.962295 0.016928
vt 0.961885 0.016515
vt 0.962705 0.016515
vt 0.962295 0.016102
vt 0.738115 0.382742
vt 0.738934 0.383567
vt 0.738115 0.383567
vt 0.738934 0.382742
vt 0.007787 0.739884
vt 0.008197 0.740297
vt 0.008197 0.739472
vt 0.008607 0.739884
vt 0.797131 0.264657
vt 0.796311 0.263832
vt 0.796311 0.264657
vt 0.797131 0.263832
vt 0.349590 0.036747
vt 0.348770 0.035921
vt 0.348770 0.036747
vt 0.955738 0.484311
vt 0.955328 0.483898
vt 0.956148 0.483898
vt 0.955738 0.483485
vt 0.012705 0.207680
vt 0.011885 0.206854
vt 0.011885 0.207680
vt 0.012705 0.206854
vt 0.500410 0.196119
vt 0.501230 0.196945
vt 0.500410 0.196945
vt 0.869262 0.694764
vt 0.866737 0.692403
vt 0.861419 0.698264
vt 0.861066 0.694872
vt 0.869228 0.698192
vt 0.866757 0.700625
vt 0.863556 0.700661
vt 0.863221 0.692403
vt 0.071451 0.811842
vt 0.069051 0.812139
vt 0.069565 0.806358
vt 0.067655 0.807703
vt 0.071459 0.806367
vt 0.073361 0.810496
vt 0.073361 0.808097
vt 0.067623 0.810410
vt 0.816012 0.332370
vt 0.813194 0.328241
vt 0.815568 0.328825
vt 0.812705 0.332009
vt 0.819262 0.331880
vt 0.818199 0.328241
vt 0.997131 0.365739
vt 0.996975 0.363873
vt 0.993033 0.363637
vt 0.993603 0.367052
vt 0.993306 0.360446
vt 0.997131 0.361434
vt 0.676639 0.870745
vt 0.679918 0.868072
vt 0.679835 0.870554
vt 0.676743 0.867465
vt 0.676680 0.874071
vt 0.679918 0.872995
vt 0.283781 0.184558
vt 0.286535 0.185048
vt 0.286313 0.188687
vt 0.283197 0.188502
vt 0.289754 0.188033
vt 0.288882 0.184558
vt 0.500038 0.515200
vt 0.505156 0.521470
vt 0.507785 0.519257
vt 0.507787 0.515817
vt 0.499590 0.518488
vt 0.501702 0.521470
vt 0.505539 0.513212
vt 0.502085 0.513212
vt 0.139909 0.217120
vt 0.139464 0.220892
vt 0.137515 0.216763
vt 0.136475 0.220268
vt 0.143033 0.220356
vt 0.142289 0.216763
vt 0.601989 0.124277
vt 0.599597 0.124207
vt 0.602073 0.118497
vt 0.603689 0.120152
vt 0.603689 0.122864
vt 0.599651 0.118727
vt 0.597982 0.122552
vt 0.597951 0.120140
vt 0.199570 0.067300
vt 0.196537 0.063171
vt 0.199185 0.063456
vt 0.196311 0.066724
vt 0.202869 0.066459
vt 0.201586 0.063171
vt 0.171721 0.411203
vt 0.171196 0.413850
vt 0.167623 0.414588
vt 0.167976 0.410818
vt 0.168403 0.417424
vt 0.171721 0.416264
vt 0.201230 0.230892
vt 0.204508 0.228139
vt 0.204260 0.230366
vt 0.201243 0.227498
vt 0.201490 0.234104
vt 0.204508 0.232556
vt 0.800410 0.542302
vt 0.811066 0.545417
vt 0.811066 0.541288
vt 0.800489 0.541831
vt 0.056243 0.570579
vt 0.066803 0.574319
vt 0.056148 0.571359
vt 0.066803 0.570190
vt 0.899590 0.367878
vt 0.897951 0.367986
vt 0.899590 0.378613
vt 0.006148 0.401734
vt 0.006148 0.390999
vt 0.005328 0.401664
vt 0.101230 0.211974
vt 0.100820 0.210983
vt 0.100820 0.212634
vt 0.099590 0.211313
vt 0.774059 0.023528
vt 0.770902 0.012799
vt 0.773394 0.023534
vt 0.775000 0.012799
vt 0.003689 0.065448
vt 0.014344 0.068125
vt 0.014344 0.063997
vt 0.003698 0.065055
vt 0.548770 0.316680
vt 0.550410 0.316680
vt 0.550082 0.327415
vt 0.987295 0.805533
vt 0.997951 0.805533
vt 0.987317 0.806358
vt 0.590574 0.398844
vt 0.592213 0.398844
vt 0.591885 0.400083
vt 0.591229 0.398431
vt 0.945492 0.376961
vt 0.954508 0.376961
vt 0.946321 0.380264
vt 0.623089 0.661164
vt 0.625820 0.661024
vt 0.625820 0.670107
vt 0.622541 0.661555
vt 0.300152 0.532205
vt 0.301230 0.532434
vt 0.300152 0.536334
vt 0.299590 0.532893
vt 0.743852 0.353157
vt 0.744506 0.352927
vt 0.744018 0.353840
vt 0.744672 0.353610
vt 0.744018 0.349711
vt 0.814344 0.400347
vt 0.817623 0.391825
vt 0.817623 0.401734
vt 0.814759 0.400911
vt 0.974753 0.714678
vt 0.977459 0.723782
vt 0.974180 0.715126
vt 0.977459 0.713873
vt 0.902966 0.319158
vt 0.902869 0.318332
vt 0.911885 0.318332
vt 0.051455 0.770025
vt 0.051157 0.768895
vt 0.052049 0.769503
vt 0.051752 0.768373
vt 0.048770 0.769503
vt 0.837295 0.298158
vt 0.848770 0.302642
vt 0.848770 0.293559
vt 0.837662 0.297586
vt 0.001394 0.269445
vt 0.013525 0.268786
vt 0.001230 0.268786
vt 0.010515 0.277044
vt 0.618443 0.229149
vt 0.618443 0.228324
vt 0.606148 0.228736
vt 0.973361 0.968371
vt 0.974076 0.968274
vt 0.973465 0.969034
vt 0.974180 0.968937
vt 0.974076 0.956647
vt 0.261066 0.917836
vt 0.261885 0.917836
vt 0.261884 0.930223
vt 0.216803 0.536334
vt 0.216803 0.523947
vt 0.215984 0.536296
vt 0.885155 0.208505
vt 0.884836 0.207680
vt 0.897131 0.207680
vt 0.983696 0.978117
vt 0.971721 0.977291
vt 0.984016 0.977291
vt 0.178279 0.190339
vt 0.179098 0.190339
vt 0.179098 0.191164
vt 0.178279 0.191164
vt 0.134016 0.138540
vt 0.137295 0.145747
vt 0.136643 0.135934
vt 0.137295 0.135838
vt 0.134347 0.137936
vt 0.720082 0.119323
vt 0.719690 0.120149
vt 0.710246 0.119323
vt 0.098889 0.880633
vt 0.098667 0.881256
vt 0.097951 0.881424
vt 0.097972 0.880614
vt 0.102049 0.888935
vt 0.101575 0.878817
vt 0.102049 0.878200
vt 0.291393 0.596518
vt 0.294730 0.596614
vt 0.294668 0.594963
vt 0.291583 0.595504
vt 0.295405 0.595242
vt 0.295492 0.596518
vt 0.932052 0.244839
vt 0.932737 0.244835
vt 0.917623 0.239059
vt 0.936475 0.239059
vt 0.407305 0.391825
vt 0.402869 0.386045
vt 0.406619 0.391822
vt 0.421721 0.386045
vt 0.098150 0.485962
vt 0.098093 0.485183
vt 0.098770 0.485915
vt 0.098714 0.485136
vt 0.083197 0.485136
vt 0.997951 0.169694
vt 0.997131 0.169865
vt 0.997951 0.176301
vt 0.645610 0.586396
vt 0.647759 0.589114
vt 0.654029 0.582321
vt 0.645492 0.582632
vt 0.647880 0.580099
vt 0.651761 0.580099
vt 0.654508 0.586155
vt 0.652001 0.589182
vt 0.950782 0.169686
vt 0.946562 0.174839
vt 0.948341 0.168882
vt 0.945288 0.172843
vt 0.945862 0.169700
vt 0.949200 0.175475
vt 0.952049 0.171662
vt 0.951221 0.174125
vt 0.948180 0.165566
vt 0.952049 0.166086
vt 0.944672 0.166446
vt 0.671272 0.627168
vt 0.670777 0.623649
vt 0.667435 0.627129
vt 0.668354 0.623793
vt 0.672922 0.623039
vt 0.674180 0.626266
vt 0.664344 0.625899
vt 0.666310 0.623039
vt 0.803946 0.098679
vt 0.806994 0.095187
vt 0.804759 0.095144
vt 0.807785 0.098550
vt 0.809934 0.094550
vt 0.811885 0.097210
vt 0.800410 0.097639
vt 0.802293 0.094550
vt 0.606148 0.575322
vt 0.605328 0.574319
vt 0.605328 0.580099
vt 0.844029 0.128254
vt 0.846048 0.124352
vt 0.843852 0.133405
vt 0.848153 0.122416
vt 0.850410 0.149876
vt 0.850410 0.121800
vt 0.453689 0.351363
vt 0.425820 0.351367
vt 0.453689 0.353014
vt 0.258013 0.121995
vt 0.253558 0.121073
vt 0.257655 0.122595
vt 0.253985 0.120526
vt 0.258675 0.122806
vt 0.258393 0.123452
vt 0.251347 0.119265
vt 0.251843 0.118253
vt 0.262773 0.122595
vt 0.279098 0.116020
vt 0.251229 0.116020
vt 0.005328 0.905450
vt 0.005328 0.902973
vt 0.003689 0.902973
vt 0.003689 0.905450
vt 0.497951 0.133361
vt 0.497951 0.127581
vt 0.497131 0.132494
vt 0.951506 0.978578
vt 0.954889 0.978943
vt 0.955377 0.971516
vt 0.957787 0.973893
vt 0.957787 0.976935
vt 0.952007 0.971511
vt 0.949590 0.973520
vt 0.949590 0.976562
vt 0.996184 0.943435
vt 0.993808 0.939306
vt 0.996132 0.939686
vt 0.993033 0.943107
vt 0.999590 0.942866
vt 0.998403 0.939306
vt 0.303785 0.110001
vt 0.305790 0.109414
vt 0.306967 0.112928
vt 0.303469 0.113542
vt 0.301395 0.109414
vt 0.300410 0.112888
vt 0.493852 0.068402
vt 0.493852 0.070800
vt 0.488115 0.070327
vt 0.489530 0.072254
vt 0.492045 0.072249
vt 0.488506 0.067910
vt 0.492437 0.066474
vt 0.489922 0.066479
vt 0.107383 0.000849
vt 0.109790 0.000413
vt 0.111066 0.003058
vt 0.107946 0.003711
vt 0.105001 0.000413
vt 0.104508 0.003716
vt 0.993033 0.108943
vt 0.989785 0.108588
vt 0.992737 0.111218
vt 0.989754 0.111335
vt 0.993033 0.113589
vt 0.990225 0.114368
vt 0.534016 0.818074
vt 0.525820 0.814868
vt 0.525820 0.818211
vt 0.534016 0.814731
vt 0.531533 0.812139
vt 0.531361 0.820396
vt 0.527902 0.812201
vt 0.528208 0.820195
vt 0.233074 0.799147
vt 0.230380 0.805040
vt 0.233421 0.801325
vt 0.232418 0.803421
vt 0.228134 0.803752
vt 0.230570 0.798101
vt 0.227459 0.801273
vt 0.228416 0.799082
vt 0.234852 0.805452
vt 0.231990 0.808010
vt 0.236475 0.801935
vt 0.236455 0.798101
vt 0.670921 0.167109
vt 0.674687 0.167024
vt 0.670902 0.163607
vt 0.675144 0.164612
vt 0.675820 0.168781
vt 0.671751 0.169694
vt 0.672496 0.160611
vt 0.675820 0.162393
vt 0.172623 0.171334
vt 0.176639 0.169058
vt 0.176334 0.171390
vt 0.173126 0.168043
vt 0.172541 0.174649
vt 0.176639 0.173674
vt 0.714717 0.054088
vt 0.683197 0.052436
vt 0.715164 0.052436
vt 0.376639 0.219240
vt 0.394672 0.219240
vt 0.390388 0.226672
vt 0.996821 0.972570
vt 0.999590 0.984121
vt 0.990574 0.984711
vt 0.996706 0.955489
vt 0.991186 0.948390
vt 0.999590 0.992155
vt 0.569965 0.451787
vt 0.570156 0.469184
vt 0.577459 0.473681
vt 0.570574 0.476879
vt 0.572853 0.444929
vt 0.577459 0.440545
vt 0.569262 0.461757
vt 0.015940 0.094045
vt 0.018443 0.082164
vt 0.006967 0.092175
vt 0.018443 0.101156
vt 0.732334 0.203551
vt 0.732352 0.202218
vt 0.710246 0.199591
vt 0.710589 0.198596
vt 0.728563 0.199627
vt 0.746311 0.198596
vt 0.913525 0.130058
vt 0.913525 0.093724
vt 0.911885 0.113375
vt 0.978852 0.925060
vt 0.978045 0.924355
vt 0.987295 0.916956
vt 0.986538 0.916185
vt 0.974180 0.930986
vt 0.975054 0.931636
vt 0.982355 0.960776
vt 0.975449 0.943419
vt 0.987295 0.953245
vt 0.526177 0.917220
vt 0.525820 0.935831
vt 0.527459 0.936003
vt 0.527459 0.917011
vt 0.502700 0.005665
vt 0.483197 0.004542
vt 0.491004 0.006489
vt 0.490871 0.007845
vt 0.502568 0.007020
vt 0.519262 0.004542
vt 0.808158 0.470142
vt 0.807014 0.470636
vt 0.808165 0.460634
vt 0.806967 0.460245
vt 0.808565 0.478210
vt 0.809858 0.478313
vt 0.809942 0.485962
vt 0.811066 0.485440
vt 0.811066 0.453447
vt 0.809908 0.452931
vt 0.810543 0.342108
vt 0.809905 0.341294
vt 0.817623 0.338271
vt 0.817119 0.337325
vt 0.806148 0.346586
vt 0.806957 0.347307
vt 0.811530 0.378613
vt 0.814040 0.351940
vt 0.817623 0.374112
vt 0.002869 0.025186
vt 0.011066 0.026837
vt 0.003010 0.026837
vt 0.010925 0.025186
vt 0.757787 0.928447
vt 0.758155 0.913926
vt 0.759426 0.913708
vt 0.759426 0.928571
vt 0.839754 0.387696
vt 0.839754 0.375310
vt 0.838464 0.375479
vt 0.838115 0.387508
vt 0.887184 0.874897
vt 0.887295 0.883740
vt 0.886475 0.883697
vt 0.887184 0.900495
vt 0.870082 0.861866
vt 0.881882 0.846821
vt 0.882377 0.888109
vt 0.873901 0.854370
vt 0.882377 0.859053
vt 0.951587 0.770652
vt 0.957787 0.774162
vt 0.949230 0.808073
vt 0.956969 0.791541
vt 0.945619 0.788926
vt 0.945485 0.800388
vt 0.949829 0.757638
vt 0.943065 0.788701
vt 0.957298 0.815442
vt 0.957787 0.803212
vt 0.936710 0.799214
vt 0.934836 0.793250
vt 0.942244 0.805134
vt 0.946224 0.763394
vt 0.934924 0.786372
vt 0.941199 0.769635
vt 0.937430 0.777604
vt 0.591393 0.981420
vt 0.610246 0.981420
vt 0.606189 0.987201
vt 0.022541 0.822200
vt 0.025217 0.821928
vt 0.027459 0.833323
vt 0.027459 0.803055
vt 0.025693 0.838563
vt 0.998432 0.697281
vt 0.998032 0.716750
vt 0.997131 0.697275
vt 0.999590 0.717176
vt 0.999590 0.680848
vt 0.998290 0.680842
vt 0.000410 0.370903
vt 0.001753 0.370930
vt 0.000567 0.382729
vt 0.001910 0.382756
vt 0.000707 0.395101
vt 0.002049 0.395128
vt 0.002049 0.353345
vt 0.000707 0.353318
vt 0.001839 0.334847
vt 0.548770 0.343105
vt 0.550410 0.331544
vt 0.550410 0.343105
vt 0.548770 0.331544
vt 0.537295 0.248142
vt 0.536475 0.260086
vt 0.537295 0.277870
vt 0.010246 0.648638
vt 0.008866 0.628819
vt 0.008607 0.648167
vt 0.010246 0.628854
vt 0.692048 0.998366
vt 0.692049 0.999587
vt 0.683197 0.997936
vt 0.683198 0.999156
vt 0.701230 0.999156
vt 0.701228 0.997936
vt 0.648771 0.747729
vt 0.640574 0.746078
vt 0.648715 0.746078
vt 0.640629 0.747729
vt 0.956148 0.988069
vt 0.957787 0.999587
vt 0.957787 0.988026
vt 0.956631 0.999567
vt 0.962731 0.911797
vt 0.969605 0.911003
vt 0.962769 0.910708
vt 0.969704 0.912056
vt 0.975591 0.909306
vt 0.975832 0.910369
vt 0.954135 0.907840
vt 0.981557 0.903799
vt 0.946311 0.903799
vt 0.212705 0.986850
vt 0.203828 0.988026
vt 0.212705 0.988021
vt 0.203689 0.986375
vt 0.911066 0.544288
vt 0.912512 0.544312
vt 0.912705 0.537159
vt 0.912705 0.552849
vt 0.911259 0.552825
vt 0.860246 0.727085
vt 0.859426 0.727085
vt 0.860246 0.727911
vt 0.104508 0.446325
vt 0.104508 0.445500
vt 0.105328 0.445500
vt 0.454508 0.821222
vt 0.454508 0.820396
vt 0.455328 0.820396
vt 0.455328 0.821222
vt 0.895492 0.857968
vt 0.895082 0.857556
vt 0.895082 0.858382
vt 0.894672 0.857969
vt 0.921721 0.197770
vt 0.922541 0.197770
vt 0.922131 0.198596
vt 0.190574 0.336499
vt 0.189754 0.336499
vt 0.190574 0.337325
vt 0.813935 0.173823
vt 0.814344 0.174236
vt 0.813525 0.174236
vt 0.813934 0.174649
vt 0.538115 0.007845
vt 0.538934 0.007845
vt 0.538934 0.007019
vt 0.538115 0.007019
vt 0.943033 0.752684
vt 0.943852 0.752684
vt 0.943852 0.751858
vt 0.943033 0.751858
vt 0.388115 0.135838
vt 0.387295 0.135838
vt 0.388115 0.135012
vt 0.544672 0.989678
vt 0.543852 0.989678
vt 0.544672 0.990504
vt 0.074590 0.091247
vt 0.075000 0.091660
vt 0.074180 0.091660
vt 0.074590 0.092073
vt 0.682377 0.653592
vt 0.682377 0.652766
vt 0.683197 0.652766
vt 0.683197 0.653592
vt 0.585656 0.049133
vt 0.586475 0.049133
vt 0.586475 0.048307
vt 0.585656 0.048307
vt 0.623361 0.682494
vt 0.623361 0.683320
vt 0.624180 0.682494
vt 0.902869 0.002064
vt 0.902869 0.002890
vt 0.902049 0.002064
vt 0.392623 0.495045
vt 0.393033 0.495458
vt 0.392213 0.495458
vt 0.392623 0.495871
vt 0.284508 0.595789
vt 0.283853 0.595238
vt 0.284180 0.594688
vt 0.284836 0.595238
vt 0.283524 0.594137
vt 0.283197 0.594688
vt 0.670082 0.722956
vt 0.670902 0.722956
vt 0.670902 0.722130
vt 0.670082 0.722130
vt 0.420902 0.195293
vt 0.420082 0.195293
vt 0.420902 0.194467
vt 0.361885 0.282824
vt 0.362705 0.282824
vt 0.362705 0.281998
vt 0.361885 0.281998
vt 0.153689 0.457060
vt 0.152869 0.457060
vt 0.153689 0.457886
vt 0.098770 0.097853
vt 0.097951 0.097853
vt 0.098770 0.097027
vt 0.118443 0.959537
vt 0.118033 0.959125
vt 0.118033 0.959950
vt 0.117623 0.959538
vt 0.837951 0.707267
vt 0.838934 0.708092
vt 0.837295 0.708092
vt 0.563525 0.462015
vt 0.563525 0.460363
vt 0.564344 0.460363
vt 0.564344 0.462015
vt 0.998606 0.396780
vt 0.997951 0.395954
vt 0.999590 0.395954
vt 0.842203 0.612619
vt 0.841930 0.613444
vt 0.843033 0.613130
vt 0.842759 0.613955
vt 0.841393 0.613130
vt 0.841667 0.612304
vt 0.461066 0.899670
vt 0.461066 0.900495
vt 0.460246 0.899670
vt 0.759017 0.399257
vt 0.759426 0.399670
vt 0.758607 0.399670
vt 0.759016 0.400083
vt 0.977459 0.067300
vt 0.978279 0.067300
vt 0.978279 0.066474
vt 0.977459 0.066474
vt 0.759426 0.244013
vt 0.759426 0.243187
vt 0.760246 0.243187
vt 0.760246 0.244013
vt 0.533197 0.105285
vt 0.532377 0.105285
vt 0.533197 0.104459
vt 0.814344 0.049133
vt 0.814344 0.049959
vt 0.813525 0.049133
vt 0.596722 0.604046
vt 0.597131 0.604459
vt 0.596311 0.604459
vt 0.596721 0.604872
vt 0.529918 0.360446
vt 0.530738 0.360446
vt 0.530738 0.359620
vt 0.529918 0.359620
vt 0.975820 0.828654
vt 0.975820 0.827828
vt 0.976639 0.827828
vt 0.976639 0.828654
vt 0.146311 0.563584
vt 0.146311 0.564410
vt 0.147131 0.563584
vt 0.483197 0.844344
vt 0.484016 0.845169
vt 0.483197 0.845169
vt 0.001776 0.282824
vt 0.002049 0.283237
vt 0.001230 0.283237
vt 0.001503 0.283650
vt 0.161066 0.272502
vt 0.160656 0.272089
vt 0.160656 0.272915
vt 0.160246 0.272502
vt 0.789754 0.537159
vt 0.789754 0.536334
vt 0.790574 0.536334
vt 0.790574 0.537159
vt 0.910246 0.799752
vt 0.910246 0.798926
vt 0.911066 0.798926
vt 0.910246 0.390173
vt 0.910246 0.390999
vt 0.909426 0.390173
vt 0.927049 0.059868
vt 0.927459 0.060281
vt 0.926639 0.060281
vt 0.927049 0.060694
vt 0.828279 0.552849
vt 0.829098 0.552849
vt 0.829098 0.552023
vt 0.828279 0.552023
vt 0.112705 0.896367
vt 0.113525 0.896367
vt 0.113525 0.895541
vt 0.112705 0.895541
vt 0.288934 0.798101
vt 0.288115 0.798101
vt 0.288934 0.797275
vt 0.534836 0.118497
vt 0.534836 0.119323
vt 0.534016 0.118497
vt 0.957787 0.722544
vt 0.957377 0.722130
vt 0.957377 0.722956
vt 0.956967 0.722543
vt 0.375820 0.997936
vt 0.375820 0.997110
vt 0.376639 0.997110
vt 0.376639 0.997936
vt 0.931557 0.568538
vt 0.931557 0.567713
vt 0.932377 0.567713
vt 0.932377 0.568538
vt 0.097951 0.572667
vt 0.097951 0.573493
vt 0.098770 0.572667
vt 0.999590 0.855904
vt 0.998770 0.855904
vt 0.999590 0.856730
vt 0.823361 0.419488
vt 0.822951 0.419075
vt 0.822951 0.419901
vt 0.822541 0.419488
vt 0.465164 0.102808
vt 0.465164 0.101982
vt 0.465984 0.101982
vt 0.465984 0.102808
vt 0.470082 0.992155
vt 0.470082 0.991329
vt 0.470902 0.991329
vt 0.470902 0.992155
vt 0.662705 0.484311
vt 0.662705 0.485136
vt 0.663525 0.484311
vt 0.391393 0.341453
vt 0.391393 0.342279
vt 0.390574 0.341453
vt 0.495902 0.740297
vt 0.496311 0.740710
vt 0.495492 0.740710
vt 0.495902 0.741123
vt 0.637295 0.105285
vt 0.637295 0.104459
vt 0.638115 0.104459
vt 0.638115 0.105285
vt 0.703689 0.650289
vt 0.704508 0.650289
vt 0.704508 0.649463
vt 0.703689 0.649463
vt 0.559426 0.085467
vt 0.558607 0.085467
vt 0.559426 0.084641
vt 0.919262 0.656895
vt 0.918443 0.656895
vt 0.919262 0.657721
vt 0.234836 0.794385
vt 0.234426 0.793972
vt 0.234426 0.794798
vt 0.234016 0.794385
vt 0.241393 0.333196
vt 0.241393 0.332370
vt 0.242213 0.332370
vt 0.242213 0.333196
vt 0.334016 0.252271
vt 0.334836 0.252271
vt 0.334836 0.251445
vt 0.334016 0.251445
vt 0.485656 0.746903
vt 0.484836 0.746903
vt 0.485656 0.746078
vt 0.005328 0.680842
vt 0.005328 0.681668
vt 0.004508 0.680842
vt 0.289754 0.020231
vt 0.289754 0.021057
vt 0.288934 0.020231
vt 0.359836 0.163914
vt 0.360246 0.164327
vt 0.359426 0.164327
vt 0.359836 0.164740
vt 0.802869 0.763419
vt 0.803689 0.763419
vt 0.803689 0.762593
vt 0.802869 0.762593
vt 0.798770 0.400908
vt 0.798770 0.400083
vt 0.799590 0.400083
vt 0.799590 0.400908
vt 0.032377 0.003716
vt 0.031557 0.003716
vt 0.032377 0.002890
vt 0.819262 0.021057
vt 0.819262 0.019956
vt 0.818443 0.019405
vt 0.361885 0.014451
vt 0.361885 0.012799
vt 0.362705 0.012799
vt 0.362705 0.014451
vt 0.460246 0.011148
vt 0.461885 0.011148
vt 0.461230 0.011974
vt 0.314628 0.348570
vt 0.313525 0.348885
vt 0.314354 0.349396
vt 0.313799 0.348059
vt 0.315164 0.348885
vt 0.314890 0.349711
vt 0.764344 0.427333
vt 0.763525 0.427333
vt 0.764344 0.428159
vt 0.813934 0.704789
vt 0.814344 0.705202
vt 0.813525 0.705202
vt 0.813934 0.705615
vt 0.537295 0.281998
vt 0.538115 0.281998
vt 0.538115 0.281173
vt 0.537295 0.281173
vt 0.625820 0.293559
vt 0.626639 0.293559
vt 0.626639 0.292733
vt 0.625820 0.292733
vt 0.102869 0.627168
vt 0.102869 0.627993
vt 0.103689 0.627168
vt 0.737295 0.531379
vt 0.737295 0.532205
vt 0.736475 0.531379
vt 0.747951 0.010735
vt 0.747541 0.010322
vt 0.747541 0.011148
vt 0.747131 0.010735
vt 0.322541 0.655244
vt 0.323361 0.655244
vt 0.323361 0.654418
vt 0.322541 0.654418
vt 0.882377 0.931049
vt 0.882377 0.930223
vt 0.883197 0.930223
vt 0.883197 0.931049
vt 0.977459 0.703138
vt 0.977459 0.703964
vt 0.978279 0.703138
vt 0.266803 0.266309
vt 0.266803 0.267135
vt 0.265984 0.266309
vt 0.832377 0.119736
vt 0.831967 0.119323
vt 0.831967 0.120149
vt 0.831557 0.119736
vt 0.574180 0.571841
vt 0.574180 0.571016
vt 0.575000 0.571016
vt 0.575000 0.571841
vt 0.130738 0.154005
vt 0.130738 0.153179
vt 0.131557 0.153179
vt 0.131557 0.154005
vt 0.890574 0.191990
vt 0.890574 0.192816
vt 0.891393 0.191990
vt 0.639202 0.295970
vt 0.641393 0.293309
vt 0.633197 0.290242
vt 0.635888 0.288058
vt 0.633197 0.293649
vt 0.635699 0.296036
vt 0.641393 0.289902
vt 0.639114 0.287779
vt 0.214871 0.461052
vt 0.218017 0.465366
vt 0.217334 0.461200
vt 0.215991 0.466969
vt 0.212483 0.461988
vt 0.213297 0.466495
vt 0.212050 0.464306
vt 0.218443 0.463038
vt 0.214479 0.457886
vt 0.218082 0.457886
vt 0.211066 0.459069
vt 0.573364 0.011148
vt 0.570395 0.007019
vt 0.572755 0.007475
vt 0.570082 0.010990
vt 0.576639 0.010137
vt 0.575008 0.007019
vt 0.175000 0.374533
vt 0.179098 0.376997
vt 0.178670 0.374698
vt 0.175687 0.377787
vt 0.175542 0.371181
vt 0.179098 0.372086
vt 0.152388 0.210983
vt 0.152049 0.213949
vt 0.155666 0.213989
vt 0.156148 0.211757
vt 0.156148 0.215854
vt 0.152381 0.216763
vt 0.075619 0.990862
vt 0.077724 0.990041
vt 0.075697 0.985549
vt 0.073435 0.986516
vt 0.073414 0.990625
vt 0.072541 0.988400
vt 0.078085 0.986516
vt 0.078931 0.988438
vt 0.079384 0.992358
vt 0.081557 0.989725
vt 0.076123 0.993744
vt 0.072636 0.993807
vt 0.258877 0.841893
vt 0.256158 0.844344
vt 0.253592 0.836086
vt 0.252579 0.843969
vt 0.259426 0.838485
vt 0.256932 0.836086
vt 0.250489 0.841468
vt 0.250410 0.838004
vt 0.989375 0.254745
vt 0.986247 0.257936
vt 0.989495 0.258051
vt 0.986743 0.254283
vt 0.983197 0.256463
vt 0.984669 0.253922
vt 0.991827 0.253922
vt 0.993033 0.257314
vt 0.853689 0.716474
vt 0.856967 0.719155
vt 0.856796 0.716661
vt 0.853823 0.719653
vt 0.853848 0.713047
vt 0.856967 0.714543
vt 0.496311 0.018903
vt 0.494074 0.016102
vt 0.488317 0.021973
vt 0.490687 0.016102
vt 0.490552 0.024360
vt 0.493939 0.024360
vt 0.488115 0.018374
vt 0.496038 0.022050
vt 0.489119 0.767761
vt 0.492643 0.764812
vt 0.492348 0.767228
vt 0.488934 0.764302
vt 0.493033 0.762692
vt 0.489823 0.761767
vt 0.489768 0.770851
vt 0.493033 0.769316
vt 0.957240 0.099369
vt 0.953689 0.099371
vt 0.957787 0.096843
vt 0.954062 0.096201
vt 0.954241 0.102808
vt 0.957787 0.101810
vt 0.813364 0.710006
vt 0.815765 0.709744
vt 0.815740 0.716350
vt 0.813301 0.716189
vt 0.811885 0.712102
vt 0.817623 0.714536
vt 0.817623 0.711585
vt 0.811911 0.714352
vt 0.937737 0.744426
vt 0.940030 0.745176
vt 0.940600 0.748555
vt 0.937295 0.748244
vt 0.943852 0.747649
vt 0.942536 0.744426
vt 0.891762 0.919445
vt 0.888115 0.916185
vt 0.892213 0.916185
vt 0.888487 0.919488
vt 0.985739 0.335673
vt 0.980443 0.341630
vt 0.982600 0.343924
vt 0.982390 0.335673
vt 0.979918 0.338165
vt 0.986105 0.343931
vt 0.988115 0.340929
vt 0.987743 0.337716
vt 0.075000 0.293429
vt 0.079098 0.296004
vt 0.078835 0.293429
vt 0.075351 0.296862
vt 0.075441 0.290256
vt 0.079098 0.290955
vt 0.720082 0.008837
vt 0.725820 0.008872
vt 0.720365 0.006439
vt 0.723845 0.010322
vt 0.725724 0.006421
vt 0.721494 0.010322
vt 0.721682 0.004542
vt 0.724033 0.004542
vt 0.058411 0.448802
vt 0.060834 0.448905
vt 0.061482 0.452416
vt 0.058294 0.452931
vt 0.056404 0.447977
vt 0.055328 0.451590
vt 0.063525 0.451023
vt 0.062625 0.447977
vt 0.016803 0.259106
vt 0.016865 0.261554
vt 0.020082 0.263006
vt 0.020082 0.258877
vt 0.198152 0.433119
vt 0.194672 0.433019
vt 0.198770 0.430608
vt 0.195667 0.429810
vt 0.195263 0.436416
vt 0.198770 0.435586
vt 0.699059 0.022825
vt 0.699590 0.011974
vt 0.689114 0.022583
vt 0.691597 0.024360
vt 0.688934 0.011974
vt 0.243241 0.446770
vt 0.247789 0.441657
vt 0.252869 0.447151
vt 0.242213 0.437815
vt 0.252869 0.436416
vt 0.943401 0.110239
vt 0.945146 0.115194
vt 0.945979 0.110495
vt 0.943033 0.114137
vt 0.953689 0.110239
vt 0.953272 0.112589
vt 0.842901 0.577709
vt 0.844672 0.577622
vt 0.841393 0.587389
vt 0.844672 0.588357
vt 0.201390 0.016831
vt 0.191393 0.014451
vt 0.202049 0.014451
vt 0.192298 0.017754
vt 0.316831 0.009630
vt 0.316115 0.018580
vt 0.319262 0.008671
vt 0.317619 0.018438
vt 0.313525 0.008671
vt 0.551186 0.408337
vt 0.548770 0.405929
vt 0.554552 0.400425
vt 0.556967 0.402833
vt 0.548770 0.402490
vt 0.556967 0.406272
vt 0.551186 0.400083
vt 0.554594 0.408340
vt 0.835656 0.739453
vt 0.839754 0.742530
vt 0.839428 0.739872
vt 0.836063 0.742775
vt 0.836488 0.736168
vt 0.839754 0.737621
vt 0.552124 0.542704
vt 0.555170 0.539368
vt 0.552696 0.539456
vt 0.555584 0.542940
vt 0.557391 0.538811
vt 0.558607 0.541835
vt 0.548770 0.541893
vt 0.550148 0.538811
vt 0.515984 0.444301
vt 0.518702 0.445902
vt 0.518039 0.441455
vt 0.520085 0.443478
vt 0.521043 0.439719
vt 0.521865 0.442565
vt 0.524524 0.439719
vt 0.523814 0.442834
vt 0.525000 0.444949
vt 0.524573 0.447437
vt 0.522371 0.448803
vt 0.519813 0.447892
vt 0.617572 0.424855
vt 0.617573 0.416598
vt 0.614269 0.416598
vt 0.620013 0.422246
vt 0.620082 0.418770
vt 0.611885 0.418986
vt 0.614269 0.424855
vt 0.612021 0.422356
vt 0.903547 0.509695
vt 0.906137 0.509083
vt 0.906967 0.512525
vt 0.903600 0.513212
vt 0.900926 0.509083
vt 0.900410 0.512591
vt 0.834675 0.009253
vt 0.835656 0.011937
vt 0.832357 0.012799
vt 0.831705 0.009481
vt 0.835064 0.006736
vt 0.831557 0.006079
vt 0.835656 0.004037
vt 0.832628 0.002890
vt 0.962629 0.890086
vt 0.966113 0.891412
vt 0.966461 0.888750
vt 0.964233 0.887681
vt 0.969096 0.888041
vt 0.969972 0.891398
vt 0.960246 0.887275
vt 0.963187 0.885464
vt 0.970082 0.885389
vt 0.969599 0.882585
vt 0.964272 0.882585
vt 0.966770 0.881503
vt 0.306148 0.554863
vt 0.304596 0.556976
vt 0.299590 0.552486
vt 0.301142 0.550373
vt 0.306148 0.552106
vt 0.304248 0.550372
vt 0.299590 0.555243
vt 0.301490 0.556978
vt 0.953552 0.362923
vt 0.949871 0.362923
vt 0.949937 0.371181
vt 0.956148 0.365361
vt 0.953619 0.371181
vt 0.947342 0.368743
vt 0.955876 0.368535
vt 0.947131 0.365086
vt 0.078009 0.443848
vt 0.077337 0.447223
vt 0.080771 0.444260
vt 0.080686 0.447977
vt 0.074180 0.446167
vt 0.083065 0.443848
vt 0.084016 0.447598
vt 0.804508 0.045577
vt 0.804036 0.043113
vt 0.800410 0.043266
vt 0.800924 0.046656
vt 0.800493 0.040050
vt 0.804508 0.040509
vt 0.539754 0.734517
vt 0.535770 0.737355
vt 0.536312 0.734682
vt 0.539754 0.738326
vt 0.534836 0.739472
vt 0.029918 0.803987
vt 0.033658 0.803986
vt 0.030183 0.800578
vt 0.034016 0.801169
vt 0.034016 0.806193
vt 0.030639 0.807184
vt 0.022275 0.798854
vt 0.018597 0.790741
vt 0.021920 0.790669
vt 0.018952 0.798926
vt 0.024180 0.795766
vt 0.024180 0.792464
vt 0.016502 0.793109
vt 0.015984 0.797276
vt 0.974767 0.442197
vt 0.977692 0.432287
vt 0.973779 0.432969
vt 0.980738 0.434376
vt 0.971721 0.440108
vt 0.971910 0.436108
vt 0.978467 0.442171
vt 0.980738 0.439101
vt 0.232377 0.438286
vt 0.235539 0.438504
vt 0.235656 0.441725
vt 0.232616 0.442197
vt 0.232494 0.434765
vt 0.235656 0.434982
vt 0.099923 0.398531
vt 0.099645 0.401734
vt 0.103879 0.401561
vt 0.104508 0.398431
vt 0.096311 0.398431
vt 0.096732 0.401528
vt 0.677710 0.943435
vt 0.681212 0.946738
vt 0.681003 0.943687
vt 0.677459 0.946480
vt 0.684836 0.946591
vt 0.684420 0.943435
vt 0.929098 0.612745
vt 0.932185 0.612138
vt 0.932377 0.615405
vt 0.929593 0.616433
vt 0.929532 0.609001
vt 0.932377 0.609282
vt 0.956829 0.135012
vt 0.955666 0.143831
vt 0.959510 0.144096
vt 0.953355 0.137280
vt 0.963525 0.140883
vt 0.963347 0.137167
vt 0.952869 0.141097
vt 0.960582 0.135012
vt 0.820491 0.689926
vt 0.822804 0.699009
vt 0.825820 0.697234
vt 0.823905 0.690233
vt 0.825820 0.692721
vt 0.817623 0.691920
vt 0.819647 0.698479
vt 0.817841 0.695549
vt 0.602049 0.866120
vt 0.604741 0.866766
vt 0.605328 0.861955
vt 0.602523 0.860859
vt 0.602439 0.869942
vt 0.605328 0.869880
vt 0.579098 0.049133
vt 0.575820 0.049595
vt 0.576002 0.053225
vt 0.579072 0.053060
vt 0.575884 0.057126
vt 0.579098 0.057391
vt 0.986825 0.476879
vt 0.989699 0.477201
vt 0.989754 0.480408
vt 0.986475 0.480367
vt 0.989699 0.483346
vt 0.986730 0.483485
vt 0.247531 0.833609
vt 0.247573 0.830306
vt 0.244296 0.830325
vt 0.243852 0.833130
vt 0.251229 0.833388
vt 0.251026 0.830325
vt 0.586064 0.220168
vt 0.585656 0.216948
vt 0.595492 0.215898
vt 0.588834 0.222543
vt 0.592722 0.213523
vt 0.587409 0.213460
vt 0.593421 0.222399
vt 0.595492 0.219381
vt 0.506481 0.250812
vt 0.503083 0.254761
vt 0.503827 0.250087
vt 0.505222 0.255361
vt 0.502762 0.257037
vt 0.507787 0.249151
vt 0.504151 0.248463
vt 0.507787 0.246931
vt 0.504590 0.246097
vt 0.500410 0.248103
vt 0.500737 0.245665
vt 0.501064 0.250165
vt 0.501103 0.254698
vt 0.501687 0.257225
vt 0.734145 0.009099
vt 0.731887 0.007943
vt 0.735808 0.004947
vt 0.734182 0.003952
vt 0.737594 0.005749
vt 0.736646 0.010139
vt 0.733114 0.011314
vt 0.730352 0.009225
vt 0.729098 0.011484
vt 0.732447 0.013076
vt 0.736227 0.011976
vt 0.737023 0.002901
vt 0.736583 0.002647
vt 0.736439 0.014406
vt 0.737841 0.003121
vt 0.739721 0.005807
vt 0.739096 0.003189
vt 0.739754 0.002699
vt 0.739164 0.001738
vt 0.738892 0.001239
vt 0.739280 0.010453
vt 0.739430 0.012419
vt 0.739754 0.014451
vt 0.391741 0.283243
vt 0.391189 0.286627
vt 0.387100 0.283428
vt 0.386847 0.285647
vt 0.384833 0.283820
vt 0.393039 0.287677
vt 0.393302 0.283220
vt 0.395402 0.287779
vt 0.395492 0.282554
vt 0.387084 0.281315
vt 0.384573 0.284294
vt 0.391327 0.279936
vt 0.393170 0.279345
vt 0.395402 0.278894
vt 0.384986 0.282378
vt 0.384186 0.281358
vt 0.386164 0.279293
vt 0.383599 0.281549
vt 0.383197 0.282321
vt 0.390394 0.277406
vt 0.392020 0.276145
vt 0.394416 0.275392
vt 0.696311 0.508977
vt 0.703689 0.509909
vt 0.703689 0.497523
vt 0.483197 0.011974
vt 0.469103 0.014451
vt 0.468443 0.011974
vt 0.426548 0.112717
vt 0.422541 0.107762
vt 0.437295 0.107762
vt 0.870902 0.874071
vt 0.870082 0.874071
vt 0.870492 0.873245
vt 0.908607 0.000413
vt 0.908607 0.001239
vt 0.907787 0.000413
vt 0.000000 1.000000
vt 0.000000 1.000000
vt 0.000000 1.000000
vt 0.699590 0.277044
vt 0.698770 0.277044
vt 0.699180 0.276218
vt 0.118443 0.626342
vt 0.118443 0.627168
vt 0.119262 0.626755
vt 0.865164 0.395954
vt 0.864344 0.395954
vt 0.865164 0.396780
vt 0.097131 0.128406
vt 0.097131 0.129232
vt 0.097951 0.128819
vt 0.299590 0.767547
vt 0.298770 0.767547
vt 0.299181 0.766722
vt 0.249590 0.920314
vt 0.249590 0.921140
vt 0.248770 0.920314
vt 0.206967 0.515689
vt 0.204508 0.526387
vt 0.206967 0.538811
s 0
usemtl Material
f 476/485 470/479 474/483
f 476/3237 2867/3220 470/3236
f 476/485 474/483 484/493
f 476/485 484/493 485/494
f 476/3237 485/3238 2871/3224
f 476/3237 2871/3224 2867/3220
f 470/479 471/480 472/481
f 470/3236 2868/3221 471/3234
f 470/479 472/481 474/483
f 470/3236 2867/3220 2868/3221
f 471/480 473/482 472/481
f 471/480 475/484 473/482
f 471/3234 2869/3222 475/3235
f 471/3234 2868/3221 2869/3222
f 94/98 96/100 95/99
f 94/7837 5008/7836 96/7835
f 94/98 93/97 92/96
f 94/7837 92/7839 5009/7838
f 94/98 95/99 93/97
f 94/7837 5009/7838 5008/7836
f 96/100 98/102 97/101
f 96/7835 5007/7834 98/7833
f 96/100 97/101 95/99
f 96/7835 5008/7836 5007/7834
f 98/102 99/103 97/101
f 98/7833 5006/7832 99/7831
f 98/7833 5007/7834 5006/7832
f 474/3677 472/3679 3197/3678
f 474/3677 3196/3676 484/3675
f 474/3677 3197/3678 3196/3676
f 472/3679 473/3681 3198/3680
f 472/3679 3198/3680 3197/3678
f 143/147 144/148 138/142
f 143/8444 5125/8447 144/8448
f 143/2380 138/2377 486/2379
f 143/8444 490/8446 5125/8447
f 143/8444 486/8445 490/8446
f 144/148 145/149 138/142
f 144/8448 5126/8449 145/8450
f 144/8448 5125/8447 5126/8449
f 473/482 475/484 477/486
f 473/3681 477/3701 3209/3699
f 473/3681 3209/3699 3198/3680
f 145/149 146/150 138/142
f 145/8450 4668/8454 146/8455
f 145/8450 5126/8449 4668/8454
f 146/150 136/140 138/142
f 146/6531 4664/6525 136/6532
f 146/6531 4668/6529 4664/6525
f 136/140 137/141 138/142
f 136/6532 4665/6526 137/6533
f 136/6532 4664/6525 4665/6526
f 137/141 139/143 138/142
f 137/6533 4671/6537 139/6538
f 137/6533 4665/6526 4671/6537
f 139/143 140/144 138/142
f 139/8443 5124/8435 140/8438
f 139/8443 4671/8440 5124/8435
f 140/144 141/145 138/142
f 140/8438 5121/8431 141/8436
f 140/8438 5124/8435 5121/8431
f 141/145 142/146 138/142
f 141/8436 5120/8430 142/8437
f 141/8436 5121/8431 5120/8430
f 142/8437 492/8420 138/8419
f 142/8437 5120/8430 492/8420
f 138/2377 487/2378 486/2379
f 138/8419 492/8420 487/8421
f 475/484 478/487 477/486
f 475/8273 2848/8274 478/8275
f 475/8273 2869/8276 2848/8274
f 478/487 479/488 477/486
f 478/487 480/489 479/488
f 478/3199 2846/3196 480/3195
f 478/3199 2848/3200 2846/3196
f 88/92 86/90 87/91
f 88/92 87/91 118/122
f 88/92 117/121 86/90
f 88/92 118/122 117/121
f 87/91 86/90 85/89
f 87/91 85/89 119/123
f 87/91 119/123 118/122
f 86/90 84/88 85/89
f 86/90 121/125 84/88
f 86/90 117/121 121/125
f 85/89 84/88 83/87
f 85/89 83/87 120/124
f 85/89 120/124 119/123
f 84/88 82/86 83/87
f 84/3957 122/3948 82/3945
f 84/88 121/125 122/126
f 83/87 82/86 81/85
f 83/87 81/85 116/120
f 83/87 116/120 120/124
f 82/86 80/84 81/85
f 82/3945 3366/3937 80/3941
f 82/3945 122/3948 3366/3937
f 81/85 80/84 76/80
f 81/85 76/80 111/115
f 81/85 111/115 116/120
f 80/84 77/81 76/80
f 80/3941 3358/3928 77/3940
f 80/3941 3366/3937 3358/3928
f 76/80 77/81 78/82
f 76/80 78/82 79/83
f 76/80 79/83 89/93
f 76/80 89/93 90/94
f 76/80 90/94 111/115
f 77/3940 3357/3927 78/3942
f 77/3940 3358/3928 3357/3927
f 78/3942 115/3932 79/3943
f 78/3942 3357/3927 115/3932
f 79/83 112/116 89/93
f 79/3943 115/3932 112/3944
f 92/96 93/97 91/95
f 92/96 91/95 89/93
f 92/96 89/93 109/113
f 92/7839 109/7841 4603/7840
f 92/7839 4603/7840 5009/7838
f 99/103 101/105 100/104
f 99/7831 5004/7829 101/7828
f 99/103 100/104 97/101
f 99/7831 5006/7832 5004/7829
f 101/105 102/106 100/104
f 101/105 103/107 102/106
f 101/7828 5005/7830 103/7862
f 101/7828 5004/7829 5005/7830
f 477/3701 479/3704 3213/3706
f 477/3701 3213/3706 3209/3699
f 480/489 481/490 479/488
f 480/489 482/491 481/490
f 480/3195 2847/3197 482/3198
f 480/3195 2846/3196 2847/3197
f 93/4418 95/4424 3701/4407
f 93/4418 3702/4408 91/4419
f 93/4418 3701/4407 3702/4408
f 95/4424 97/4422 3699/4405
f 95/4424 3699/4405 3701/4407
f 97/4422 100/4423 3700/4406
f 97/4422 3700/4406 3699/4405
f 100/8032 102/8035 2914/8033
f 100/8032 2914/8033 3700/8034
f 102/106 103/107 104/108
f 102/3300 104/3297 2913/3299
f 102/3300 2913/3299 2914/3301
f 103/107 105/109 104/108
f 103/7862 5019/7860 105/7859
f 103/7862 5005/7830 5019/7860
f 484/493 486/495 485/494
f 484/493 488/497 486/495
f 484/3675 3195/3674 488/3673
f 484/3675 3196/3676 3195/3674
f 479/3704 481/3707 3212/3705
f 479/3704 3212/3705 3213/3706
f 481/490 482/491 483/492
f 481/3707 483/3708 3212/3705
f 482/3198 2847/3197 483/3201
f 485/494 486/495 487/496
f 485/494 487/496 491/500
f 485/3238 491/3239 2870/3223
f 485/3238 2870/3223 2871/3224
f 91/95 108/112 90/94
f 91/95 90/94 89/93
f 91/4419 3703/4409 108/4420
f 91/4419 3702/4408 3703/4409
f 104/108 105/109 106/110
f 104/3297 106/3302 2912/3298
f 104/3297 2912/3298 2913/3299
f 106/110 105/109 107/111
f 106/3302 107/3303 2912/3298
f 105/7859 5020/7861 107/7863
f 105/7859 5019/7860 5020/7861
f 483/3708 2849/3709 3212/3705
f 483/3201 2847/3197 2849/3202
f 107/7863 5020/7861 2915/7864
f 107/3303 2915/3304 2912/3298
f 90/94 108/112 110/114
f 90/94 110/114 111/115
f 108/4420 3705/4411 110/4421
f 108/4420 3703/4409 3705/4411
f 89/93 112/116 109/113
f 109/113 112/116 113/117
f 109/6366 113/6367 3375/6364
f 109/6366 3375/6364 4603/6363
f 488/497 489/498 486/495
f 488/3673 3191/3668 489/3672
f 488/3673 3195/3674 3191/3668
f 113/117 112/116 114/118
f 113/6367 114/6369 3372/6368
f 113/6367 3372/6368 3375/6364
f 490/8446 5127/8451 5125/8447
f 490/499 486/495 489/498
f 490/8446 489/8469 5128/8452
f 490/8446 5128/8452 5127/8451
f 5125/8447 5129/8453 5126/8449
f 5125/8447 5127/8451 5129/8453
f 5126/8449 4667/8456 4668/8454
f 5126/8449 5129/8453 4667/8456
f 4668/6529 4660/6519 4664/6525
f 4668/6529 4667/6528 4660/6519
f 4664/6525 4662/6521 4665/6526
f 4664/6525 4660/6519 4662/6521
f 4665/6526 4670/6536 4671/6537
f 4665/6526 4662/6521 4670/6536
f 4671/8440 5123/8434 5124/8435
f 4671/8440 4670/8439 5123/8434
f 5124/8435 5118/8426 5121/8431
f 5124/8435 5123/8434 5118/8426
f 5121/8431 5117/8425 5120/8430
f 5121/8431 5118/8426 5117/8425
f 5120/8430 5092/8429 492/8420
f 5120/8430 5117/8425 5092/8429
f 487/496 492/501 491/500
f 492/501 493/502 491/500
f 492/8213 5092/8211 493/8212
f 491/3239 493/3233 2879/3232
f 491/3239 2879/3232 2870/3223
f 117/8603 118/8599 5155/8597
f 117/8616 5156/8614 121/8615
f 117/8603 5155/8597 5156/8602
f 118/8599 119/8586 5149/8581
f 118/8599 5149/8581 5155/8597
f 121/8615 3851/8613 122/8617
f 121/8615 5156/8614 3851/8613
f 119/8586 120/8587 5152/8584
f 119/8586 5152/8584 5149/8581
f 122/3948 3370/3947 3366/3937
f 122/8617 3851/8613 3370/8618
f 120/8587 116/8592 5153/8589
f 120/8587 5153/8589 5152/8584
f 3366/3937 3365/3936 3358/3928
f 3366/3937 3370/3947 3365/3936
f 116/8592 111/8593 5086/8591
f 116/8592 5086/8591 5153/8589
f 3358/3928 3355/3925 3357/3927
f 3358/3928 3365/3936 3355/3925
f 111/8198 110/8197 5086/8189
f 110/8197 3706/8190 5086/8189
f 110/4421 3705/4411 3706/4412
f 3357/3927 3352/3922 115/3932
f 3357/3927 3355/3925 3352/3922
f 115/119 114/118 112/116
f 115/3932 3359/3929 114/3958
f 115/3932 3352/3922 3359/3929
f 489/8469 3193/8468 5128/8452
f 489/3672 3191/3668 3193/3670
f 114/3958 3359/3929 3372/3950
f 493/8212 5092/8211 2878/8209
f 493/3233 2878/3231 2879/3232
f 2871/3224 2853/3206 2867/3220
f 2871/3224 2870/3223 2864/3217
f 2871/3224 2864/3217 2853/3206
f 2869/3222 2868/3221 2858/3211
f 2869/8276 2850/8277 2848/8274
f 2869/3222 2858/3211 2850/3203
f 2867/3220 2856/3209 2868/3221
f 2867/3220 2853/3206 2856/3209
f 2868/3221 2856/3209 2858/3211
f 5006/7832 5007/7834 5011/7844
f 5006/7832 5014/7847 5004/7829
f 5006/7832 5011/7844 5014/7847
f 3196/3676 3197/3678 3199/3682
f 3196/3676 3200/3683 3195/3674
f 3196/3676 3199/3682 3200/3683
f 3197/3678 3198/3680 3201/3684
f 3197/3678 3201/3684 3199/3682
f 5128/8452 5131/8459 5127/8451
f 5128/8452 3193/8468 5132/8461
f 5128/8452 5132/8461 5131/8459
f 5127/8451 5130/8457 5129/8453
f 5127/8451 5131/8459 5130/8457
f 5129/8453 4666/8458 4667/8456
f 5129/8453 5130/8457 4666/8458
f 3198/3680 3209/3699 3208/3698
f 3198/3680 3208/3698 3201/3684
f 4667/6528 4663/6522 4660/6519
f 4667/6528 4666/6527 4663/6522
f 4660/6519 4661/6520 4662/6521
f 4660/6519 4663/6522 4661/6520
f 4662/6521 4669/6535 4670/6536
f 4662/6521 4661/6520 4669/6535
f 4670/8439 5122/8432 5123/8434
f 4670/8439 4669/8441 5122/8432
f 5123/8434 5119/8427 5118/8426
f 5123/8434 5122/8432 5119/8427
f 5118/8426 4498/8423 5117/8425
f 5118/8426 5119/8427 4498/8423
f 5117/8425 5091/8422 5092/8429
f 5117/8425 4498/8423 5091/8422
f 5092/8211 5091/8208 2878/8209
f 2848/3200 2850/3203 2846/3196
f 5156/8602 5155/8597 5154/8596
f 5156/8614 5157/8609 3851/8613
f 5156/8602 5154/8596 5157/8604
f 5155/8597 5149/8581 5151/8583
f 5155/8597 5151/8583 5154/8596
f 3851/4778 3850/4776 3370/4777
f 3851/8613 5157/8609 3850/8611
f 5149/8581 5152/8584 5150/8582
f 5149/8581 5150/8582 5151/8583
f 3370/3947 3371/3949 3365/3936
f 3370/4777 3850/4776 3371/4775
f 5152/8584 5153/8589 3849/8588
f 5152/8584 3849/8588 5150/8582
f 3365/3936 3363/3934 3355/3925
f 3365/3936 3371/3949 3363/3934
f 5153/8589 5086/8591 5087/8590
f 5153/8589 5087/8590 3849/8588
f 3355/3925 3353/3923 3352/3922
f 3355/3925 3363/3934 3353/3923
f 5086/8189 3706/8190 5087/8191
f 3352/3922 3354/3924 3359/3929
f 3352/3922 3353/3923 3354/3924
f 3359/3929 3354/3924 3360/3930
f 3359/3929 3360/3930 3362/3933
f 3359/3929 3362/3933 3372/3950
f 5009/7838 5010/7842 5008/7836
f 5009/7838 4603/7840 4601/7843
f 5009/7838 4601/7843 5010/7842
f 5008/7836 5015/7848 5007/7834
f 5008/7836 5010/7842 5015/7848
f 5007/7834 5015/7848 5011/7844
f 5004/7829 5017/7851 5005/7830
f 5004/7829 5014/7847 5017/7851
f 5005/7830 5018/7858 5019/7860
f 5005/7830 5017/7851 5018/7858
f 3209/3699 3213/3706 3208/3698
f 3213/3706 3212/3705 3208/3698
f 3212/3705 2849/3709 2851/3710
f 3212/3705 2851/3710 3208/3698
f 2849/3202 2847/3197 2851/3204
f 2847/3197 2846/3196 2850/3203
f 2847/3197 2850/3203 2851/3204
f 3702/4408 3701/4407 3691/4395
f 3702/4408 3686/4390 3703/4409
f 3702/4408 3691/4395 3686/4390
f 3701/4407 3699/4405 3695/4399
f 3701/4407 3695/4399 3691/4395
f 3699/4405 3700/4406 3698/4402
f 3699/4405 3698/4402 3695/4399
f 2914/8033 2916/8036 3700/8034
f 2914/3301 2913/3299 2916/3305
f 3700/8034 2916/8036 3698/8037
f 5019/7860 5018/7858 5020/7861
f 5020/7861 2917/7865 2915/7864
f 5020/7861 5018/7858 2917/7865
f 2915/3304 2917/3306 2912/3298
f 2913/3299 2912/3298 2916/3305
f 2912/3298 2917/3306 2916/3305
f 3195/3674 3202/3685 3191/3668
f 3195/3674 3200/3683 3202/3685
f 2870/3223 2879/3232 2865/3218
f 2870/3223 2865/3218 2864/3217
f 3703/4409 3689/4393 3705/4411
f 3703/4409 3686/4390 3689/4393
f 4603/6363 3375/6364 3374/6360
f 4603/6363 3374/6360 4601/6359
f 3375/3953 3372/3950 3374/3952
f 2879/3232 2872/3225 2865/3218
f 2879/3232 2878/3231 2872/3225
f 3705/4411 3704/4410 3706/4412
f 3705/4411 3689/4393 3704/4410
f 3191/3668 3192/3669 3193/3670
f 3191/3668 3202/3685 3192/3669
f 3199/3682 3201/3684 2857/3690
f 3199/3682 3204/3687 3200/3683
f 3199/3682 2857/3690 3204/3687
f 3201/3684 3208/3698 2852/3700
f 3201/3684 2852/3700 2857/3690
f 2858/3211 2856/3209 2857/3210
f 2858/3211 2852/3205 2850/3203
f 2858/3211 2857/3210 2852/3205
f 2856/3209 2853/3206 2855/3208
f 2856/3209 2855/3208 2857/3210
f 5014/7847 3697/7849 5017/7851
f 5014/7847 5011/7844 5013/7846
f 5014/7847 5013/7846 3697/7849
f 5017/7851 2918/7857 5018/7858
f 5017/7851 3697/7849 2918/7857
f 2864/3217 2854/3207 2853/3206
f 2864/3217 2865/3218 2861/3214
f 2864/3217 2861/3214 2854/3207
f 3698/4402 3697/4401 3695/4399
f 3698/8037 2916/8036 2918/8038
f 3698/4402 2918/4404 3697/4401
f 3208/3698 2851/3710 2852/3700
f 2850/3203 2852/3205 2851/3204
f 2853/3206 2854/3207 2855/3208
f 3695/4399 3694/4398 3691/4395
f 3695/4399 3697/4401 3694/4398
f 5011/7844 5015/7848 5012/7845
f 5011/7844 5012/7845 5013/7846
f 5018/7858 2918/7857 2917/7865
f 3200/3683 3206/3689 3202/3685
f 3200/3683 3204/3687 3206/3689
f 5132/8461 3193/8468 3194/8470
f 5132/8461 4494/8462 5131/8459
f 5132/8461 3194/8470 3211/8464
f 5132/8461 3211/8464 4494/8462
f 5091/8422 4498/8423 4780/8424
f 5091/8208 2874/8207 2878/8209
f 5091/8208 4780/8205 2874/8207
f 3706/8190 3707/8192 5087/8191
f 3706/4412 3704/4410 3707/4413
f 5087/8590 5088/8594 3849/8588
f 5087/8191 3707/8192 5088/8193
f 3360/3930 3354/3924 3361/3931
f 3360/3930 3368/3939 3362/3933
f 3360/3930 3361/3931 3367/3938
f 3360/3930 3367/3938 3368/3939
f 3372/3950 3362/3933 3373/3951
f 3372/3950 3373/3951 3374/3952
f 3686/4390 3688/4392 3689/4393
f 3686/4390 3691/4395 3687/4391
f 3686/4390 3687/4391 3688/4392
f 5010/7842 4601/7843 4602/7855
f 5010/7842 5016/7850 5015/7848
f 5010/7842 4602/7855 5016/7850
f 2916/3305 2917/3306 2918/3307
f 3193/3670 3192/3669 3194/3671
f 5131/8459 4486/8460 5130/8457
f 5131/8459 4494/8462 4486/8460
f 3202/3685 3207/3691 3192/3669
f 3202/3685 3206/3689 3207/3691
f 5130/8457 4487/8463 4666/8458
f 5130/8457 4486/8460 4487/8463
f 4666/6527 4488/6524 4663/6522
f 4666/6527 4487/6530 4488/6524
f 4663/6522 4489/6523 4661/6520
f 4663/6522 4488/6524 4489/6523
f 4661/6520 4491/6534 4669/6535
f 4661/6520 4489/6523 4491/6534
f 4669/8441 4493/8433 5122/8432
f 4669/8441 4491/8442 4493/8433
f 5122/8432 4495/8428 5119/8427
f 5122/8432 4493/8433 4495/8428
f 5119/8427 4495/8428 4498/8423
f 4498/6961 4497/6962 4780/6963
f 4498/6101 4495/6098 4497/6100
f 2865/3218 2872/3225 2863/3216
f 2865/3218 2863/3216 2861/3214
f 2878/3231 2874/3227 2872/3225
f 5157/8604 5154/8596 3847/8598
f 5157/8609 3846/8610 3850/8611
f 5157/8604 3847/8598 3846/8605
f 5154/8596 5151/8583 3848/8585
f 5154/8596 3848/8585 3847/8598
f 3850/4776 3845/4764 3371/4775
f 3850/8611 3846/8610 3845/8612
f 5151/8583 5150/8582 3848/8585
f 3371/3949 3376/3954 3363/3934
f 3371/4775 3845/4764 3376/4762
f 5150/8582 3849/8588 3848/8585
f 3363/3934 3364/3935 3353/3923
f 3363/3934 3376/3954 3364/3935
f 3849/4771 1869/4772 1864/4770
f 3849/7498 4937/7496 1869/7497
f 3849/8588 5088/8594 4937/8595
f 3849/4771 1864/4770 3848/4769
f 3353/3923 3356/3926 3354/3924
f 3353/3923 3364/3935 3356/3926
f 3354/3924 3356/3926 3361/3931
f 3689/4393 3690/4394 3704/4410
f 3689/4393 3688/4392 3690/4394
f 3362/3933 3368/3939 3373/3951
f 3691/4395 3694/4398 3687/4391
f 4601/6359 3374/6360 3377/6361
f 4601/6359 3377/6361 4602/6362
f 5015/7848 5016/7850 5012/7845
f 1869/2036 936/2037 1868/2035
f 1869/7497 4936/7495 936/7499
f 1869/2036 1868/2035 1864/2030
f 1869/7497 4937/7496 4936/7495
f 4497/8786 4496/8777 1477/8779
f 4497/6962 1477/6965 4781/6964
f 4497/6962 4781/6964 4780/6963
f 4497/6100 4495/6098 4496/6099
f 3192/3669 3203/3686 3194/3671
f 3192/3669 3207/3691 3203/3686
f 2872/3225 2874/3227 2873/3226
f 2872/3225 2873/3226 2863/3216
f 3704/4410 3708/4414 3707/4413
f 3704/4410 3690/4394 3708/4414
f 3374/3952 3373/3951 3377/3955
f 936/2037 929/2055 925/2039
f 936/983 935/982 929/976
f 936/2037 925/2039 1868/2035
f 936/7499 4936/7495 935/7500
f 1477/1591 1470/1584 1476/1590
f 1477/1591 1476/1590 1478/1592
f 1477/8779 4496/8777 1470/8776
f 1477/6965 1478/6966 4781/6964
f 3204/3687 2859/3692 3206/3689
f 3204/3687 2857/3690 2859/3692
f 2855/3208 2854/3207 2859/3212
f 2855/3208 2859/3212 2857/3210
f 5013/7846 5012/7845 3696/7852
f 5013/7846 3696/7852 3697/7849
f 3211/3703 3194/3671 3205/3688
f 3211/8464 3210/8465 4494/8462
f 3211/3703 3205/3688 3210/3702
f 3206/3689 2860/3693 3207/3691
f 3206/3689 2859/3692 2860/3693
f 2854/3207 2861/3214 2860/3213
f 2854/3207 2860/3213 2859/3212
f 4780/8205 2875/8206 2874/8207
f 4780/6963 4781/6964 4783/6968
f 4780/8205 4783/8210 2875/8206
f 2874/3227 2875/3228 2873/3226
f 3707/8192 3709/8194 5088/8193
f 3707/4413 3708/4414 3709/4415
f 5088/8594 5089/8600 4937/8595
f 5088/8193 3709/8194 5089/8195
f 3367/3938 3361/3931 3369/3946
f 3367/3938 3379/3959 3368/3939
f 3367/3938 3369/3946 3379/3959
f 3694/4398 3696/4400 3687/4391
f 3694/4398 3697/4401 3696/4400
f 5012/7845 5016/7850 3693/7853
f 5012/7845 3693/7853 3696/7852
f 3194/3671 3203/3686 3205/3688
f 4494/6096 1260/6097 1253/6087
f 4494/6975 4784/6973 1260/6974
f 4494/6096 1253/6087 4486/6084
f 4494/8462 3210/8465 4784/8466
f 2861/3214 2863/3216 2862/3215
f 2861/3214 2862/3215 2860/3213
f 4495/6098 4493/6095 4492/6094
f 4495/6098 4492/6094 4496/6099
f 1476/1590 1470/1584 1468/1582
f 1476/1590 1479/1593 1478/1592
f 1476/1590 1468/1582 1479/1593
f 929/976 928/975 925/972
f 929/976 935/982 928/975
f 3361/4773 3356/4757 1433/4760
f 3361/4773 1433/4760 1028/4774
f 3361/7489 1028/7490 4935/7487
f 3361/7489 4935/7487 3369/7486
f 3368/3939 3378/3956 3373/3951
f 3368/3939 3379/3959 3378/3956
f 3373/3951 3378/3956 3377/3955
f 3687/4391 3693/4397 3688/4392
f 3687/4391 3696/4400 3693/4397
f 5016/7850 4602/7855 3692/7854
f 5016/7850 3692/7854 3693/7853
f 3207/3691 2862/3694 3203/3686
f 3207/3691 2860/3693 2862/3694
f 2863/3216 2873/3226 2866/3219
f 2863/3216 2866/3219 2862/3215
f 3848/4769 1864/4770 1866/4768
f 3848/4769 1866/4768 3847/4767
f 3688/4392 3692/4396 3690/4394
f 3688/4392 3693/4397 3692/4396
f 4602/6362 3377/6361 3381/6365
f 4602/7855 3381/7856 3692/7854
f 1864/2030 1868/2035 1853/2015
f 1864/2030 1855/2017 1866/2033
f 1864/2030 1853/2015 1855/2017
f 3690/4394 3381/4403 3708/4414
f 3690/4394 3692/4396 3381/4403
f 1260/1347 1259/1346 1253/1340
f 1260/1347 1261/1348 1259/1346
f 1260/1685 1557/1683 1261/1684
f 1260/6974 4784/6973 1557/6972
f 4486/6084 1253/6087 1254/6085
f 4486/6084 1254/6085 4487/6086
f 4493/6095 4491/6093 4492/6094
f 4496/8777 4492/8780 5194/8778
f 4496/8777 5193/8775 1470/8776
f 4496/8777 5194/8778 5193/8775
f 4781/6964 1478/6966 4782/6967
f 4781/6964 4782/6967 4783/6968
f 3356/4757 1431/4759 1433/4760
f 3356/4757 3364/4758 1431/4759
f 1028/1545 1433/1543 1026/1544
f 1028/1085 1026/1083 1027/1084
f 1028/1085 1027/1084 1029/1086
f 1028/7490 1029/7491 4935/7487
f 3203/3686 2866/3695 3205/3688
f 3203/3686 2862/3694 2866/3695
f 2873/3226 2875/3228 2876/3229
f 2873/3226 2876/3229 2866/3219
f 4937/7496 3382/7488 4936/7495
f 4937/8595 5089/8600 3382/8601
f 3708/4414 3380/4416 3709/4415
f 3708/4414 3381/4403 3380/4416
f 3377/3955 3378/3956 3380/3960
f 3377/3955 3380/3960 3381/3961
f 1253/1340 1250/1337 1254/1341
f 1253/1340 1259/1346 1248/1335
f 1253/1340 1248/1335 1250/1337
f 4487/6086 1255/6088 4488/6089
f 4487/6086 1254/6085 1255/6088
f 4492/6094 4491/6093 4490/6092
f 4492/8780 4490/8782 5195/8781
f 4492/8780 5195/8781 5194/8778
f 1470/1584 1465/1579 1468/1582
f 1470/8776 5193/8775 1465/8774
f 3847/4767 1866/4768 1867/4765
f 3847/4767 1867/4765 3846/4766
f 1868/2035 925/2039 1852/2014
f 1868/2035 1852/2014 1853/2015
f 4491/6093 4489/6091 4490/6092
f 1478/1592 1479/1593 1481/1595
f 1478/6966 1481/6976 4782/6967
f 1433/1543 1431/1541 1427/1537
f 1433/1543 1425/1535 1026/1544
f 1433/1543 1427/1537 1425/1535
f 4936/7495 934/7494 935/7500
f 4936/7495 3382/7488 934/7494
f 1261/1348 1262/1349 1259/1346
f 1261/1684 1554/1680 1262/1675
f 1261/1684 1557/1683 1554/1680
f 4488/6089 1268/6090 4489/6091
f 4488/6089 1255/6088 1268/6090
f 4489/6091 1268/6090 4490/6092
f 1866/2033 1857/2019 1867/2034
f 1866/2033 1855/2017 1857/2019
f 3846/4766 1867/4765 3845/4764
f 925/972 928/975 923/970
f 925/972 923/970 902/949
f 925/2039 902/2038 1852/2014
f 3364/4758 3376/4762 1432/4761
f 3364/4758 1432/4761 1431/4759
f 1254/1341 1252/1339 1255/1342
f 1254/1341 1250/1337 1252/1339
f 4490/8782 1268/8784 1266/8783
f 4490/8782 1266/8783 5195/8781
f 1468/1582 1467/1581 1479/1593
f 1468/1582 1463/1577 1467/1581
f 1468/1582 1465/1579 1463/1577
f 3845/4764 1436/4763 3376/4762
f 3845/4764 1867/4765 1436/4763
f 3376/4762 1436/4763 1432/4761
f 1027/1084 1026/1083 1022/1075
f 1027/1084 1022/1075 1030/1087
f 1027/1084 1030/1087 1029/1086
f 3205/3688 2877/3697 3210/3702
f 3205/3688 2866/3695 2876/3696
f 3205/3688 2876/3696 2877/3697
f 3210/8465 2877/8467 4784/8466
f 4783/8210 2877/8214 2875/8206
f 4783/6968 4782/6967 2877/6969
f 2875/3228 2877/3230 2876/3229
f 1479/1593 1467/1581 1480/1594
f 1479/1593 1480/1594 1481/1595
f 5089/8195 3709/8194 3382/8196
f 3709/4415 3380/4416 3382/4417
f 3369/8653 3382/8654 3379/8655
f 3369/7486 4935/7487 3382/7488
f 3379/3959 3382/3962 3378/3956
f 3378/3956 3382/3962 3380/3960
f 1259/1676 1262/1675 1247/1672
f 1259/1346 1247/1334 1248/1335
f 1255/1342 1266/1353 1268/1355
f 1255/1342 1252/1339 1266/1353
f 1867/2034 1435/2031 1436/2040
f 1867/2034 1857/2019 1435/2031
f 1431/1541 1432/1542 1429/1539
f 1431/1541 1429/1539 1427/1537
f 935/982 931/978 928/975
f 935/982 934/981 931/978
f 1026/1083 1025/1082 1022/1075
f 1026/1544 1425/1535 1025/1534
f 1436/1548 1435/1547 1432/1542
f 1432/1542 1435/1547 1429/1539
f 1262/1675 1554/1680 1553/1674
f 1262/1675 1553/1674 1551/1666
f 1262/1675 1551/1666 1247/1672
f 4784/6973 2877/6969 1557/6972
f 928/975 930/977 923/970
f 928/975 931/978 930/977
f 4935/7487 1029/7491 3382/7488
f 1022/1075 1021/1074 1030/1087
f 1022/1075 1014/1067 1021/1074
f 1022/1075 1025/1082 1014/1067
f 1557/1683 1556/1682 1554/1680
f 1557/6972 2877/6969 1556/6971
f 1029/1086 1030/1087 1031/1088
f 1029/7491 1031/7492 3382/7488
f 4782/6967 1488/6970 2877/6969
f 4782/6967 1481/6976 1488/6970
f 1467/1581 1466/1580 1480/1594
f 1467/1581 1457/1571 1466/1580
f 1467/1581 1463/1577 1457/1571
f 1554/1680 1555/1681 1553/1674
f 1554/1680 1556/1682 1555/1681
f 934/7494 3382/7488 933/7493
f 934/981 933/980 931/978
f 1030/1087 1032/1089 1031/1088
f 1030/1087 1021/1074 1032/1089
f 2877/6969 1488/6970 1556/6971
f 1481/1595 1480/1594 1487/1601
f 1481/1595 1487/1601 1488/1602
f 3382/7488 1031/7492 933/7493
f 923/970 930/977 924/971
f 923/970 899/946 902/949
f 923/970 924/971 899/946
f 931/978 932/979 930/977
f 931/978 933/980 932/979
f 1480/1594 1486/1600 1487/1601
f 1480/1594 1466/1580 1486/1600
f 1488/1689 1487/1688 1556/1682
f 1553/1674 1555/1681 1552/1673
f 1553/1674 1552/1673 1543/1657
f 1553/1674 1543/1657 1551/1666
f 1556/1682 1487/1688 1555/1681
f 1853/2015 1852/2014 1846/2006
f 1853/2015 1854/2016 1855/2017
f 1853/2015 1846/2006 1854/2016
f 930/977 937/984 924/971
f 930/977 932/979 937/984
f 933/1092 1031/1088 932/1091
f 1031/1088 1032/1089 932/1091
f 5193/8775 5188/8762 1465/8774
f 5193/8775 5194/8778 5136/8788
f 5193/8775 5136/8788 5188/8762
f 1852/2014 902/2038 927/2011
f 1852/2014 927/2011 1846/2006
f 1021/1074 1023/1076 1032/1089
f 1021/1074 1011/1064 1023/1076
f 1021/1074 1014/1067 1011/1064
f 1555/1681 1487/1688 1486/1690
f 1555/1681 1486/1690 1552/1673
f 1466/1580 1475/1589 1486/1600
f 1466/1580 1457/1571 1456/1570
f 1466/1580 1456/1570 1475/1589
f 1465/1579 1464/1578 1463/1577
f 1465/8774 5188/8762 1464/8765
f 1463/1577 1461/1575 1457/1571
f 1463/1577 1464/1578 1461/1575
f 1855/2017 1856/2018 1857/2019
f 1855/2017 1854/2016 1856/2018
f 902/949 899/946 901/948
f 902/949 901/948 927/974
f 5194/8778 5195/8781 5134/8785
f 5194/8778 5134/8785 5136/8788
f 1032/1089 937/1093 932/1091
f 1032/1089 1023/1076 937/1093
f 924/971 937/984 926/973
f 924/971 903/950 899/946
f 924/971 926/973 903/950
f 1486/1690 1475/1679 1552/1673
f 1552/1673 1475/1679 1542/1656
f 1552/1673 1542/1656 1543/1657
f 1457/1571 1449/1563 1456/1570
f 1457/1571 1461/1575 1449/1563
f 937/1093 1023/1076 926/1090
f 5195/8781 1266/8783 1263/8787
f 5195/8781 1263/8787 5134/8785
f 1857/2019 1434/2029 1435/2031
f 1857/2019 1856/2018 1434/2029
f 899/946 903/950 900/947
f 899/946 900/947 901/948
f 1023/1076 1010/1063 926/1090
f 1023/1076 1011/1064 1010/1063
f 1248/1335 1249/1336 1250/1337
f 1248/1335 1247/1334 1235/1322
f 1248/1335 1235/1322 1249/1336
f 1475/1589 1456/1570 1472/1586
f 1475/1679 1472/1678 1542/1656
f 1250/1337 1251/1338 1252/1339
f 1250/1337 1249/1336 1251/1338
f 1425/1535 1427/1537 1426/1536
f 1425/1535 1424/1531 1025/1534
f 1425/1535 1426/1536 1424/1531
f 1266/1353 1252/1339 1263/1350
f 926/973 920/967 903/950
f 926/1090 1010/1063 920/1081
f 1247/1672 1551/1666 1245/1671
f 1247/1334 1245/1332 1235/1322
f 1551/1666 1543/1657 1550/1665
f 1551/1666 1550/1665 1245/1671
f 1252/1339 1251/1338 1263/1350
f 1456/1570 1451/1565 1472/1586
f 1456/1570 1449/1563 1451/1565
f 1435/1547 1434/1546 1429/1539
f 1427/1537 1429/1539 1428/1538
f 1427/1537 1428/1538 1426/1536
f 1429/1539 1434/1546 1428/1538
f 1025/1082 1024/1077 1014/1067
f 1025/1534 1424/1531 1024/1533
f 1014/1067 1012/1065 1011/1064
f 1014/1067 1024/1077 1012/1065
f 903/950 920/967 904/951
f 903/950 904/951 900/947
f 1543/1657 1542/1656 1539/1653
f 1543/1657 1539/1653 1550/1665
f 1472/1678 1534/1648 1542/1656
f 1472/1586 1451/1565 1471/1585
f 1472/1678 1471/1677 1534/1648
f 1011/1064 1001/1054 1010/1063
f 1011/1064 1012/1065 1001/1054
f 1542/1656 1534/1648 1539/1653
f 920/1081 1010/1063 1003/1056
f 920/967 919/966 904/951
f 920/1081 1003/1056 919/1080
f 1010/1063 1001/1054 1003/1056
f 1846/2006 927/2011 907/2009
f 1846/2006 1848/2008 1854/2016
f 1846/2006 1847/2007 1848/2008
f 1846/2006 907/2009 1847/2007
f 927/974 901/948 907/954
f 901/948 900/947 906/953
f 901/948 906/953 907/954
f 5188/8762 1462/8764 1464/8765
f 5188/8762 5136/8788 5189/8766
f 5188/8762 5189/8766 4743/8763
f 5188/8762 4743/8763 1462/8764
f 1464/1578 1462/1576 1461/1575
f 1461/1575 1458/1572 1449/1563
f 1461/1575 1462/1576 1458/1572
f 1449/1563 1450/1564 1451/1565
f 1449/1563 1458/1572 1450/1564
f 1854/2016 1848/2008 1856/2018
f 900/947 904/951 905/952
f 900/947 905/952 906/953
f 5136/8788 5135/8768 5189/8766
f 5136/8489 5134/8485 5135/8488
f 1848/2008 1850/2012 1856/2018
f 1848/2008 1849/2010 1850/2012
f 1848/2008 1847/2007 1849/2010
f 5189/8766 5135/8768 5190/8767
f 5189/8766 5190/8767 4743/8763
f 1451/1565 1452/1566 1471/1585
f 1451/1565 1450/1564 1452/1566
f 904/951 919/966 908/955
f 904/951 908/955 905/952
f 5134/8485 1267/8487 5135/8488
f 5134/8485 1263/8486 1267/8487
f 1856/2018 1850/2012 1434/2029
f 1235/1322 1245/1332 1236/1323
f 1235/1322 1238/1325 1249/1336
f 1235/1322 1237/1324 1238/1325
f 1235/1322 1236/1323 1237/1324
f 5135/8768 1267/8771 5191/8769
f 5135/8768 5191/8769 5190/8767
f 1471/1677 1535/1649 1534/1648
f 1471/1677 1473/1669 1535/1649
f 1471/1585 1452/1566 1473/1587
f 1850/2012 1437/2027 1434/2029
f 1850/2012 1851/2013 1437/2027
f 1850/2012 1849/2010 1851/2013
f 1245/1671 1550/1665 1236/1667
f 1550/1665 1539/1653 1549/1664
f 1550/1665 1549/1664 1236/1667
f 1249/1336 1238/1325 1251/1338
f 1539/1653 1534/1648 1536/1650
f 1539/1653 1536/1650 1549/1664
f 1534/1648 1535/1649 1536/1650
f 1263/1350 1251/1338 1244/1331
f 1263/1350 1244/1331 1267/1354
f 919/1080 1003/1056 1004/1057
f 919/966 922/969 908/955
f 919/1080 1004/1057 922/1079
f 1238/1325 1244/1331 1251/1338
f 1238/1325 1239/1326 1244/1331
f 1238/1325 1237/1324 1239/1326
f 1267/1354 1244/1331 1256/1343
f 1267/8771 1256/8772 5191/8769
f 1434/1546 1437/1549 1428/1538
f 1424/1531 1020/1532 1024/1533
f 1424/1531 1426/1536 1422/1529
f 1424/1531 1422/1529 1421/1528
f 1424/1531 1421/1528 1020/1532
f 1024/1077 1020/1073 1012/1065
f 1012/1065 1013/1066 1001/1054
f 1012/1065 1020/1073 1013/1066
f 1001/1054 1002/1055 1003/1056
f 1001/1054 1013/1066 1002/1055
f 1003/1056 1002/1055 1004/1057
f 1244/1331 1239/1326 1256/1343
f 1437/1549 1423/1530 1428/1538
f 1437/1549 1438/1550 1423/1530
f 1437/2027 1851/2013 1438/2028
f 1428/1538 1422/1529 1426/1536
f 1428/1538 1423/1530 1422/1529
f 1422/1529 1423/1530 1420/1527
f 1422/1529 1420/1527 1421/1528
f 1423/1530 1438/1550 1430/1540
f 1423/1530 1430/1540 1420/1527
f 1473/1669 1538/1652 1535/1649
f 1473/1587 1452/1566 1469/1583
f 1473/1669 1469/1668 1538/1652
f 1535/1649 1537/1651 1536/1650
f 1535/1649 1538/1652 1537/1651
f 1452/1566 1450/1564 1453/1567
f 1452/1566 1453/1567 1469/1583
f 922/969 921/968 908/955
f 922/1079 1004/1057 1006/1059
f 922/1079 1006/1059 921/1078
f 908/955 909/956 905/952
f 908/955 921/968 909/956
f 1004/1057 1002/1055 1005/1058
f 1004/1057 1005/1058 1006/1059
f 1450/1564 1458/1572 1454/1568
f 1450/1564 1454/1568 1453/1567
f 905/952 910/957 906/953
f 905/952 909/956 910/957
f 3811/7171 3228/7178 3814/7179
f 3811/4666 3814/4669 3812/4667
f 3811/7171 3817/7167 3233/7169
f 3811/4666 3813/4668 3817/4677
f 3811/7171 3233/7169 3228/7178
f 3811/4666 3812/4667 3813/4668
f 1536/1650 1544/1658 1549/1664
f 1536/1650 1537/1651 1544/1658
f 3814/7179 3228/7178 3230/7180
f 3814/7179 3230/7180 3816/7181
f 3814/4669 3816/4671 3815/4670
f 3814/4669 3815/4670 3812/4667
f 4153/7818 4156/7820 4741/7819
f 4153/5336 4155/5338 4156/5339
f 4153/7818 4741/7819 3214/7817
f 4153/7818 3214/7817 4157/7809
f 4153/5336 4157/5340 4154/5337
f 4153/5336 4154/5337 4155/5338
f 4156/7820 4739/7821 4741/7819
f 4156/7820 4151/7822 4739/7821
f 4156/5339 4152/5335 4151/5334
f 4156/5339 4155/5338 4152/5335
f 1002/1055 1013/1066 1009/1062
f 1002/1055 1009/1062 1005/1058
f 3817/7167 4059/7168 3233/7169
f 3817/7167 4049/7170 4059/7168
f 3817/5136 3818/5135 4049/5134
f 3817/4677 3813/4668 3818/4678
f 3228/3725 3229/3726 3230/3727
f 3228/3725 3233/3733 3231/3728
f 3228/3725 3231/3728 3229/3726
f 3214/6775 4741/6773 4742/6774
f 3214/7817 3216/7806 4157/7809
f 3214/3711 3215/3712 3216/3713
f 3214/6775 4742/6774 3215/6776
f 4741/6773 4739/6771 4740/6772
f 4741/6773 4740/6772 4742/6774
f 4151/7822 4736/7823 4739/7821
f 4151/7822 4148/7824 4736/7823
f 4151/5334 4150/5333 4148/5330
f 4151/5334 4152/5335 4150/5333
f 3230/7180 3232/7182 3816/7181
f 3230/3727 1858/3729 3232/3730
f 3230/3727 3229/3726 1858/3729
f 3816/7752 3232/7749 1847/7751
f 3816/7752 1847/7751 907/7753
f 3816/4671 907/4673 1865/4672
f 3816/4671 1865/4672 3815/4670
f 4157/7809 3216/7806 4116/7808
f 4157/5340 4116/5342 4158/5341
f 4157/5340 4158/5341 4154/5337
f 3233/5151 4059/5149 3234/5150
f 3233/3733 3234/3734 3231/3728
f 3216/7806 3218/7807 4116/7808
f 3216/3713 3217/3714 3218/3715
f 3216/3713 3215/3712 3217/3714
f 4739/6771 4736/6768 4738/6770
f 4739/6771 4738/6770 4740/6772
f 3232/7749 1849/7750 1847/7751
f 3232/3730 1858/3729 1847/3731
f 3232/7236 1858/7237 1849/7238
f 1458/1572 1462/1576 1459/1573
f 1458/1572 1459/1573 1454/1568
f 4148/7824 1462/7825 4736/7823
f 4148/5330 4149/5331 1462/5332
f 4148/5330 4150/5333 4149/5331
f 4049/7170 4057/7172 4059/7168
f 4049/7170 4047/7173 4057/7172
f 4049/5134 4048/5133 4047/5132
f 4049/5134 3818/5135 4048/5133
f 906/953 912/959 907/954
f 906/953 910/957 912/959
f 4116/7808 3218/7807 4114/7810
f 4116/5254 4114/5252 4115/5253
f 4116/5342 4115/5343 4158/5341
f 4059/5149 4057/5147 4058/5148
f 4059/5149 4058/5148 3234/5150
f 3218/7807 3220/7811 4114/7810
f 3218/3715 3219/3716 3220/3717
f 3218/3715 3217/3714 3219/3716
f 4736/7823 1462/7825 4743/7826
f 4736/6768 4743/6777 4737/6769
f 4736/6768 4737/6769 4738/6770
f 1847/3731 1858/3729 1865/3732
f 4743/8763 5190/8767 4737/8770
f 1849/2010 1858/2020 1851/2013
f 907/4673 914/4674 1865/4672
f 907/954 912/959 914/961
f 1462/8804 4149/8805 1474/8806
f 1462/1576 1474/1588 1459/1573
f 4114/7810 3220/7811 4112/7812
f 4114/5252 4112/5250 4113/5251
f 4114/5252 4113/5251 4115/5253
f 3220/7811 4261/7813 4112/7812
f 3220/5559 3221/5558 4261/5552
f 3220/3717 3219/3716 3221/3718
f 4047/7173 4052/7174 4057/7172
f 4047/7173 4042/7175 4052/7174
f 4047/5132 4046/5131 4042/5127
f 4047/5132 4048/5133 4046/5131
f 4057/5147 4052/5142 4056/5146
f 4057/5147 4056/5146 4058/5148
f 4112/7812 4261/7813 4109/7814
f 4112/5250 4109/5247 4111/5249
f 4112/5250 4111/5249 4113/5251
f 4261/7813 4263/7815 4109/7814
f 4261/5552 4262/5553 4263/5554
f 4261/5552 3221/5558 4262/5553
f 4052/7174 4042/7175 4053/7176
f 4052/5142 4053/5143 4054/5144
f 4052/5142 4054/5144 4056/5146
f 4042/7175 4044/7177 4053/7176
f 4042/5127 4043/5128 4044/5129
f 4042/5127 4046/5131 4043/5128
f 3813/6716 3812/6719 3229/6718
f 3813/6716 3231/6712 3818/6710
f 3813/6716 3229/6718 3231/6712
f 3812/6719 1858/6720 3229/6718
f 3812/6719 3815/6721 1858/6720
f 4155/6952 4154/6950 3215/6951
f 4155/6952 4742/6953 4152/6954
f 4155/6952 3215/6951 4742/6953
f 4154/6950 3217/6949 3215/6951
f 4154/6950 4158/6939 3217/6949
f 4152/6954 4742/6953 4740/6955
f 4152/6954 4740/6955 4150/6956
f 5190/8767 5191/8769 5192/8773
f 5190/8767 5192/8773 4737/8770
f 3818/6710 3231/6712 3234/6707
f 3818/6710 3234/6707 4048/6709
f 3815/6721 1865/6722 1858/6720
f 4263/7815 1237/7816 4109/7814
f 4263/5554 4264/5555 1237/5556
f 4263/5554 4262/5553 4264/5555
f 4740/6955 4738/6957 4150/6956
f 4109/7814 1237/7816 1236/7827
f 4109/5247 1236/5255 4110/5248
f 4109/5247 4110/5248 4111/5249
f 4158/6939 3219/6941 3217/6949
f 4158/6939 4115/6940 3219/6941
f 4150/6956 4738/6957 4149/6958
f 3234/6707 4058/6708 4048/6709
f 1858/2020 1859/2021 1851/2013
f 1858/2020 1865/2032 1862/2024
f 1858/2020 1862/2024 1860/2022
f 1858/2020 1860/2022 1859/2021
f 914/4674 917/4675 1865/4672
f 914/961 912/959 915/962
f 914/4674 915/4676 917/4675
f 4053/7176 4044/7177 1421/7183
f 4053/5143 1421/5152 4055/5145
f 4053/5143 4055/5145 4054/5144
f 1237/1324 1240/1327 1239/1326
f 1237/5556 4264/5555 1240/5557
f 1474/8796 4149/8792 1483/8793
f 1474/1588 1482/1596 1459/1573
f 1474/1588 1483/1597 1482/1596
f 1851/2013 1859/2021 1438/2028
f 4044/7177 4050/7184 1421/7183
f 4044/5129 4045/5130 4050/5137
f 4044/5129 4043/5128 4045/5130
f 1549/1664 1546/1660 1236/1667
f 1549/1664 1544/1658 1546/1660
f 5191/8769 1256/8772 5196/8789
f 5191/8769 5196/8789 5192/8773
f 4738/6957 4737/6959 4149/6958
f 4149/8792 4737/8770 4466/8791
f 4149/8792 4466/8791 1483/8793
f 4048/6709 4058/6708 4046/6711
f 1865/2032 917/2044 1870/2043
f 1865/2032 1870/2043 1862/2024
f 1421/7183 4050/7184 1020/7185
f 1421/1528 1420/1527 1418/1525
f 1421/5152 1418/5153 4055/5145
f 1013/1066 1020/1073 1015/1068
f 1013/1066 1015/1068 1009/1062
f 4115/6940 3221/6942 3219/6941
f 4115/6940 4113/6943 3221/6942
f 4058/6708 4056/6713 4046/6711
f 915/962 912/959 916/963
f 915/962 916/963 917/964
f 912/959 910/957 911/958
f 912/959 911/958 913/960
f 912/959 913/960 916/963
f 4737/8770 4464/8790 4466/8791
f 4737/8770 5192/8773 4464/8790
f 1459/1573 1482/1596 1484/1598
f 1459/1573 1455/1569 1454/1568
f 1459/1573 1460/1574 1455/1569
f 1459/1573 1484/1598 1460/1574
f 1482/1596 1483/1597 1484/1598
f 4050/5137 4051/5138 1020/5139
f 4050/5137 4045/5130 4051/5138
f 1236/5255 1265/5256 4110/5248
f 1236/1667 1546/1660 1265/1670
f 917/2044 918/2045 1870/2043
f 917/964 916/963 918/965
f 1020/5139 4051/5138 1019/5140
f 1020/1073 1019/1072 1015/1068
f 1256/1343 1239/1326 1257/1344
f 1256/8772 1257/8800 5196/8789
f 1483/8793 4466/8791 1485/8794
f 1483/1597 1485/1599 1484/1598
f 1438/1550 1439/1551 1430/1540
f 1438/2028 1859/2021 1439/2025
f 4046/6711 4056/6713 4043/6714
f 4113/6943 4262/6944 3221/6942
f 4113/6943 4111/6945 4262/6944
f 4056/6713 4054/6715 4043/6714
f 1870/2043 1860/2022 1862/2024
f 1870/2043 1872/2047 1860/2022
f 1870/2043 1871/2046 1872/2047
f 1870/2043 918/2045 1871/2046
f 4466/6016 4464/6013 4465/6015
f 4466/8807 4465/8808 4934/8809
f 4466/8791 4934/8795 1485/8794
f 1430/1540 1416/1523 1420/1527
f 1430/1540 1439/1551 1416/1523
f 1239/1326 1241/1328 1257/1344
f 1239/1326 1240/1327 1241/1328
f 4731/6747 1660/6759 874/6763
f 4731/6747 874/6763 4733/6751
f 4731/6747 1469/6748 1453/6749
f 4731/6747 4733/6751 1469/6748
f 4731/6747 4732/6750 1660/6759
f 4731/6747 1453/6749 4732/6750
f 874/1814 1661/1804 873/1818
f 874/910 873/909 872/908
f 874/1814 1660/1803 1661/1804
f 874/6763 872/6762 4733/6751
f 1859/2021 1861/2023 1439/2025
f 1859/2021 1860/2022 1861/2023
f 4298/5641 1107/5651 4302/5650
f 4298/5641 4305/5656 1107/5651
f 4298/5641 4302/5650 4299/5644
f 4298/5641 4299/5644 909/5642
f 4298/5641 909/5642 921/5643
f 4298/5641 921/5643 4305/5656
f 1107/8732 5182/8712 4302/8706
f 1107/8739 1106/8740 5182/8741
f 1107/1193 1101/1187 1106/1192
f 1107/5651 4305/5656 1101/5664
f 5192/8773 4461/8803 4464/8790
f 5192/8773 5196/8789 4461/8803
f 1420/1527 1416/1523 1413/1520
f 1420/1527 1413/1520 1418/1525
f 910/957 909/956 911/958
f 4111/6945 4264/6946 4262/6944
f 4111/6945 4110/6947 4264/6946
f 4043/6714 4054/6715 4045/6717
f 4054/6715 4055/6723 4045/6717
f 1469/1668 1540/1654 1538/1652
f 1469/6748 4733/6751 1540/6752
f 1454/1568 1455/1569 1453/1567
f 4464/6013 4463/6012 4465/6015
f 4464/6013 4461/6010 4463/6012
f 921/1078 1006/1059 1007/1060
f 921/5643 1007/5657 4305/5656
f 1538/1652 1540/1654 1537/1651
f 5196/8789 1257/8800 4462/8801
f 5196/8789 4462/8801 4461/8803
f 4299/5644 4302/5650 4301/5649
f 4299/5644 911/5645 909/5642
f 4299/5644 4301/5649 4300/5646
f 4299/5644 4300/5646 911/5645
f 4302/8706 5182/8712 5178/8700
f 4302/8706 5178/8700 4301/8703
f 873/1818 1661/1804 858/1822
f 873/909 858/893 853/888
f 873/909 871/907 872/908
f 873/909 853/888 871/907
f 4732/6750 1657/6764 1660/6759
f 4732/6750 1453/6749 1455/6757
f 4732/6750 4735/6758 1657/6764
f 4732/6750 1455/6757 4735/6758
f 1660/1803 1656/1799 1661/1804
f 1660/1803 1657/1800 1656/1799
f 1106/8740 1108/8742 5182/8741
f 1106/1192 1088/1174 1108/1194
f 1106/1192 1101/1187 1100/1186
f 1106/1192 1100/1186 1088/1174
f 4264/6946 4110/6947 1240/6948
f 1439/2025 1863/2026 1416/2041
f 1439/2025 1861/2023 1863/2026
f 1860/2022 1872/2047 1861/2023
f 1006/1059 1005/1058 1007/1060
f 4110/6947 1265/6960 1240/6948
f 1537/1651 1541/1655 1544/1658
f 1537/1651 1540/1654 1541/1655
f 4465/8808 4463/8811 4933/8810
f 4465/8808 4933/8810 4934/8809
f 1872/2047 1874/2049 1861/2023
f 1872/2047 1873/2048 1874/2049
f 1872/2047 1871/2046 1873/2048
f 4055/6723 4051/6724 4045/6717
f 4055/6723 1418/6725 4051/6724
f 1257/1344 1241/1328 1258/1345
f 1257/8800 1258/8802 4462/8801
f 858/1822 1661/1804 1663/1806
f 858/1822 1663/1806 1662/1805
f 858/893 856/891 853/888
f 858/1822 1662/1805 856/1819
f 1108/8742 5179/8743 5182/8741
f 1108/8731 5187/8730 5179/8701
f 1108/1194 1088/1174 1104/1190
f 1108/8733 1104/8734 5187/8735
f 1265/1352 1264/1351 1240/1327
f 1265/1670 1546/1660 1264/1662
f 1240/1327 1242/1329 1241/1328
f 1240/1327 1264/1351 1243/1330
f 1240/1327 1243/1330 1242/1329
f 1544/1658 1545/1659 1546/1660
f 1544/1658 1541/1655 1545/1659
f 5182/8712 5179/8701 5178/8700
f 1005/1058 1009/1062 1008/1061
f 1005/1058 1008/1061 1007/1060
f 1661/1804 1656/1799 1663/1806
f 1416/1523 1414/1521 1413/1520
f 1416/2041 1863/2026 1414/2042
f 1546/1660 1547/1661 1264/1662
f 1546/1660 1545/1659 1547/1661
f 1241/1328 1242/1329 1246/1333
f 1241/1328 1246/1333 1258/1345
f 1418/1525 1413/1520 1417/1524
f 1418/6725 1033/6726 4051/6724
f 1418/6725 1419/6727 1033/6726
f 1418/1525 1417/1524 1419/1526
f 1019/5140 4051/5138 1033/5141
f 1019/1072 1018/1071 1015/1068
f 1019/1072 1033/1094 1018/1071
f 1009/1062 1015/1068 1016/1069
f 1009/1062 1016/1069 1008/1061
f 70/4722 58/4724 57/4725
f 70/4722 3838/4712 58/4724
f 70/4722 57/4725 73/4726
f 70/71 73/74 71/72
f 70/4722 31/4721 3838/4712
f 70/71 74/75 31/77
f 70/71 72/73 74/75
f 70/71 71/72 72/73
f 58/59 55/56 57/58
f 58/4724 3838/4712 60/4719
f 58/59 60/61 59/60
f 58/59 59/60 55/56
f 1413/1520 1415/1522 1417/1524
f 1413/1520 1414/1521 1415/1522
f 4300/5646 4301/5649 916/5648
f 4300/5646 913/5647 911/5645
f 4300/5646 916/5648 913/5647
f 4301/8703 5178/8700 4303/8702
f 4301/5649 4303/5652 916/5648
f 5179/8701 5164/8679 5178/8700
f 5179/8701 5165/8680 5164/8679
f 5179/8701 5187/8730 5165/8680
f 1663/1806 1656/1799 1647/1790
f 1663/1806 1647/1790 1646/1789
f 1663/1806 1646/1789 1662/1805
f 4735/6758 1484/6766 1657/6764
f 4735/6758 1455/6757 1460/6765
f 4735/6758 1460/6765 1484/6766
f 1657/1800 1655/1798 1656/1799
f 1657/6764 1484/6766 1655/6767
f 1015/1068 1018/1071 1017/1070
f 1015/1068 1017/1070 1016/1069
f 4461/6010 4462/6011 4463/6012
f 1861/2023 1874/2049 1863/2026
f 4305/5656 4306/5658 1101/5664
f 4305/5656 1007/5657 4306/5658
f 4733/6751 872/6762 4734/6753
f 4733/6751 4734/6753 1540/6752
f 4463/6012 4462/6011 2836/6014
f 4463/8811 2836/8813 4932/8812
f 4463/8811 4932/8812 4933/8810
f 1101/1187 1099/1185 1100/1186
f 1101/5664 4306/5658 1099/5662
f 1264/6517 1558/6508 1243/6512
f 1264/1662 1548/1663 1558/1686
f 1264/1662 1547/1661 1548/1663
f 872/908 871/907 870/906
f 872/6762 870/6760 4734/6753
f 73/1699 57/1700 56/1701
f 73/74 56/78 71/72
f 57/58 55/56 56/57
f 1874/2049 1876/2051 1863/2026
f 1874/2049 1875/2050 1876/2051
f 1874/2049 1873/2048 1875/2050
f 1018/1071 1033/1094 1017/1070
f 5178/8700 5164/8679 5166/8681
f 5178/8700 5166/8681 4303/8702
f 1243/6512 1558/6508 1242/6507
f 1656/1799 1653/1796 1647/1790
f 1656/1799 1655/1798 1653/1796
f 31/4721 29/4713 3838/4712
f 31/32 24/25 29/30
f 31/77 74/75 24/79
f 3838/4712 3839/4714 60/4719
f 3838/4712 29/4713 3839/4714
f 1540/6752 4734/6753 1541/6754
f 60/4719 3839/4714 62/4717
f 60/61 62/63 61/62
f 60/61 61/62 59/60
f 1419/1526 1445/1557 1033/1560
f 1419/1526 1417/1524 1445/1557
f 1033/1560 1445/1557 1034/1559
f 1033/1094 1034/1095 1017/1070
f 5164/8679 5161/8675 5166/8681
f 5164/8679 5162/8676 5161/8675
f 5164/8679 5165/8680 5162/8676
f 1647/1790 1653/1796 1648/1791
f 1647/1790 1648/1791 1645/1788
f 1647/1790 1645/1788 1646/1789
f 1007/5657 1008/5659 4306/5658
f 1100/1186 1085/1171 1088/1174
f 1100/1186 1099/1185 1098/1184
f 1100/1186 1098/1184 1085/1171
f 871/8672 853/8673 851/8674
f 871/907 868/904 870/906
f 871/907 851/886 868/904
f 4462/6516 1258/6513 2836/6515
f 1863/2026 1876/2051 1414/2042
f 29/4713 30/4715 3839/4714
f 29/30 28/29 30/31
f 29/30 24/25 28/29
f 3839/4714 3840/4716 62/4717
f 3839/4714 30/4715 3840/4716
f 62/4717 3840/4716 64/4718
f 62/63 64/65 63/64
f 62/63 63/64 61/62
f 1088/1174 1087/1173 1104/1190
f 1088/1174 1085/1171 1087/1173
f 853/888 856/891 848/883
f 853/888 848/883 851/886
f 30/4715 33/4723 3840/4716
f 30/31 32/33 33/34
f 30/31 28/29 32/33
f 3840/4716 1035/4720 64/4718
f 3840/4716 33/4723 1035/4720
f 64/4718 1035/4720 66/4727
f 64/65 66/67 65/66
f 64/65 65/66 63/64
f 1242/6507 1558/6508 2828/6509
f 1242/6507 2828/6509 1246/6510
f 2836/6515 1258/6513 2834/6514
f 2836/3177 2834/3175 2835/3176
f 2836/8813 2835/8814 4932/8812
f 916/5648 4303/5652 4304/5653
f 916/5648 4304/5653 918/5654
f 1558/3179 1559/3178 2828/3169
f 1558/1686 1548/1663 1559/1687
f 1876/2051 1448/2053 1414/2042
f 1876/2051 1877/2052 1448/2053
f 1876/2051 1875/2050 1877/2052
f 1417/1524 1415/1522 1440/1552
f 1417/1524 1440/1552 1445/1557
f 4303/8702 5166/8681 4304/8704
f 1104/8717 5177/8697 5187/8730
f 1104/1190 1087/1173 1103/1189
f 1104/8717 1103/8716 5177/8697
f 856/1819 1662/1805 1642/1785
f 856/891 855/890 848/883
f 856/1819 1642/1785 855/1820
f 1258/6513 1246/6510 2832/6511
f 1258/6513 2832/6511 2834/6514
f 1484/8798 1654/8797 1655/8799
f 1484/8798 1485/8794 1654/8797
f 1655/1798 1654/1797 1653/1796
f 1414/1521 1440/1552 1415/1522
f 1414/1521 1448/1562 1441/1553
f 1414/1521 1441/1553 1440/1552
f 1246/6510 2828/6509 2832/6511
f 918/5654 4304/5653 1871/5655
f 1445/1557 1440/1552 1444/1556
f 1445/1557 1444/1556 1034/1559
f 4304/8704 5166/8681 5181/8707
f 4304/7671 4975/7667 1871/7670
f 4304/8704 5181/8707 4975/8713
f 5166/8681 5161/8675 5181/8707
f 5187/8730 5167/8682 5165/8680
f 5187/8730 5177/8697 5167/8682
f 2834/3175 2832/3173 2833/3174
f 2834/3175 2833/3174 2835/3176
f 1662/1805 1646/1789 1644/1787
f 1662/1805 1644/1787 1642/1785
f 1485/8794 4934/8795 1654/8797
f 2828/6509 2830/6518 2832/6511
f 2828/3169 2829/3170 2830/3171
f 2828/3169 1559/3178 2829/3170
f 1654/1797 1652/1795 1653/1796
f 1654/7484 4934/7482 1658/7467
f 1654/1797 1658/1801 1652/1795
f 1653/1796 1652/1795 1648/1791
f 1448/1562 1447/1561 1441/1553
f 1448/2053 1877/2052 1447/2054
f 1871/7670 4975/7667 1873/7669
f 5161/8675 5163/8677 5181/8707
f 5161/8675 5162/8676 5163/8677
f 4934/7482 4933/7481 1658/7467
f 33/1099 34/1097 1035/1096
f 33/34 32/33 34/35
f 1035/1096 1036/1098 66/1100
f 1035/1096 34/1097 1036/1098
f 66/67 67/68 65/66
f 66/67 68/69 67/68
f 66/1100 1036/1098 68/1101
f 1648/1791 1652/1795 1649/1792
f 1648/1791 1649/1792 1645/1788
f 5181/8707 5163/8677 4821/8699
f 5181/8707 4821/8699 4975/8713
f 2830/3171 2831/3172 2832/3173
f 2830/3171 2829/3170 2831/3172
f 2832/3173 2831/3172 2833/3174
f 1541/6754 4734/6753 1547/6755
f 1541/6754 1547/6755 1545/6756
f 1441/1553 1442/1554 1440/1552
f 1441/1553 1446/1558 1442/1554
f 1441/1553 1447/1561 1446/1558
f 1440/1552 1442/1554 1443/1555
f 1440/1552 1443/1555 1444/1556
f 5165/8680 5167/8682 5162/8676
f 4734/6753 870/6760 1547/6755
f 1646/1789 1645/1788 1644/1787
f 1652/1795 1659/1802 1649/1792
f 1652/1795 1658/1801 1659/1802
f 5163/8677 5162/8676 4820/8678
f 5163/8677 4820/8678 4821/8699
f 1008/5659 1017/5660 4306/5658
f 1008/5659 1016/5661 1017/5660
f 4306/5658 1017/5660 1099/5662
f 870/906 868/904 869/905
f 870/6760 869/6761 1547/6755
f 1099/1185 1097/1183 1098/1184
f 1099/5662 1017/5660 1097/5663
f 1649/1792 1650/1793 1645/1788
f 1649/1792 1659/1802 1650/1793
f 1442/1554 1446/1558 1443/1555
f 1087/1173 1085/1171 1082/1168
f 1087/1173 1093/1179 1103/1189
f 1087/1173 1082/1168 1093/1179
f 848/883 843/877 851/886
f 848/883 855/890 847/882
f 848/883 847/882 843/877
f 59/60 49/50 55/56
f 59/60 41/42 49/50
f 59/60 61/62 41/42
f 1098/1184 1083/1169 1085/1171
f 1098/1184 1097/1183 1090/1176
f 1098/1184 1090/1176 1083/1169
f 868/904 851/886 852/887
f 868/904 854/889 869/905
f 868/904 852/887 854/889
f 55/56 49/50 53/54
f 55/56 53/54 54/55
f 55/56 54/55 56/57
f 49/50 51/52 53/54
f 49/50 41/42 43/44
f 49/50 43/44 50/51
f 49/50 50/51 51/52
f 4975/7667 1875/7665 1873/7669
f 4975/8756 4821/8757 4973/8758
f 4975/7667 4973/7663 1875/7665
f 1085/1171 1083/1169 1082/1168
f 851/886 843/877 852/887
f 53/54 51/52 54/55
f 4933/7481 4931/7463 1658/7467
f 4933/7481 4932/7472 4931/7463
f 1658/7467 4931/7463 1659/7466
f 61/62 42/43 41/42
f 61/62 63/64 42/43
f 5162/8676 5167/8682 5168/8683
f 5162/8676 5183/8714 4820/8678
f 5162/8676 5176/8696 5183/8714
f 5162/8676 5168/8683 5169/8684
f 5162/8676 5169/8684 5176/8696
f 41/42 42/43 43/44
f 1645/1788 1630/1773 1644/1787
f 1645/1788 1650/1793 1651/1794
f 1645/1788 1651/1794 1640/1783
f 1645/1788 1631/1774 1630/1773
f 1645/1788 1640/1783 1631/1774
f 5167/8682 5177/8697 5168/8683
f 1103/8716 1105/8690 5177/8697
f 1103/1189 1093/1179 1095/1181
f 1103/1189 1095/1181 1105/1191
f 1644/1787 1630/1773 1642/1785
f 4821/7088 4820/7087 4819/7086
f 4821/8757 4819/8759 4973/8758
f 63/64 45/46 42/43
f 63/64 65/66 45/46
f 5177/8697 5172/8689 5168/8683
f 5177/8697 1105/8690 5172/8689
f 855/1820 1642/1785 857/1821
f 855/890 846/881 847/882
f 855/890 857/892 846/881
f 1659/1802 1677/1828 1650/1793
f 1659/7466 4931/7463 1677/7460
f 42/43 45/46 44/45
f 42/43 44/45 43/44
f 65/66 47/48 45/46
f 65/66 67/68 47/48
f 1547/7480 832/7479 1548/7478
f 1547/7480 869/7485 832/7479
f 1642/1785 1630/1773 1635/1778
f 1642/1785 1635/1778 857/1821
f 4820/8753 5183/8754 4818/8755
f 4820/7087 4818/7085 4819/7086
f 45/46 47/48 46/47
f 45/46 46/47 44/45
f 47/48 67/68 48/49
f 47/48 48/49 46/47
f 67/68 69/70 48/49
f 67/68 68/69 69/70
f 832/7479 830/7477 1548/7478
f 832/866 869/905 854/889
f 832/866 831/865 830/864
f 832/866 854/889 831/865
f 1650/1793 1675/1826 1651/1794
f 1650/1793 1677/1828 1675/1826
f 1017/7657 1034/7648 1091/7647
f 1017/7657 1091/7647 1097/7658
f 1548/7478 830/7477 1559/7476
f 1091/7647 1034/7648 1119/7649
f 1091/1177 1090/1176 1097/1183
f 1091/1177 1119/1206 1089/1175
f 1091/1177 1089/1175 1090/1176
f 830/7477 828/7475 1559/7476
f 830/864 831/865 819/853
f 830/864 819/853 828/862
f 1034/7648 1444/7650 1119/7649
f 4932/7472 4930/7461 4931/7463
f 4932/7472 2835/7471 4930/7461
f 4973/7663 1877/7664 1875/7665
f 4973/8758 4819/8759 4974/8760
f 4973/7663 4974/7666 1877/7664
f 1119/7649 1444/7650 1137/7651
f 1119/1206 1086/1172 1089/1175
f 1119/1206 1137/1224 1086/1172
f 843/877 842/876 852/887
f 843/877 847/882 841/875
f 843/877 841/875 842/876
f 4931/7463 4930/7461 1677/7460
f 1082/1168 1083/1169 1084/1170
f 1082/1168 1094/1180 1093/1179
f 1082/1168 1084/1170 1094/1180
f 5183/8714 5185/8719 4818/8723
f 5183/8714 5184/8718 5185/8719
f 5183/8714 5176/8696 5184/8718
f 1651/1794 1675/1826 1676/1827
f 1651/5395 1676/5391 1678/5394
f 1651/5395 1678/5394 1640/5396
f 1677/6448 4632/6445 1675/6447
f 1677/7460 4930/7461 4632/7462
f 4819/7086 4818/7085 4815/7081
f 4819/8759 4815/8761 4974/8760
f 854/889 852/887 831/865
f 4818/8723 5185/8719 4810/8724
f 4818/7085 4810/7076 4815/7081
f 1090/1176 1089/1175 1083/1169
f 1559/7476 828/7475 2829/7474
f 2835/7471 4634/7464 4930/7461
f 2835/7471 2833/7468 4634/7464
f 1675/6447 4631/6444 1676/6449
f 1675/6447 4632/6445 4631/6444
f 1877/7664 4974/7666 1447/7668
f 1083/1169 1089/1175 1086/1172
f 1083/1169 1086/1172 1084/1170
f 831/865 852/887 819/853
f 852/887 842/876 819/853
f 4930/7461 4634/7464 4632/7462
f 4974/7666 4972/7661 1447/7668
f 4974/7666 4815/7662 4972/7661
f 5169/8684 5168/8683 5170/8685
f 5169/8684 4615/8686 5176/8696
f 5169/8684 5170/8685 4615/8686
f 1444/7650 1443/7652 1137/7651
f 5168/8683 5172/8689 5171/8688
f 5168/8683 5171/8688 5170/8685
f 1630/1773 1631/1774 1632/1775
f 1630/1773 1634/1777 1635/1778
f 1630/1773 1632/1775 1634/1777
f 1631/1774 1640/1783 1633/1776
f 1631/1774 1633/1776 1632/1775
f 828/7475 829/7473 2829/7474
f 828/862 819/853 823/857
f 828/862 823/857 829/863
f 1093/1179 1094/1180 1095/1181
f 847/882 846/881 841/875
f 5185/8719 4811/8721 4810/8724
f 5185/8719 5184/8718 5186/8720
f 5185/8719 5186/8720 4811/8721
f 5176/8696 4608/8715 5184/8718
f 5176/8696 4615/8686 4608/8715
f 1137/7651 1443/7652 1139/7653
f 1137/1224 1138/1225 1086/1172
f 1137/1224 1139/1226 1138/1225
f 2833/7468 2831/7469 4633/7470
f 2833/7468 4633/7470 4634/7464
f 1676/6449 4631/6444 4175/6446
f 1676/5391 4180/5390 1678/5394
f 1676/5391 4175/5385 4180/5390
f 1640/1783 1678/1829 1641/1784
f 1640/1783 1641/1784 1633/1776
f 1447/7668 4972/7661 1446/7654
f 344/7710 4987/7712 343/7714
f 344/7710 3837/7711 4987/7712
f 344/349 343/348 341/346
f 344/7710 345/7713 3837/7711
f 344/349 323/327 345/350
f 344/349 341/346 323/327
f 4987/7712 4726/7715 343/7714
f 4987/7712 4988/7716 4726/7715
f 4987/7712 3837/7711 3836/7717
f 4987/7712 3836/7717 4988/7716
f 2829/7474 829/7473 2831/7469
f 4632/7462 4634/7464 4630/7465
f 4632/6445 4630/6439 4631/6444
f 4815/7081 4810/7076 4813/7079
f 4815/7662 4813/7660 4972/7661
f 1443/7652 1446/7654 1139/7653
f 5172/8689 1105/8690 5171/8688
f 343/6703 4726/6704 346/6705
f 343/348 346/351 342/347
f 343/348 342/347 341/346
f 4726/6704 3474/6706 346/6705
f 4726/7715 3473/7720 3474/7721
f 4726/7715 4988/7716 3473/7720
f 819/853 842/876 820/854
f 819/853 822/856 823/857
f 819/853 820/854 821/855
f 819/853 821/855 822/856
f 2831/7469 829/7473 4633/7470
f 4634/6451 4633/6450 4630/6439
f 4631/6444 4630/6439 4627/6435
f 4631/6444 4627/6435 4175/6446
f 1635/1778 1634/1777 857/1821
f 4810/7076 4812/7078 4813/7079
f 4810/7076 4811/7077 4812/7078
f 4972/7661 4971/7655 1446/7654
f 4972/7661 4813/7660 4971/7655
f 1086/1172 1092/1178 1084/1170
f 1086/1172 1138/1225 1134/1221
f 1086/1172 1102/1188 1092/1178
f 1086/1172 1134/1221 1102/1188
f 1084/1170 1092/1178 1094/1180
f 842/876 841/875 820/854
f 1446/7654 4971/7655 1139/7653
f 345/4708 3836/4710 3837/4711
f 345/4708 323/4709 3836/4710
f 829/7473 838/7483 4633/7470
f 829/863 825/859 838/872
f 829/863 823/857 825/859
f 5184/8718 4604/8727 5186/8720
f 5184/8718 4608/8715 4604/8727
f 1094/1180 1096/1182 1095/1181
f 1094/1180 1092/1178 1096/1182
f 841/875 846/881 840/874
f 841/875 840/874 820/854
f 4633/6450 838/6441 4629/6438
f 4633/6450 4629/6438 4630/6439
f 1678/5394 4180/5390 1679/5400
f 1678/1829 1679/1830 1641/1784
f 1139/7653 4971/7655 1142/7656
f 1139/1226 1142/1229 1140/1227
f 1139/1226 1140/1227 1138/1225
f 333/8239 4990/8241 347/8243
f 333/8239 3810/8240 4990/8241
f 333/337 347/352 322/326
f 333/8239 334/8242 3810/8240
f 333/337 314/318 334/338
f 333/337 322/326 314/318
f 4990/8241 3852/8244 347/8243
f 4990/7723 3853/7719 3852/7725
f 4990/7723 3810/7724 3809/7722
f 4990/7723 3809/7722 3853/7719
f 347/4782 3852/4779 322/4781
f 3852/4779 3853/4780 322/4781
f 4971/7655 4813/7660 4817/7659
f 4971/7655 4817/7659 1142/7656
f 838/6441 827/6440 4629/6438
f 838/6441 825/6443 827/6440
f 4630/6439 4629/6438 4627/6435
f 4175/6446 4627/6435 4176/6437
f 4175/5385 4177/5387 4180/5390
f 4175/5385 4176/5386 4177/5387
f 4813/7079 4812/7078 4817/7083
f 4811/7077 4814/7080 4812/7078
f 4811/8721 5186/8720 5158/8722
f 4811/8635 5158/8627 4814/8634
f 4627/6435 4629/6438 4628/6436
f 4627/6435 4628/6436 4176/6437
f 4812/7078 4816/7082 4817/7083
f 4812/7078 4814/7080 4816/7082
f 1142/7090 4817/7083 1147/7084
f 1142/7090 1147/7084 1140/7091
f 1105/1191 1095/1181 1116/1203
f 1105/8690 1116/8691 5171/8688
f 4629/6438 827/6440 4628/6436
f 4180/5390 4177/5387 4095/5399
f 4180/5390 4095/5399 1679/5400
f 5186/8720 4604/8727 4606/8725
f 5186/8720 4606/8725 5158/8722
f 4628/6436 4179/6442 4176/6437
f 4628/6436 827/6440 4179/6442
f 857/892 867/903 846/881
f 857/1821 1634/1777 867/1824
f 4817/7083 4816/7082 1147/7084
f 346/4076 3474/4075 342/4073
f 3474/4075 3473/4074 342/4073
f 823/857 824/858 825/859
f 823/857 822/856 824/858
f 4816/7082 4814/7080 4822/7089
f 4816/7082 4822/7089 1147/7084
f 334/4662 3809/4663 3810/4664
f 334/4662 314/4665 3809/4663
f 4176/5386 4178/5388 4177/5387
f 4176/5386 4179/5389 4178/5388
f 4814/8634 5158/8627 5159/8629
f 4814/8634 5159/8629 4822/8632
f 1138/1225 1140/1227 1141/1228
f 1138/1225 1141/1228 1134/1221
f 4608/6374 4607/6373 4604/6370
f 4608/6374 4615/6383 4609/6375
f 4608/6374 4609/6375 4607/6373
f 825/859 826/860 827/861
f 825/859 824/858 826/860
f 827/5393 826/5392 4179/5389
f 4177/5387 4094/5398 4095/5399
f 4177/5387 4178/5388 4094/5398
f 1679/5211 4098/5212 1641/5216
f 1679/5211 4095/5208 4096/5209
f 1679/5211 4096/5209 4098/5212
f 1641/1784 1643/1786 1633/1776
f 1641/5216 4098/5212 1643/5214
f 4604/6370 4605/6371 4606/6372
f 4604/6370 4607/6373 4605/6371
f 338/8503 4986/8504 348/8505
f 338/343 348/353 339/344
f 338/7705 4985/7707 4986/7708
f 338/7705 336/7706 4985/7707
f 338/343 318/322 336/341
f 338/343 339/344 318/322
f 348/8505 4986/8504 3843/8506
f 348/4753 3843/4754 339/4755
f 4986/7708 3844/7736 3843/7737
f 4986/7708 4985/7707 4992/7731
f 4986/7708 4992/7731 3844/7736
f 3843/4754 3844/4756 339/4755
f 5158/8722 4606/8725 4611/8726
f 5158/8627 4611/8628 5159/8629
f 1147/1234 1146/1233 1140/1227
f 1147/8633 4822/8632 1146/8631
f 1140/1227 1146/1233 1141/1228
f 4179/5389 826/5392 4178/5388
f 4822/8632 5159/8629 1146/8631
f 4615/8686 5170/8685 4614/8687
f 4615/6383 4614/6382 4609/6375
f 1095/1181 1096/1182 1109/1195
f 1095/1181 1109/1195 1116/1203
f 4095/5208 4094/5206 4090/5202
f 4095/5208 4090/5202 4096/5209
f 1633/1776 1637/1780 1632/1775
f 1633/1776 1643/1786 1637/1780
f 4606/6372 4610/6376 4611/6377
f 4606/6372 4605/6371 4610/6376
f 846/881 850/885 840/874
f 846/881 867/903 850/885
f 4178/5388 839/5397 4094/5398
f 4178/5388 826/5392 839/5397
f 5159/8629 4611/8628 4622/8630
f 5159/8629 4622/8630 1146/8631
f 5170/8685 4617/8698 4614/8687
f 5170/8685 5171/8688 4617/8698
f 4094/5206 839/5207 4091/5203
f 4094/5206 4091/5203 4090/5202
f 4611/6377 4619/6388 4622/6398
f 4611/6377 4610/6376 4619/6388
f 826/860 837/871 839/873
f 826/860 824/858 837/871
f 1632/1775 1637/1780 1636/1779
f 1632/1775 1636/1779 1634/1777
f 1096/1182 1092/1178 1111/1197
f 1096/1182 1111/1197 1110/1196
f 1096/1182 1110/1196 1109/1195
f 336/7706 4984/7709 4985/7707
f 336/7704 337/7700 4984/7702
f 336/341 321/325 337/342
f 336/341 318/322 321/325
f 4985/7707 4984/7709 3239/7734
f 4985/7707 3239/7734 4992/7731
f 840/874 833/867 820/854
f 840/874 844/878 833/867
f 840/874 850/885 844/878
f 4098/5212 4099/5213 1643/5214
f 4098/5212 4096/5209 4097/5210
f 4098/5212 4097/5210 4099/5213
f 1643/5214 4099/5213 1665/5215
f 1643/1786 1665/1808 1637/1780
f 4607/6373 4609/6375 4612/6378
f 4607/6373 3740/6379 4605/6371
f 4607/6373 4612/6378 3740/6379
f 4609/6375 4613/6381 4612/6378
f 4609/6375 4614/6382 4613/6381
f 1146/8631 4622/8630 1148/8636
f 1146/1233 1148/1235 1141/1228
f 4096/5209 4093/5205 4097/5210
f 4096/5209 4090/5202 4093/5205
f 4099/8128 5076/8132 1665/8133
f 4099/8128 4097/8129 5075/8130
f 4099/8128 5075/8130 5076/8132
f 4605/6371 3740/6379 3741/6380
f 4605/6371 3741/6380 4610/6376
f 4612/8750 4613/8748 3734/8749
f 4612/8750 3735/8751 3740/8752
f 4612/8750 3734/8749 3735/8751
f 4613/6381 4614/6382 4616/6384
f 4613/8748 4616/8744 3733/8747
f 4613/8748 3733/8747 3734/8749
f 839/5207 837/5219 4101/5218
f 839/5207 4101/5218 4091/5203
f 1665/1808 1664/1807 1637/1780
f 1665/8133 1668/8134 1664/8135
f 1665/8133 5076/8132 1668/8134
f 3740/4520 3735/4498 3736/4500
f 3740/4520 3736/4500 3741/4521
f 341/346 324/328 323/327
f 341/346 332/336 324/328
f 341/346 342/347 332/336
f 4988/7716 3836/7717 4989/7718
f 4988/7716 4989/7718 4991/7726
f 4988/7716 4991/7726 3473/7720
f 4097/8129 4860/8131 5075/8130
f 4097/7217 4093/7214 4860/7216
f 4622/6398 4620/6390 1148/6397
f 4622/6398 4619/6388 4620/6390
f 4614/6382 4617/6385 4616/6384
f 323/7957 3853/7959 3836/7960
f 323/7957 322/7958 3853/7959
f 323/327 311/315 322/326
f 323/327 324/328 311/315
f 3836/7717 3853/7719 4989/7718
f 824/858 836/870 837/871
f 824/858 822/856 836/870
f 1637/1780 1664/1807 1636/1779
f 4616/8744 3732/8746 3733/8747
f 4616/6384 4617/6385 4618/6386
f 4616/8744 4618/8745 3732/8746
f 1141/1228 1148/1235 1145/1232
f 1141/1228 1145/1232 1134/1221
f 322/326 311/315 314/318
f 3853/7719 3809/7722 4989/7718
f 324/328 325/329 311/315
f 324/328 332/336 331/335
f 324/328 331/335 330/334
f 324/328 330/334 326/330
f 324/328 326/330 325/329
f 4991/7726 4989/7718 4548/7739
f 4991/7726 3472/7746 3473/7720
f 4991/7726 3469/7745 3472/7746
f 4991/7726 3467/7744 3469/7745
f 4991/7726 3468/7740 3467/7744
f 4991/7726 4548/7739 3468/7740
f 4090/5202 4092/5204 4093/5205
f 4090/5202 4091/5203 4092/5204
f 5075/8130 998/8158 5076/8132
f 5075/8130 4860/8131 592/8157
f 5075/8130 592/8157 998/8158
f 1664/1807 1668/1811 1667/1810
f 1664/1807 1666/1809 1636/1779
f 1664/1807 1667/1810 1666/1809
f 4610/6376 3741/6380 3743/6387
f 4610/6376 3743/6387 4619/6388
f 3735/4498 3734/4496 1895/4497
f 3735/4498 1889/4499 3736/4500
f 3735/4498 1895/4497 1889/4499
f 3734/4496 3733/4494 1901/4495
f 3734/4496 1901/4495 1895/4497
f 1102/1188 1111/1197 1092/1178
f 1102/1188 1134/1221 1132/1219
f 1102/1188 1132/1219 1117/1204
f 1102/1188 1117/1204 1111/1197
f 311/315 313/317 314/318
f 311/315 312/316 313/317
f 311/315 315/319 312/316
f 311/315 316/320 315/319
f 311/315 325/329 316/320
f 4989/7718 3809/7722 3238/7727
f 4989/7718 3238/7727 3241/7728
f 4989/7718 3241/7728 4551/7729
f 4989/7718 4551/7729 4550/7735
f 4989/7718 4550/7735 4548/7739
f 821/855 820/854 833/867
f 821/855 835/869 822/856
f 821/855 834/868 835/869
f 821/855 833/867 834/868
f 837/5219 836/5222 4102/5220
f 837/5219 4102/5220 4101/5218
f 5076/8132 998/8158 990/8159
f 5076/8132 990/8159 1668/8134
f 3741/4521 3736/4500 3737/4502
f 3741/4521 3737/4502 3743/4523
f 3736/4500 1889/4499 1887/4501
f 3736/4500 1887/4501 3737/4502
f 342/4073 3473/4074 3472/4072
f 342/4073 3472/4072 332/4071
f 822/856 835/869 836/870
f 4093/7214 4859/7215 4860/7216
f 4093/7214 4092/7218 4859/7215
f 4860/8131 4859/8155 584/8156
f 4860/8131 584/8156 592/8157
f 1148/6397 4621/6392 1145/6395
f 1148/6397 4620/6390 4621/6392
f 1134/1221 1145/1232 1132/1219
f 3733/4494 3664/4493 1901/4495
f 3733/4494 3732/4492 3664/4493
f 4091/5203 4100/5217 4092/5204
f 4091/5203 4101/5218 4100/5217
f 998/1045 989/1036 990/1037
f 998/1045 592/1052 996/1043
f 998/1045 996/1043 989/1036
f 4619/6388 3743/6387 3742/6389
f 4619/6388 3742/6389 4620/6390
f 1889/2073 1895/2079 1894/2078
f 1889/2073 1885/2063 1887/2065
f 1889/2073 1894/2078 1885/2063
f 1895/2079 1901/2085 1900/2084
f 1895/2079 1900/2084 1894/2078
f 4617/8698 5174/8693 4618/8728
f 4617/8698 5171/8688 5174/8693
f 3472/4072 3469/4065 332/4071
f 990/8159 979/8160 1668/8134
f 990/1037 977/1024 979/1026
f 990/1037 989/1036 977/1024
f 1668/8134 979/8160 1667/8161
f 3737/4502 1887/4501 571/4503
f 3737/4502 3738/4504 3743/4523
f 3737/4502 571/4503 3738/4504
f 1887/2065 1884/2062 571/2070
f 1887/2065 1885/2063 1884/2062
f 4618/8728 3731/8710 3732/8729
f 4618/8736 5174/8737 5175/8738
f 4618/8728 5175/8695 3731/8710
f 5171/8688 5173/8692 5174/8693
f 5171/8688 1116/8691 5173/8692
f 332/4071 3469/4065 331/4066
f 4092/7218 4861/7219 4859/7215
f 4092/7952 4100/7950 4861/7949
f 4859/8155 517/8154 584/8156
f 4859/8155 4861/8153 517/8154
f 592/605 584/597 591/604
f 592/1052 591/1051 996/1043
f 1636/1779 1638/1781 1634/1777
f 1636/1779 1666/1809 1638/1781
f 3743/4523 3738/4504 3742/4522
f 1634/1777 1638/1781 1639/1782
f 1634/1777 1639/1782 867/1824
f 1666/1809 1667/1810 1669/1812
f 1666/1809 1670/1813 1638/1781
f 1666/1809 1669/1812 1670/1813
f 1901/4353 3664/4336 3662/4334
f 1901/4353 3662/4334 1900/4352
f 836/5222 835/5225 4104/5223
f 836/5222 4104/5223 4102/5220
f 1145/6395 1133/6394 1132/6396
f 1145/6395 4621/6392 1133/6394
f 584/597 517/526 583/596
f 584/597 583/596 591/604
f 979/8160 980/8162 1667/8161
f 979/1026 978/1025 980/1027
f 979/1026 977/1024 978/1025
f 571/4503 560/4505 3738/4504
f 571/584 570/583 560/573
f 571/2070 1884/2062 570/2069
f 3732/4492 3665/4491 3664/4493
f 3732/4492 3731/4490 3665/4491
f 339/8477 3844/8475 314/8474
f 339/344 314/318 318/322
f 314/8474 3844/8475 3809/8476
f 314/318 317/321 318/322
f 314/318 313/317 317/321
f 3844/7736 4992/7731 3809/7722
f 3809/7722 4992/7731 3235/7730
f 3809/7722 3235/7730 3238/7727
f 4101/5218 4103/5221 4100/5217
f 4101/5218 4102/5220 4103/5221
f 4861/7949 4100/7950 5033/7951
f 4861/8153 516/8152 517/8154
f 4861/8153 5033/8151 516/8152
f 3738/4504 3739/4506 3742/4522
f 3738/4504 560/4505 3739/4506
f 4620/6390 3742/6389 1144/6391
f 4620/6390 1144/6391 4621/6392
f 74/4803 3865/4804 24/4805
f 74/8911 5090/8909 3865/8912
f 74/75 72/73 75/76
f 74/8911 75/8910 5090/8909
f 24/4805 3865/4804 27/4806
f 24/25 27/28 25/26
f 24/25 25/26 26/27
f 24/25 26/27 28/29
f 4100/7950 4103/7953 5033/7951
f 1667/8161 980/8162 1669/8163
f 3742/4522 3739/4506 1144/4524
f 3664/4336 3665/4337 3663/4335
f 3664/4336 3663/4335 3662/4334
f 517/526 516/525 515/524
f 517/526 515/524 583/596
f 560/4505 559/4507 3739/4506
f 560/573 558/571 559/572
f 560/573 570/583 558/571
f 835/5225 834/5228 4105/5227
f 835/5225 4105/5227 4104/5223
f 27/4832 3865/4835 71/4833
f 27/4832 71/4833 35/4834
f 27/28 35/36 25/26
f 3865/8913 5090/8914 71/8915
f 980/8162 987/8164 1669/8163
f 980/1027 984/1031 987/1034
f 980/1027 978/1025 984/1031
f 1132/1219 1118/1205 1117/1204
f 1132/1219 1133/1220 1118/1205
f 5174/8693 5173/8692 5175/8695
f 5033/8151 529/8150 516/8152
f 5033/7951 4103/7953 5034/7954
f 5033/8151 5034/8149 529/8150
f 3739/4506 559/4507 1143/4508
f 3739/4506 1143/4508 1144/4524
f 5175/8695 3730/8708 3731/8710
f 5175/8695 5173/8692 5180/8705
f 5175/8695 5180/8705 3730/8708
f 4102/5220 865/5224 4103/5221
f 4102/5220 4104/5223 865/5224
f 4621/6392 1144/6391 1135/6393
f 4621/6392 1135/6393 1133/6394
f 516/525 529/538 514/523
f 516/525 514/523 515/524
f 1638/1781 1670/1813 1639/1782
f 559/4507 562/4509 1143/4508
f 559/572 557/570 562/575
f 559/572 558/571 557/570
f 331/4066 3469/4065 330/4061
f 3469/4065 3467/4062 330/4061
f 834/5228 833/5231 859/5230
f 834/5228 859/5230 4105/5227
f 4103/7953 865/7955 5034/7954
f 1144/1231 1143/1230 1135/1222
f 1117/1204 1114/1201 1111/1197
f 1117/1204 1118/1205 1114/1201
f 1670/1813 1669/1812 1671/1815
f 1670/1813 1672/1816 1639/1782
f 1670/1813 1671/1815 1672/1816
f 1116/1203 1109/1195 1115/1202
f 1116/8691 1115/8694 5173/8692
f 337/7700 3240/7701 4984/7702
f 337/7700 340/7703 3240/7701
f 337/342 321/325 340/345
f 4984/7709 3240/7738 3239/7734
f 3731/4490 1228/4485 3665/4491
f 3731/4490 3730/4489 1228/4485
f 1111/1197 1113/1200 1110/1196
f 1111/1197 1114/1201 1113/1200
f 1110/1196 8/1198 1109/1195
f 1110/1196 1113/1200 1112/1199
f 1110/1196 1112/1199 8/1198
f 1109/1195 8/1198 1115/1202
f 833/867 844/878 1/879
f 833/867 1/879 859/894
f 867/903 866/902 850/885
f 867/1824 1639/1782 866/1825
f 3665/4337 1228/4348 1231/4347
f 3665/4337 1231/4347 3663/4335
f 5034/8149 569/8148 529/8150
f 5034/7954 865/7955 864/7956
f 5034/8149 864/8147 569/8148
f 529/538 569/582 530/539
f 529/538 530/539 514/523
f 844/878 850/885 849/884
f 844/878 845/880 1/879
f 844/878 849/884 845/880
f 850/885 866/902 849/884
f 1143/4508 562/4509 1136/4510
f 1143/1230 1136/1223 1135/1222
f 318/322 317/321 319/323
f 318/322 319/323 320/324
f 318/322 320/324 321/325
f 4992/7731 3236/7732 3235/7730
f 4992/7731 3237/7733 3236/7732
f 4992/7731 3239/7734 3237/7733
f 1669/8163 987/8164 1671/8165
f 562/4509 576/4511 1136/4510
f 562/575 561/574 576/589
f 562/575 557/570 561/574
f 4104/5223 863/5226 865/5224
f 4104/5223 4105/5227 863/5226
f 987/8164 3284/8142 1671/8165
f 987/3826 3282/3822 3284/3824
f 987/3826 984/3825 3282/3822
f 1133/1220 1135/1222 1122/1209
f 1133/1220 1122/1209 1118/1205
f 865/901 863/899 864/900
f 1135/1222 1136/1223 1122/1209
f 5173/8692 1115/8694 5180/8705
f 569/8148 864/8147 1572/8146
f 569/1714 1572/1710 568/1713
f 569/582 568/581 530/539
f 996/1043 991/1038 989/1036
f 996/1043 591/1051 997/1044
f 996/1043 997/1044 991/1038
f 989/1036 975/1022 977/1024
f 989/1036 991/1038 975/1022
f 1885/2063 1894/2078 1893/2077
f 1885/2063 1883/2061 1884/2062
f 1885/2063 1893/2077 1883/2061
f 1894/2078 1900/2084 1897/2081
f 1894/2078 1897/2081 1893/2077
f 576/4511 1123/4512 1136/4510
f 576/4511 1382/4513 1123/4512
f 576/1488 575/1487 1382/1484
f 576/589 561/574 575/588
f 5180/8705 1130/8709 3730/8708
f 5180/8705 1115/8694 1131/8711
f 5180/8705 1131/8711 1130/8709
f 4105/5227 860/5229 863/5226
f 4105/5227 859/5230 860/5229
f 864/900 863/899 862/898
f 864/8147 862/8145 1572/8146
f 1639/1782 1672/1816 866/1825
f 1136/1223 1123/1210 1122/1209
f 1118/1205 1122/1209 1120/1207
f 1118/1205 1120/1207 1114/1201
f 591/604 583/596 590/603
f 591/1051 590/1048 997/1044
f 977/1024 976/1023 978/1025
f 977/1024 975/1022 976/1023
f 1884/2062 1882/2060 570/2069
f 1884/2062 1883/2061 1882/2060
f 1900/4352 3662/4334 3660/4332
f 1900/4352 3660/4332 1897/4351
f 330/4061 3467/4062 326/4063
f 3467/4062 3468/4064 326/4063
f 863/899 860/895 862/898
f 1122/1209 1123/1210 1120/1207
f 4307/5669 1113/5671 4181/5674
f 4307/5669 4181/5674 1234/5672
f 4307/5669 1112/5670 1113/5671
f 4307/5669 1234/5672 1112/5670
f 1672/1816 1671/1815 1673/1817
f 1672/7770 1674/7768 866/7769
f 1672/1816 1673/1817 1674/1823
f 4181/5674 1113/5671 1114/5675
f 4181/5401 1114/5407 1121/5404
f 4181/5401 1121/5404 4182/5402
f 4181/5401 4182/5402 1234/5403
f 1228/4485 3730/4489 3729/4487
f 1228/4485 3727/4484 1229/4483
f 1228/1315 1229/1316 1230/1317
f 1228/4485 3729/4487 3727/4484
f 1228/1315 1230/1317 1231/1318
f 3730/4489 1130/4519 3729/4487
f 1114/1201 1120/1207 1121/1208
f 859/894 1/879 860/895
f 1572/8146 862/8145 1569/8143
f 1572/1710 1569/1707 1571/1709
f 1572/1710 1571/1709 568/1713
f 1/7763 845/7759 2/7762
f 1/1 2/2 3/3
f 1/879 3/896 860/895
f 583/596 515/524 585/598
f 583/596 585/598 590/603
f 570/583 572/585 558/571
f 570/2069 1882/2060 572/2068
f 3662/4334 3663/4335 3661/4333
f 3662/4334 3661/4333 3660/4332
f 1382/4513 1124/4514 1123/4512
f 1382/4513 1378/4515 1124/4514
f 1382/1484 1380/1482 1378/1478
f 1382/1484 575/1487 1380/1482
f 1121/5404 7/5405 4182/5402
f 1121/5404 1120/5409 1125/5408
f 1121/5404 1125/5408 7/5405
f 1234/5403 4182/5402 7/5405
f 1234/4482 1229/4483 3727/4484
f 1234/1321 1233/1320 1229/1316
f 1234/5403 7/5405 1229/5406
f 1234/4482 3727/4484 3728/4486
f 1234/4482 3728/4486 9/4488
f 1234/5672 8/5673 1112/5670
f 1234/5376 9/5377 8/5378
f 1234/4482 3729/4487 9/4488
f 862/898 860/895 861/897
f 862/8145 861/8144 1569/8143
f 978/1025 983/1030 984/1031
f 978/1025 976/1023 983/1030
f 1123/1210 1124/1211 1120/1207
f 1229/1316 1233/1320 1230/1317
f 2/7762 845/7759 4993/7761
f 2/7762 4993/7761 3/7767
f 3284/8142 1673/8166 1671/8165
f 3284/8142 3285/8141 5078/8139
f 3284/3824 3283/3823 3285/3827
f 3284/8142 5078/8139 5080/8167
f 3284/3824 3282/3822 3283/3823
f 3284/8142 5080/8167 1673/8166
f 1120/1207 1124/1211 1125/1212
f 3728/4486 3727/4484 3729/4487
f 3728/4486 3729/4487 9/4488
f 7/5405 1125/5408 1126/5410
f 7/5405 1126/5410 8/5411
f 860/895 3/896 861/897
f 1125/1212 1124/1211 1126/1213
f 845/7759 849/7760 4993/7761
f 1567/8136 5078/8139 3285/8141
f 1567/3829 3285/3827 1565/3828
f 1567/8136 1564/8137 5077/8138
f 1567/1705 1565/1703 1564/1702
f 1567/8136 5077/8138 5078/8139
f 3285/3827 3283/3823 1565/3828
f 1115/5414 8/5411 1131/5413
f 8/5411 1126/5410 1128/5412
f 8/5411 1128/5412 1131/5413
f 1569/8143 5079/8140 1564/8137
f 1569/1707 1564/1702 1568/1706
f 1569/8143 861/8144 5079/8140
f 1569/1707 1568/1706 1571/1709
f 4993/7761 4996/7766 3/7767
f 4993/7761 849/7760 4994/7764
f 4993/7761 4994/7764 4996/7766
f 1564/8137 5079/8140 5077/8138
f 1564/1702 1566/1704 1568/1706
f 1564/1702 1565/1703 1566/1704
f 515/524 514/523 513/522
f 515/524 513/522 585/598
f 5078/8139 5077/8138 5082/8170
f 5078/8139 5082/8170 5080/8167
f 558/571 556/569 557/570
f 558/571 572/585 556/569
f 1378/4515 1127/4516 1124/4514
f 1378/4515 1375/4517 1127/4516
f 1378/1478 1376/1476 1375/1475
f 1378/1478 1380/1482 1376/1476
f 1126/1213 1124/1211 1127/1214
f 1126/1213 1127/1214 1128/1215
f 3/8172 4996/8171 861/8144
f 5079/8140 5081/8168 5077/8138
f 5079/8140 861/8144 5081/8168
f 849/7760 866/7769 1674/7768
f 849/7760 1674/7768 4994/7764
f 5077/8138 5081/8168 5082/8170
f 50/51 43/44 44/45
f 50/51 44/45 52/53
f 50/51 52/53 51/52
f 861/8144 4996/8171 5081/8168
f 3663/4335 1231/4347 3661/4333
f 1131/1218 1128/1215 1130/1217
f 1128/1215 1127/1214 1129/1216
f 1128/1215 1129/1216 1130/1217
f 4994/7764 4995/7765 4996/7766
f 4994/7764 1674/7768 1673/7771
f 4994/7764 1673/7771 4995/7765
f 1375/4517 1129/4518 1127/4516
f 1375/1475 9/1480 1129/1489
f 1375/1475 1376/1476 1377/1477
f 1375/1475 1377/1477 1233/1479
f 317/3735 313/3741 3235/3736
f 317/3735 3235/3736 3236/3737
f 317/3735 3236/3737 319/3738
f 313/3741 3238/3742 3235/3736
f 313/3741 312/3747 3238/3742
f 3238/3742 312/3747 3241/3748
f 4996/8171 4995/8169 5081/8168
f 984/3825 983/3821 3282/3822
f 326/4063 3468/4064 327/4067
f 326/330 327/331 325/329
f 3468/4064 3470/4068 327/4067
f 3468/7740 4548/7739 3470/7741
f 514/523 530/539 512/521
f 514/523 512/521 513/522
f 557/570 555/568 561/574
f 557/570 556/569 555/568
f 312/6258 315/6256 3241/6257
f 3241/6257 315/6256 4551/6255
f 5081/8168 4995/8169 5082/8170
f 319/3738 3236/3737 3237/3739
f 319/3738 3237/3739 320/3740
f 4995/8169 5080/8167 5082/8170
f 4995/8169 1673/8166 5080/8167
f 1129/4518 9/4488 1130/4519
f 1231/4347 3670/4344 3661/4333
f 1231/4347 1232/4350 3670/4344
f 1231/1318 1230/1317 1232/1319
f 9/4488 3729/4487 1130/4519
f 3282/3822 983/3821 3281/3820
f 3282/3822 3281/3820 3283/3823
f 530/539 568/581 531/540
f 530/539 531/540 512/521
f 561/574 554/567 575/588
f 561/574 555/568 554/567
f 340/3745 3239/3744 3240/3746
f 340/3745 321/3743 3239/3744
f 315/6256 316/6254 4551/6255
f 4551/6255 316/6254 4550/6253
f 321/3743 3237/3739 3239/3744
f 321/3743 320/3740 3237/3739
f 327/4067 3470/4068 328/4069
f 327/331 328/332 325/329
f 3470/4068 3471/4070 328/4069
f 3470/7741 4548/7739 3471/7742
f 568/1713 1571/1709 563/1712
f 568/581 563/576 531/540
f 991/1038 997/1044 992/1039
f 991/1038 971/1018 975/1022
f 991/1038 992/1039 971/1018
f 1893/2077 1891/2075 1883/2061
f 1893/2077 1897/2081 1898/2082
f 1893/2077 1898/2082 1891/2075
f 997/1044 590/1048 995/1042
f 997/1044 995/1042 992/1039
f 1883/2061 1878/2056 1882/2060
f 1883/2061 1891/2075 1878/2056
f 575/1487 574/1485 1380/1482
f 575/588 554/567 574/587
f 975/1022 973/1020 976/1023
f 975/1022 971/1018 973/1020
f 1897/4351 3660/4332 3656/4328
f 1897/4351 3656/4328 1898/4354
f 590/603 585/598 587/600
f 590/1048 587/1049 995/1042
f 1882/2060 1880/2058 572/2068
f 1882/2060 1878/2056 1880/2058
f 316/6254 325/6252 4550/6253
f 4550/6253 325/6252 4548/6249
f 976/1023 982/1029 983/1030
f 976/1023 973/1020 982/1029
f 3660/4332 3661/4333 3657/4329
f 3660/4332 3657/4329 3656/4328
f 1571/1709 1568/1706 1570/1708
f 1571/1709 1570/1708 1573/1711
f 1571/1709 1573/1711 563/1712
f 72/8202 71/8203 5090/8204
f 72/8908 5090/8909 75/8910
f 1380/1482 1379/1481 1376/1476
f 1380/1482 1381/1483 1379/1481
f 1380/1482 574/1485 1381/1483
f 328/4069 3471/4070 335/4077
f 328/332 329/333 325/329
f 328/332 335/339 329/333
f 3471/7742 4548/7739 4549/7743
f 3471/4070 3269/4078 335/4077
f 3471/7742 4549/7743 3269/7747
f 572/585 573/586 556/569
f 572/2068 1880/2058 573/2066
f 585/598 513/522 581/594
f 585/598 581/594 587/600
f 3661/4333 3670/4344 3657/4329
f 325/6252 329/6250 4548/6249
f 4548/6249 329/6250 4549/6251
f 335/3790 3269/3794 135/3791
f 335/3790 135/3791 130/3792
f 335/339 129/340 329/333
f 335/3790 130/3792 129/3793
f 3269/3794 505/3795 135/3791
f 3269/3794 499/3796 505/3795
f 3269/7747 4549/7743 500/7748
f 3269/3794 500/3797 499/3796
f 1568/1706 1566/1704 1570/1708
f 983/3821 982/3818 3281/3820
f 1376/1476 1379/1481 1377/1477
f 135/1362 505/1361 1270/1357
f 135/1362 1270/1357 1269/1356
f 135/1362 1269/1356 132/1364
f 135/139 132/136 130/134
f 505/1361 501/1360 1270/1357
f 505/514 494/503 501/510
f 505/514 499/508 494/503
f 556/569 553/566 555/568
f 556/569 573/586 553/566
f 1269/1356 1270/1357 1271/1358
f 1269/1356 131/1363 132/1364
f 1269/1356 1271/1358 1272/1359
f 1269/1356 1272/1359 131/1363
f 1270/1357 501/1360 1271/1358
f 513/522 512/521 508/517
f 513/522 508/517 581/594
f 132/136 123/127 130/134
f 132/136 131/135 123/127
f 501/510 494/503 498/507
f 501/1360 504/1365 1271/1358
f 501/510 498/507 504/513
f 35/7302 71/7299 3281/7298
f 35/4802 3281/4801 39/4800
f 35/36 39/40 36/37
f 35/36 36/37 25/26
f 71/7299 1347/7294 3281/7298
f 71/1440 39/1441 1347/1442
f 71/2887 56/2888 39/2889
f 3670/4344 1232/4350 3671/4345
f 3670/4344 3671/4345 3669/4343
f 3670/4344 3669/4343 3657/4329
f 329/6250 129/6259 4549/6251
f 4549/6251 129/6259 500/6260
f 3281/7298 1347/7294 3283/7291
f 3281/3820 982/3818 3280/3819
f 3281/4801 3280/4798 39/4800
f 1347/7294 1348/7292 3283/7291
f 1347/1442 39/1441 1348/1443
f 555/568 552/565 554/567
f 555/568 553/566 552/565
f 1232/6793 1071/6789 1072/6796
f 1232/6793 1230/6786 1071/6789
f 1232/6793 1072/6796 3671/6797
f 1071/6789 1230/6786 1067/6788
f 512/521 531/540 509/518
f 512/521 509/518 508/517
f 1072/4357 1066/4319 3671/4345
f 130/134 123/127 129/133
f 499/508 500/509 497/506
f 499/508 497/506 494/503
f 3671/4345 1066/4319 3669/4343
f 1230/6786 1233/6787 1067/6788
f 1067/6788 1233/6787 1068/6790
f 129/6259 128/6261 500/6260
f 129/133 123/127 128/132
f 500/6260 128/6261 497/6262
f 123/127 125/129 128/132
f 123/127 124/128 125/129
f 123/127 131/135 124/128
f 494/503 497/506 495/504
f 494/503 495/504 496/505
f 494/503 496/505 498/507
f 1233/6787 1377/6791 1068/6790
f 3283/7291 1348/7292 1565/7293
f 1348/7292 4885/7295 1565/7293
f 1068/6790 1377/6791 1069/6792
f 128/3180 2838/3182 497/3183
f 128/3180 125/3186 2837/3181
f 128/3180 2837/3181 2838/3182
f 497/3183 2838/3182 495/3187
f 1565/7293 4885/7295 1566/7296
f 992/1039 974/1021 971/1018
f 992/1039 995/1042 993/1040
f 992/1039 993/1040 974/1021
f 1891/2075 1892/2076 1878/2056
f 1891/2075 1898/2082 1899/2083
f 1891/2075 1899/2083 1892/2076
f 554/567 549/562 574/587
f 554/567 552/565 549/562
f 1377/6791 1379/6794 1069/6792
f 1566/7296 4885/7295 4886/7297
f 1566/7296 4886/7297 1570/7300
f 971/1018 972/1019 973/1020
f 971/1018 974/1021 972/1019
f 1878/2056 1879/2057 1880/2058
f 1878/2056 1892/2076 1879/2057
f 1069/6792 1379/6794 1070/6795
f 2837/3181 125/3186 133/3188
f 2837/3181 2839/3184 2838/3182
f 2837/3181 2841/3190 2839/3184
f 2837/8253 133/8251 2841/8252
f 125/129 126/130 133/137
f 125/129 124/128 126/130
f 2838/3182 503/3189 495/3187
f 2838/3182 2839/3184 2840/3185
f 2838/3182 2840/3185 503/3189
f 495/504 503/512 502/511
f 495/504 502/511 496/505
f 4886/7297 4887/7301 1570/7300
f 995/1042 587/1049 999/1046
f 995/1042 999/1046 993/1040
f 1898/4354 3656/4328 3659/4331
f 1898/4354 3659/4331 1899/4355
f 2839/8263 154/8262 2840/8261
f 2839/8263 148/8264 154/8262
f 2839/8263 2841/8252 148/8264
f 2840/8261 154/8262 153/8260
f 2840/8261 153/8260 5097/8258
f 2840/8261 5097/8258 503/8266
f 531/540 563/576 540/549
f 531/540 540/549 509/518
f 1570/7300 4887/7301 1573/7303
f 973/1020 981/1028 982/1029
f 973/1020 972/1019 981/1028
f 1880/2058 1881/2059 573/2066
f 1880/2058 1879/2057 1881/2059
f 4887/7301 4888/7304 1573/7303
f 3656/4328 3657/4329 3658/4330
f 3656/4328 3658/4330 3659/4331
f 1379/6794 1381/6798 1070/6795
f 1070/6795 1381/6798 2976/6799
f 587/600 581/594 588/601
f 587/1049 588/1050 999/1046
f 133/8251 5095/8249 2841/8252
f 133/137 126/130 134/138
f 133/8251 134/8250 5095/8249
f 154/158 147/151 153/157
f 154/158 148/152 147/151
f 147/151 151/155 153/157
f 147/151 150/154 151/155
f 147/151 148/152 149/153
f 147/151 149/153 150/154
f 151/155 155/159 153/157
f 151/155 152/156 155/159
f 151/155 150/154 152/156
f 153/8260 155/8255 5097/8258
f 503/8266 5097/8258 502/8267
f 2841/8252 1064/8265 148/8264
f 2841/8252 5095/8249 1064/8265
f 5097/8258 155/8255 5096/8257
f 5097/8258 5096/8257 502/8267
f 574/1485 586/1486 1381/1483
f 574/587 549/562 586/599
f 573/586 582/595 553/566
f 573/2066 1881/2059 582/2067
f 982/3818 3086/3807 3280/3819
f 982/3818 981/3809 3086/3807
f 3657/4329 3669/4343 3666/4340
f 3657/4329 3666/4340 3658/4330
f 148/8269 1064/8270 1065/8271
f 148/1143 1065/1141 1058/1142
f 148/1143 1058/1142 149/1144
f 155/1166 1073/1152 1076/1156
f 155/1166 156/1165 1073/1152
f 155/8255 1076/8256 5096/8257
f 155/159 152/156 156/160
f 3669/4343 1066/4319 3649/4318
f 3669/4343 3649/4318 3666/4340
f 563/1712 1573/1711 6/1715
f 563/576 6/551 540/549
f 581/594 508/517 578/591
f 581/594 578/591 588/601
f 1573/7303 4888/7304 1574/7305
f 1573/1711 1574/1716 6/1715
f 553/566 551/564 552/565
f 553/566 582/595 551/564
f 2976/6799 1381/6798 586/6800
f 2976/3373 586/3379 2975/3372
f 3666/4340 3649/4318 3651/4321
f 3666/4340 3667/4341 3658/4330
f 3666/4340 3668/4342 3667/4341
f 3666/4340 3651/4321 3668/4342
f 1065/8271 1064/8270 1063/8272
f 1065/1141 1063/1135 1045/1139
f 1065/1141 1045/1139 1058/1142
f 1073/1152 1074/1154 1076/1156
f 1073/1152 1059/1153 1074/1154
f 1073/1152 156/1165 1059/1153
f 3280/4798 3086/4799 39/4800
f 508/517 509/518 510/519
f 508/517 510/519 578/591
f 1272/1359 1271/1358 504/1365
f 1272/1359 504/1365 131/1363
f 131/5059 504/5058 4013/5053
f 131/5059 4013/5053 4016/5060
f 131/5059 4016/5060 124/5065
f 504/5058 4014/5054 4013/5053
f 504/5058 498/5063 4014/5054
f 552/565 548/561 549/562
f 552/565 551/564 548/561
f 3580/6624 4702/6620 4700/6608
f 3580/6624 4700/6608 3579/6610
f 3580/4210 3578/4207 1055/4209
f 3580/6624 1055/6630 1056/6629
f 3580/6624 1056/6629 4702/6620
f 3580/6624 3579/6610 3578/6627
f 4700/6608 4702/6620 4698/6606
f 4700/6608 4698/6606 4695/6599
f 4700/6608 3085/6601 3579/6610
f 4700/6608 4695/6599 3085/6601
f 1055/4209 3578/4207 1053/4206
f 1055/1125 150/1126 1056/1127
f 1055/1125 1053/1122 152/1124
f 1055/1125 152/1124 150/1126
f 1063/1135 1064/1136 356/1137
f 1063/1135 356/1137 357/1138
f 1063/1135 357/1138 1045/1139
f 1074/1154 360/1159 1076/1156
f 1074/1154 1075/1155 360/1159
f 1074/1154 1059/1153 1075/1155
f 4016/5060 4013/5053 1359/5061
f 4016/5060 1359/5061 1913/5062
f 4016/5060 1913/5062 4015/5057
f 4016/5060 127/5064 124/5065
f 4016/5060 4015/5057 127/5064
f 4013/5053 1360/5055 1359/5061
f 4013/5053 4014/5054 1360/5055
f 4702/6620 1062/6619 4698/6606
f 4702/6620 1056/6629 1057/6628
f 4702/6620 1057/6628 1062/6619
f 3578/4207 3579/4208 3575/4198
f 3578/4207 3574/4197 1053/4206
f 3578/4207 3575/4198 3574/4197
f 4698/6606 2392/6594 4695/6599
f 4698/6606 4699/6607 2392/6594
f 4698/6606 1062/6619 4699/6607
f 3579/6610 3085/6601 3082/6612
f 3579/6610 3082/6612 3575/6613
f 126/130 124/128 127/131
f 126/7428 127/7427 1561/7426
f 126/1698 1561/1694 1560/1693
f 126/1698 1560/1693 134/1697
f 496/7429 507/7422 498/7425
f 496/505 506/515 507/516
f 496/505 502/511 506/515
f 1056/1127 150/1126 149/1128
f 1056/1127 149/1128 1057/1129
f 1053/4206 3574/4197 1052/4196
f 1053/1122 1052/1120 156/1121
f 1053/1122 156/1121 152/1124
f 1064/8265 5095/8249 356/8245
f 1076/8256 360/8259 1562/8248
f 1076/8256 1562/8248 5096/8257
f 509/518 540/549 511/520
f 509/518 511/520 510/519
f 1913/4271 1359/4272 1355/4270
f 1913/4271 1355/4270 1909/4267
f 1913/2097 1909/2093 1912/2096
f 1913/5062 1912/5056 4015/5057
f 1359/1454 1356/1451 1355/1450
f 1359/1454 1360/1455 1356/1451
f 3074/3503 3078/3507 3080/3509
f 3074/3503 3080/3509 2391/3511
f 3074/3503 2391/3511 3075/3504
f 3074/3503 3075/3504 3076/3505
f 3074/3503 3077/3506 3078/3507
f 3074/3503 3076/3505 3077/3506
f 4695/6599 3867/6600 3085/6601
f 4695/6599 2392/6594 3866/6596
f 4695/6599 3866/6596 3867/6600
f 3075/7433 2391/7434 2387/7431
f 3075/3504 3079/3508 3076/3505
f 3075/7433 4923/7430 3079/7435
f 3075/7433 2387/7431 4923/7430
f 3080/3509 3078/3507 3081/3510
f 3080/3509 3081/3510 2388/3512
f 3080/3509 2389/3514 2391/3511
f 3080/3509 2388/3512 2389/3514
f 3081/3510 3078/3507 3082/3515
f 3081/3510 2392/3513 2388/3512
f 3081/8923 3866/8924 2392/8925
f 3081/4808 3085/4812 3867/4811
f 3081/3510 3082/3515 3085/3520
f 3081/4808 3867/4811 3866/4809
f 3078/3507 3077/3506 3083/3516
f 3078/3507 3083/3516 3082/3515
f 356/8245 5095/8249 1563/8246
f 356/8245 1563/8246 353/8247
f 356/361 353/358 349/354
f 356/361 349/354 357/362
f 360/8259 354/8254 1562/8248
f 360/365 359/364 354/359
f 360/1159 1075/1155 359/1160
f 549/562 580/593 586/599
f 549/562 547/560 580/593
f 549/562 548/561 547/560
f 2522/2806 2520/2804 2521/2805
f 2522/2806 2523/2807 2520/2804
f 2522/2806 2521/2805 1972/2809
f 2522/2806 1972/2809 2022/2810
f 2522/2806 2524/2808 2523/2807
f 2522/2806 2022/2810 2524/2808
f 2520/2804 2519/2803 2521/2805
f 2520/2804 2516/2800 2519/2803
f 2520/2804 2523/2807 2518/2802
f 2521/2805 2519/2803 1970/2811
f 2521/2805 1970/2811 1972/2809
f 2391/2655 2389/2653 2384/2648
f 2391/2655 2384/2648 2387/2651
f 2408/7757 3079/7758 4923/7754
f 2408/3519 2415/3518 3079/3508
f 2408/2672 2406/2670 2412/2676
f 2408/2672 2390/2654 2406/2670
f 2408/2672 2412/2676 2415/2679
f 2408/7757 4923/7754 2390/7756
f 3079/3508 3084/3517 3076/3505
f 3079/3508 2415/3518 3084/3517
f 5095/8249 134/8250 1563/8246
f 1561/1694 507/1691 1560/1693
f 1561/7426 4015/7423 507/7422
f 1561/7426 127/7427 4015/7423
f 5096/8257 506/8268 502/8267
f 5096/8257 1562/8248 506/8268
f 507/7422 4014/7424 498/7425
f 507/7422 4015/7423 4014/7424
f 507/1691 506/1692 1560/1693
f 1574/1716 4/1717 6/1715
f 2516/2800 2515/2799 2519/2803
f 2516/2800 2509/2793 2515/2799
f 2519/2803 2515/2799 1971/2816
f 2519/2803 1971/2816 1970/2811
f 2388/2652 2392/2656 23/2647
f 2388/2652 2384/2648 2389/2653
f 2388/2652 23/2647 2384/2648
f 2392/6594 4693/6595 3866/6596
f 2392/6594 4699/6607 22/6597
f 2392/6594 22/6597 4693/6595
f 2392/2656 22/2646 23/2647
f 3076/3505 3083/3516 3077/3506
f 3076/3505 3084/3517 3083/3516
f 3574/4197 3575/4198 3573/4190
f 3574/4197 3572/4188 1052/4196
f 3574/4197 3573/4190 3572/4188
f 134/1697 1560/1693 1563/1696
f 3393/3973 3389/3969 3395/3975
f 3393/6452 3395/6453 4635/6454
f 3393/6452 4637/6457 3388/6469
f 3393/3973 3388/3968 3383/3963
f 3393/6452 4635/6454 4637/6457
f 3393/3973 3383/3963 3389/3969
f 4646/6466 3388/6469 4637/6457
f 4646/6466 3384/6472 3388/6469
f 4646/6466 4647/6467 3404/6470
f 4646/6466 4640/6460 4647/6467
f 4646/6466 3404/6470 3384/6472
f 4646/6466 4637/6457 4640/6460
f 890/930 891/931 889/929
f 890/930 885/924 891/931
f 890/930 889/929 886/926
f 890/930 886/926 885/924
f 891/931 895/939 889/929
f 891/931 885/924 892/932
f 891/931 892/932 896/941
f 891/931 896/941 895/939
f 2514/2798 2512/2796 2510/2794
f 2514/2798 2506/2790 2512/2796
f 2514/2798 2510/2794 2506/2790
f 2518/2802 2523/2807 2517/2801
f 2509/2793 2498/2782 2513/2797
f 2509/2793 2513/2797 2515/2799
f 2406/2670 2407/2671 2412/2676
f 2406/2670 2393/2657 2407/2671
f 2406/2670 2390/2654 2385/2649
f 2406/2670 2385/2649 2393/2657
f 2407/2671 2416/2680 2412/2676
f 2407/2671 2403/2667 2411/2675
f 2407/2671 2393/2657 2403/2667
f 2407/2671 2411/2675 2416/2680
f 3575/6613 3082/6612 3573/6614
f 3395/3975 3389/3969 3394/3974
f 3395/6453 3394/6456 4636/6455
f 3395/6453 4636/6455 4635/6454
f 3388/3968 3384/3964 3383/3963
f 883/920 884/921 887/927
f 883/920 887/927 593/923
f 883/920 881/918 882/919
f 883/920 6/922 881/918
f 883/920 882/919 884/921
f 883/920 593/923 6/922
f 887/927 884/921 893/934
f 887/927 893/934 595/933
f 887/927 595/933 593/923
f 881/918 879/916 882/919
f 881/918 5/911 879/916
f 881/918 6/922 5/911
f 4/4 5/5 6/6
f 880/917 886/926 888/928
f 880/917 885/924 886/926
f 880/917 877/914 878/915
f 880/917 888/928 877/914
f 880/917 878/915 885/924
f 889/929 888/928 886/926
f 889/929 894/935 888/928
f 889/929 895/939 894/935
f 39/3521 3086/3522 40/3523
f 39/40 40/41 36/37
f 2512/2796 2511/2795 2510/2794
f 2512/2796 2036/2812 2511/2795
f 2512/2796 2506/2790 2043/2813
f 2512/2796 2043/2813 2036/2812
f 2511/2795 2508/2792 2510/2794
f 2511/2795 2502/2786 2508/2792
f 2511/2795 2030/2815 2502/2786
f 2511/2795 2036/2812 2030/2815
f 2510/2794 2508/2792 2506/2790
f 2508/2792 2502/2786 2504/2788
f 2508/2792 2504/2788 2506/2790
f 2517/4958 2523/4959 3964/4955
f 2517/4958 3964/4955 2507/4957
f 2498/2782 2499/2783 2500/2784
f 2498/2782 2500/2784 2513/2797
f 2515/2799 2513/2797 1974/2817
f 2515/2799 1974/2817 1971/2816
f 2412/4200 3568/4182 2415/4194
f 2412/4200 2416/4199 3568/4182
f 1052/1120 1051/1119 156/1121
f 1052/4196 3572/4188 1048/4191
f 1052/1120 1048/1115 1051/1119
f 353/8247 1562/8248 354/8254
f 353/358 354/359 350/355
f 353/8247 1563/8246 1562/8248
f 353/358 350/355 349/354
f 354/359 359/364 350/355
f 1909/4267 1355/4270 1354/4268
f 1909/2093 1908/2092 1912/2096
f 1909/2093 1907/2091 1908/2092
f 1909/4267 1354/4268 1907/4269
f 1355/1450 1356/1451 1353/1448
f 1355/1450 1353/1448 1354/1449
f 3394/3974 3389/3969 3391/3971
f 3394/7887 3391/7885 4643/7886
f 3394/6456 4641/6461 4636/6455
f 3394/6456 4643/6463 4641/6461
f 884/921 882/919 605/940
f 884/921 602/942 893/934
f 884/921 605/940 602/942
f 882/919 879/916 608/937
f 882/919 608/937 605/940
f 893/934 599/943 595/933
f 893/934 602/942 599/943
f 879/916 5/911 876/913
f 879/916 876/913 611/938
f 879/916 611/938 608/937
f 5/911 875/912 876/913
f 876/913 875/912 877/914
f 876/913 877/914 613/936
f 876/913 613/936 611/938
f 875/912 878/915 877/914
f 877/914 888/928 613/936
f 878/915 39/925 885/924
f 888/928 894/935 613/936
f 2502/2786 2503/2787 2504/2788
f 2502/2786 1987/2818 2503/2787
f 2502/2786 2030/2815 1987/2818
f 2504/2788 2503/2787 2505/2789
f 2504/2788 2505/2789 2506/2790
f 2503/2787 2501/2785 2505/2789
f 2503/2787 1984/2819 2501/2785
f 2503/2787 1987/2818 1984/2819
f 2505/2789 2501/2785 2499/2783
f 2501/2785 2500/2784 2499/2783
f 2501/2785 1982/2820 2500/2784
f 2501/2785 1984/2819 1982/2820
f 2500/2784 1978/2821 2513/2797
f 2500/2784 1982/2820 1978/2821
f 2513/2797 1978/2821 1974/2817
f 4015/5057 1912/5056 4014/5054
f 1360/5055 4014/5054 1912/5056
f 1360/6784 1912/6785 1908/6778
f 1360/6784 1908/6778 1356/6780
f 4637/6457 4635/6454 4638/6458
f 4637/6457 4638/6458 4640/6460
f 4647/6467 3406/6471 3404/6470
f 4647/7220 4648/7221 3406/7222
f 4647/6467 4640/6460 4645/6465
f 4647/6467 4645/6465 4648/6468
f 892/5182 885/5181 4083/5180
f 892/932 897/944 896/941
f 892/932 898/945 897/944
f 892/8669 4083/8670 898/8671
f 1972/2171 1970/2169 1969/2168
f 1972/2171 1969/2168 1976/2175
f 1972/2171 1976/2175 2022/2221
f 1970/2169 1971/2170 1968/2167
f 1970/2169 1968/2167 1969/2168
f 2405/2669 2404/2668 2409/2673
f 2405/2669 2409/2673 2413/2677
f 2405/2669 2411/2675 2403/2667
f 2405/2669 2403/2667 2397/2661
f 2405/2669 2413/2677 2411/2675
f 2405/2669 2397/2661 2404/2668
f 4923/7754 2378/7755 2390/7756
f 4923/7430 2387/7431 2378/7432
f 2409/2673 2404/2668 2410/2674
f 2409/5365 2410/5360 2414/5361
f 2409/2673 2414/2678 2413/2677
f 1563/1696 1560/1693 1562/1695
f 1562/1695 1560/1693 506/1692
f 3389/3969 3390/3970 3391/3971
f 3389/3969 3383/3963 3386/3966
f 3389/3969 3386/3966 3390/3970
f 3404/3984 3406/3986 3403/3983
f 3404/3984 3387/3967 3384/3964
f 3404/3984 3403/3983 3387/3967
f 3406/6921 4648/6922 4778/6923
f 3406/7186 4778/7187 3405/7188
f 3406/3986 3405/3985 3403/3983
f 4778/6923 3601/6924 4651/6925
f 4778/7187 4651/7190 4653/7189
f 4778/6923 4648/6922 3601/6924
f 4778/7187 4653/7189 3405/7188
f 4651/6476 4650/6474 4649/6473
f 4651/8644 4649/8645 4653/8646
f 4651/8647 3602/8648 4650/8649
f 4651/8661 3601/8662 3602/8663
f 593/606 541/550 6/551
f 593/606 595/608 594/607
f 593/606 594/607 541/550
f 6/551 541/550 540/549
f 540/549 541/550 539/548
f 540/549 539/548 511/520
f 885/5181 4082/5179 4083/5180
f 2524/4960 3964/4955 2523/4959
f 2524/8286 2022/8287 2021/8285
f 2524/4960 3965/4961 3964/4955
f 2524/8286 2021/8285 3965/8281
f 1971/2170 1974/2173 1973/2172
f 1971/2170 1973/2172 1968/2167
f 2403/2667 2393/2657 2394/2658
f 2403/2667 2394/2658 2397/2661
f 2411/4204 2413/4203 3570/4184
f 2411/4204 3570/4184 2416/4199
f 4635/6454 4636/6455 4639/6459
f 4635/6454 4639/6459 4638/6458
f 896/8527 5141/8526 895/8525
f 896/8527 897/8530 5141/8526
f 2390/2654 2374/2636 2385/2649
f 2390/2654 2378/2640 2374/2636
f 1062/6619 1060/6623 4699/6607
f 1062/1134 1057/1129 1046/1113
f 1062/1134 1046/1113 1060/1132
f 3082/6432 3083/6433 3564/6434
f 3082/6612 3571/6615 3573/6614
f 3082/4195 3564/4178 3571/4187
f 595/608 599/612 598/611
f 595/608 598/611 597/610
f 595/608 596/609 594/607
f 595/608 597/610 596/609
f 895/8525 5139/8520 894/8523
f 895/8525 5141/8526 5139/8520
f 4082/5179 4075/5172 4081/5178
f 4082/5179 4081/5178 4083/5180
f 2506/2790 2525/2814 2043/2813
f 2506/3369 2975/3372 2973/3370
f 2506/6157 2974/6155 2525/6156
f 2506/3369 2973/3370 2974/3371
f 2043/2249 2042/2248 2036/2241
f 2043/6167 2525/6156 2042/6166
f 2036/2241 2035/2240 2030/2229
f 2036/2241 2042/2248 2035/2240
f 2975/3372 586/3379 580/3375
f 2975/3372 580/3375 2973/3370
f 1976/2175 1969/2168 1966/2165
f 1976/2175 2020/2219 2022/2221
f 1976/2175 1966/2165 2020/2219
f 1974/2173 1978/2177 1977/2176
f 1974/2173 1977/2176 1973/2172
f 1969/2168 1968/2167 1966/2165
f 2393/2657 2385/2649 2386/2650
f 2393/2657 2386/2650 2394/2658
f 2410/5360 2404/5363 4164/5349
f 2410/5360 4163/5348 2414/5361
f 2410/5360 4159/5344 4163/5348
f 2410/5360 4164/5349 4159/5344
f 4699/6607 21/6603 22/6597
f 4699/6607 1060/6623 21/6603
f 1057/1129 149/1128 1058/1130
f 1057/1129 1058/1130 1046/1113
f 4693/6595 22/6597 4694/6598
f 3391/7885 4393/7884 4643/7886
f 3391/7885 3392/7882 4393/7884
f 3391/3971 3390/3970 3392/3972
f 4636/6455 4641/6461 4642/6462
f 4636/6455 4642/6462 4639/6459
f 4649/6473 4650/6474 4544/6475
f 4649/6473 4544/6475 4652/6478
f 4649/6473 4652/6478 4653/6479
f 602/615 605/618 604/617
f 602/615 601/614 599/612
f 602/615 604/617 601/614
f 605/618 608/621 607/620
f 605/618 607/620 604/617
f 599/612 601/614 598/611
f 608/621 611/624 610/623
f 608/621 610/623 607/620
f 611/624 613/626 612/625
f 611/624 612/625 610/623
f 613/8532 894/8523 5140/8522
f 613/8532 5140/8522 612/8533
f 894/8523 5139/8520 5140/8522
f 4075/5172 4074/5171 4071/5168
f 4075/5172 4071/5168 4081/5178
f 2030/2229 2029/2228 1987/2186
f 2030/2229 2035/2240 2029/2228
f 1987/2186 1986/2185 1984/2183
f 1987/2186 2029/2228 1986/2185
f 1984/2183 1983/2182 1982/2181
f 1984/2183 1986/2185 1983/2182
f 1982/2181 1980/2179 1978/2177
f 1982/2181 1983/2182 1980/2179
f 2022/2221 2020/2219 2021/2220
f 1978/2177 1980/2179 1977/2176
f 1968/2167 1973/2172 1967/2166
f 1968/2167 1967/2166 1966/2165
f 2404/2668 2397/2661 2398/2662
f 2404/5363 2398/5359 4164/5349
f 2387/2651 2384/2648 2379/2641
f 2387/2651 2379/2641 2378/2640
f 22/2646 2381/2643 23/2647
f 22/6597 2382/6602 4694/6598
f 22/2646 2382/2644 2381/2643
f 22/6597 21/6603 2382/6602
f 2415/4194 3562/4176 3084/4185
f 2415/4194 3568/4182 3562/4176
f 3383/3963 3384/3964 3385/3965
f 3383/3963 3385/3965 3386/3966
f 3384/3964 3387/3967 3385/3965
f 4544/6475 4650/6474 4394/6477
f 4544/6227 4541/6221 4540/6220
f 4544/6227 4394/6226 4541/6221
f 4544/6475 4540/6480 4652/6478
f 4650/8386 3602/8383 5110/8382
f 4650/8386 5110/8382 4394/8385
f 5141/8526 897/8530 5142/8528
f 5141/8526 5142/8528 5139/8520
f 897/8530 5030/8529 5142/8528
f 897/8530 898/8535 5029/8531
f 897/8530 5029/8531 5030/8529
f 4074/5171 4078/5175 4072/5169
f 4074/5171 4072/5169 4071/5168
f 2413/4203 2414/4205 3577/4202
f 2413/4203 3577/4202 3570/4184
f 156/1121 1051/1119 1059/1131
f 4643/7792 5000/7791 4641/7799
f 4643/7792 4393/7801 4998/7789
f 4643/7792 4998/7789 5000/7791
f 4640/6460 4638/6458 4644/6464
f 4640/6460 4644/6464 4645/6465
f 3601/6924 4648/6922 3594/6926
f 3601/4236 3597/4232 3602/4237
f 3601/4236 3594/4229 3597/4232
f 598/611 601/614 600/613
f 598/611 600/613 597/610
f 5139/8520 5031/8521 5140/8522
f 5139/8520 5142/8528 5031/8521
f 2042/2248 2044/2251 2035/2240
f 2042/6166 2525/6156 2044/6159
f 2035/2240 2032/2231 2029/2228
f 2035/2240 2044/2251 2041/2246
f 2035/2240 2041/2246 2032/2231
f 2020/2219 2019/2218 2021/2220
f 2020/2219 1966/2165 2019/2218
f 1973/2172 1977/2176 1975/2174
f 1973/2172 1975/2174 1967/2166
f 23/2647 2379/2641 2384/2648
f 23/2647 2381/2643 2379/2641
f 1908/6778 1902/6779 1356/6780
f 1908/2092 1907/2091 1902/2086
f 1356/6780 1902/6779 1353/6781
f 601/614 604/617 603/616
f 601/614 603/616 600/613
f 604/617 607/620 606/619
f 604/617 606/619 603/616
f 607/620 610/623 609/622
f 607/620 609/622 606/619
f 610/623 612/625 614/627
f 610/8637 614/8638 609/8639
f 612/8533 5140/8522 5032/8524
f 612/8533 5032/8524 614/8534
f 5140/8522 5031/8521 5032/8524
f 4078/5175 4077/5174 4072/5169
f 2525/6156 2974/6155 4521/6154
f 2525/6156 4521/6154 2044/6159
f 2029/2228 1988/2187 1986/2185
f 2029/2228 2032/2231 1988/2187
f 1986/2185 1985/2184 1983/2182
f 1986/2185 1988/2187 1985/2184
f 1983/2182 1981/2180 1980/2179
f 1983/2182 1985/2184 1981/2180
f 1980/2179 1979/2178 1977/2176
f 1980/2179 1981/2180 1979/2178
f 1977/2176 1979/2178 1975/2174
f 2397/2661 2394/2658 2396/2660
f 2397/2661 2396/2660 2398/2662
f 4648/7628 4645/7616 4779/7605
f 4648/6922 4779/6927 3594/6926
f 5142/8528 5030/8529 5031/8521
f 2385/2649 2377/2639 2386/2650
f 2385/2649 2374/2636 2377/2639
f 2414/5361 4163/5348 4166/5353
f 2414/5361 4166/5353 3577/5366
f 3083/4186 3084/4185 3564/4178
f 4641/7799 5000/7791 4968/7794
f 4641/7799 4968/7794 4642/7804
f 3405/7188 4653/7189 3402/7191
f 3405/3985 3402/3982 3403/3983
f 4653/8619 4652/8620 3402/8621
f 4163/5348 4159/5344 4161/5346
f 4163/5348 4161/5346 4165/5350
f 4163/5348 4165/5350 4166/5353
f 2416/4199 3570/4184 3568/4182
f 1907/4269 1354/4268 1352/4273
f 1907/2091 1903/2087 1902/2086
f 1907/4269 1352/4273 1903/4274
f 1354/1449 1353/1448 1352/1447
f 4393/7801 4390/7802 4998/7789
f 4393/5832 4389/5828 4390/5829
f 4393/7884 3392/7882 4389/7883
f 4539/6219 4541/6221 4542/6222
f 4539/6219 4540/6220 4541/6221
f 4539/6219 4542/6222 4543/6223
f 4539/6482 4547/6481 4540/6480
f 4539/6219 4543/6223 4545/6228
f 4539/6219 4545/6228 4547/6230
f 4541/6221 4377/6224 4542/6222
f 4541/6221 4394/6226 4378/6225
f 4541/6221 4378/6225 4377/6224
f 4542/8870 5205/8872 4543/8886
f 4542/8870 4377/8879 4655/8871
f 4542/8870 4655/8871 5205/8872
f 4159/5344 4164/5349 4162/5347
f 4159/5344 4160/5345 4161/5346
f 4159/5344 4162/5347 4160/5345
f 3084/4185 3562/4176 3564/4178
f 3572/4188 3573/4190 3571/4187
f 3572/4188 1044/4189 1048/4191
f 3572/4188 3571/4187 3566/4180
f 3572/4188 3566/4180 1044/4189
f 4540/6480 4547/6481 4652/6478
f 3964/8284 3965/8281 3647/8283
f 3964/4955 3647/4956 2507/4957
f 3965/8281 2021/8285 2023/8282
f 3965/8281 2023/8282 3647/8283
f 4164/5349 2398/5359 2401/5351
f 4164/5349 2401/5351 4162/5347
f 1051/1119 1061/1133 1059/1131
f 1051/1119 1048/1115 1047/1114
f 1051/7896 5024/7894 1061/7895
f 1051/7896 1047/7897 5024/7894
f 4638/7617 4639/7614 4964/7606
f 4638/7617 4964/7606 4644/7610
f 3602/8383 3597/8384 3599/8379
f 3602/8383 3599/8379 5110/8382
f 4543/8886 5205/8872 5206/8875
f 4543/8886 5206/8875 4546/8882
f 4543/6223 4546/6229 4545/6228
f 2394/2658 2386/2650 2395/2659
f 2394/2658 2395/2659 2396/2660
f 1058/1130 1045/1112 1046/1113
f 1059/1153 1061/1157 1075/1155
f 1048/1115 1044/1111 1047/1114
f 4998/7789 4390/7802 5003/7803
f 4998/7789 4999/7790 5000/7791
f 4998/7789 5003/7803 4999/7790
f 2021/2220 2019/2218 2023/2222
f 2378/2640 2375/2637 2374/2636
f 2378/2640 2379/2641 2375/2637
f 1061/7895 5024/7894 1080/7893
f 1061/1157 1080/1164 1077/1158
f 1061/1157 1077/1158 1075/1155
f 4639/7614 4642/7613 4965/7607
f 4639/7614 4965/7607 4964/7606
f 4394/5833 4387/5826 4378/5817
f 4394/8385 5110/8382 4387/8381
f 2019/2218 1963/2161 2023/2222
f 2019/2218 1966/2165 1963/2161
f 4161/8184 4160/8183 5085/8180
f 4161/8184 5085/8180 4169/8187
f 4161/8184 4169/8187 4165/8188
f 4390/5829 4389/5828 4384/5823
f 4390/5829 4384/5823 4391/5830
f 4390/7802 4391/7800 5003/7803
f 3403/3983 3402/3982 3387/3967
f 541/7948 594/7946 4174/7947
f 541/5382 4174/5384 4172/5379
f 541/5382 4172/5379 564/5381
f 541/550 564/577 539/548
f 4083/5180 4081/5178 4070/5167
f 4083/7937 4070/7935 898/7922
f 2398/2662 2396/2660 2400/2664
f 2398/2662 2400/2664 2401/2665
f 1902/6779 1904/6782 1353/6781
f 1902/2086 1903/2087 1904/2088
f 1353/1448 1349/1444 1352/1447
f 1353/6781 1904/6782 1349/6783
f 594/7946 596/7944 2588/7945
f 594/7946 2588/7945 4174/7947
f 4081/5178 4071/5168 4064/5158
f 4081/5178 4064/5158 4070/5167
f 3647/8283 2023/8282 5098/8288
f 3647/8283 5098/8288 5099/8289
f 3647/8325 5099/8326 3648/8327
f 2023/8282 1960/8290 5098/8288
f 2023/2222 1963/2161 1960/2158
f 1966/2165 1967/2166 1964/2162
f 1966/2165 1964/2162 1963/2161
f 1080/1164 1081/1167 1079/1163
f 1080/7893 5024/7894 1081/7888
f 1080/1164 1079/1163 1077/1158
f 3392/3972 3390/3970 3397/3977
f 3392/7882 4382/7879 4389/7883
f 3392/7882 3397/7880 4382/7879
f 5000/7791 4999/7790 5001/7793
f 5000/7791 5001/7793 4968/7794
f 4652/6478 4547/6481 3408/6483
f 4652/6478 3408/6483 3402/6484
f 4645/7616 4644/7610 4961/7602
f 4645/7616 4961/7602 4779/7605
f 4377/5816 4378/5817 4374/5813
f 4377/6500 4373/6498 4655/6497
f 4377/5816 4374/5813 4373/5812
f 596/7944 597/7942 2584/7943
f 596/7944 2584/7943 2588/7945
f 898/7922 4069/7920 5029/7919
f 898/7922 4070/7935 4069/7920
f 2386/2650 2377/2639 2399/2663
f 2386/2650 2399/2663 2395/2659
f 4160/8183 4162/8185 3645/8179
f 4160/8183 5084/8177 5085/8180
f 4160/8183 3645/8179 5084/8177
f 1081/7888 1078/7889 1079/7890
f 1081/7888 5024/7894 5023/7891
f 1081/7888 5023/7891 1078/7889
f 3390/3970 3386/3966 3396/3976
f 3390/3970 3396/3976 3397/3977
f 4389/5828 4380/5819 4384/5823
f 4389/5828 4382/5821 4380/5819
f 4642/7613 4968/7615 4967/7609
f 4642/7613 4967/7609 4965/7607
f 3594/4229 3596/4231 3597/4232
f 3594/7612 4779/7605 3595/7611
f 3594/4229 3595/4230 3596/4231
f 597/7942 2580/7941 2584/7943
f 597/7942 600/7940 2580/7941
f 5029/7919 3071/7923 5030/7924
f 5029/7919 4069/7920 3065/7921
f 5029/7919 3065/7921 3071/7923
f 4071/5168 4072/5169 4073/5170
f 4071/5168 4073/5170 4064/5158
f 993/1040 988/1035 974/1021
f 993/1040 999/1046 994/1041
f 993/1040 994/1041 988/1035
f 974/1021 986/1033 972/1019
f 974/1021 988/1035 986/1033
f 1879/2057 1892/2076 1890/2074
f 1879/2057 1886/2064 1881/2059
f 1879/2057 1890/2074 1886/2064
f 1892/2076 1899/2083 1896/2080
f 1892/2076 1896/2080 1890/2074
f 2974/6155 2978/6150 4521/6154
f 2974/3371 2973/3370 2978/3378
f 4521/6154 2046/6158 2044/6159
f 4521/6154 2978/6150 1808/6147
f 4521/6154 1808/6147 2046/6158
f 2044/2251 2045/2253 2041/2246
f 2044/2251 2046/2257 2045/2253
f 2374/2636 2376/2638 2377/2639
f 2374/2636 2375/2637 2376/2638
f 1079/1163 1078/1162 1077/1158
f 4384/5823 4392/5831 4391/5830
f 4384/5823 4381/5820 4392/5831
f 4384/5823 4380/5819 4381/5820
f 5206/8875 5205/8872 4866/8874
f 5206/8875 5207/8878 4546/8882
f 5206/8875 4866/8874 4867/8876
f 5206/8875 4867/8876 5207/8878
f 5205/8872 4655/8871 4659/8873
f 5205/8872 4659/8873 4866/8874
f 5030/7924 3069/7925 5031/7926
f 5030/7924 3071/7923 3069/7925
f 4070/5167 4065/5159 4069/5166
f 4070/5167 4064/5158 4065/5159
f 4069/5166 4065/5159 3065/5165
f 999/1046 588/1050 1000/1047
f 999/1046 1000/1047 994/1041
f 4072/5169 4077/5174 4076/5173
f 4072/5169 4076/5173 4073/5170
f 1899/4355 3659/4331 3057/4339
f 1899/4355 3057/4339 1896/4356
f 2973/3370 2977/3376 2978/3378
f 2973/3370 580/3375 2977/3376
f 5099/8289 5098/8288 3655/8292
f 5099/8326 3655/8328 3648/8327
f 5098/8288 1960/8290 1962/8291
f 5098/8288 1962/8291 3655/8292
f 1967/2166 1975/2174 1965/2163
f 1967/2166 1965/2163 1964/2162
f 4162/5347 2401/5351 3643/5352
f 4162/8185 3643/8186 3645/8179
f 5085/8180 5084/8177 5083/8176
f 5085/8180 5083/8176 4170/8181
f 5085/8180 4170/8181 4169/8187
f 5003/7803 4391/7800 4999/7790
f 4378/5817 4387/5826 4385/5824
f 4378/5817 4385/5824 4374/5813
f 2584/2882 2577/2875 2588/2886
f 2584/2882 2580/2878 2577/2875
f 1881/2059 1888/2071 582/2067
f 1881/2059 1886/2064 1888/2071
f 4077/5174 4079/5176 4076/5173
f 972/1019 985/1032 981/1028
f 972/1019 986/1033 985/1032
f 1960/2158 1963/2161 1955/2150
f 1960/2158 1951/2146 1962/2160
f 1960/2158 1955/2150 1951/2146
f 1963/2161 1964/2162 1955/2150
f 2396/2660 2395/2659 2402/2666
f 2396/2660 2402/2666 2400/2664
f 2379/2641 2381/2643 2380/2642
f 2379/2641 2380/2642 2375/2637
f 2381/2643 2382/2644 2383/2645
f 2381/2643 2383/2645 2380/2642
f 1047/7897 1054/7898 5024/7894
f 1047/1114 1043/1110 1054/1123
f 1047/1114 1044/1111 1043/1110
f 4391/7800 4392/7796 5001/7793
f 4391/7800 5001/7793 4999/7790
f 4545/8885 4546/8882 3408/8884
f 4545/8885 3408/8884 4547/8897
f 3597/4232 3596/4231 3598/4233
f 3597/4232 3598/4233 3599/4234
f 5110/8382 3599/8379 5109/8377
f 5110/8382 5109/8377 4387/8381
f 2588/5918 2586/5911 4174/5917
f 2588/2886 2577/2875 2586/2884
f 4174/5917 2586/5911 4172/5914
f 588/601 578/591 589/602
f 588/1050 589/1053 1000/1047
f 4064/5158 4060/5154 4065/5159
f 4064/5158 4073/5170 4061/5155
f 4064/5158 4061/5155 4060/5154
f 2978/6150 4520/6146 1808/6147
f 2978/6150 2977/6148 4520/6146
f 2041/2246 1805/2250 2032/2231
f 2041/2246 2045/2253 1805/2250
f 5083/8176 5084/8177 3644/8178
f 5083/8176 3644/8178 4170/8181
f 2382/6602 21/6603 4696/6604
f 2382/6686 4697/6685 2383/6684
f 2382/6602 4696/6604 4697/6605
f 1045/1112 1038/1104 1046/1113
f 1045/1139 357/1138 355/1140
f 1045/1112 355/1105 1038/1104
f 1075/1155 1077/1158 359/1160
f 1903/4274 1352/4273 1905/4275
f 1903/2087 1905/2089 1904/2088
f 1352/1447 1349/1444 1351/1446
f 1352/4273 1351/4276 1905/4275
f 4392/7796 5002/7795 5001/7793
f 4392/7796 4381/7797 5002/7795
f 4655/6497 4656/6499 4659/6504
f 4655/6497 4373/6498 4656/6499
f 600/7940 2581/7939 2580/7941
f 600/7940 603/7938 2581/7939
f 2046/6158 1808/6147 1804/6165
f 2046/2257 1804/2256 2045/2253
f 1962/2160 1951/2146 1961/2159
f 1962/2160 1961/2159 1953/2148
f 1962/8291 1953/8293 3655/8292
f 1975/2174 1979/2178 1791/2164
f 1975/2174 1791/2164 1965/2163
f 5084/8177 3645/8179 3644/8178
f 3644/8178 3646/8182 4170/8181
f 3644/4313 3645/4314 3640/4307
f 3644/4313 3641/4308 3646/4315
f 3644/4313 3640/4307 3641/4308
f 1046/1113 1038/1104 1060/1132
f 4170/5369 3646/5370 2931/5368
f 4170/5369 2931/5368 4169/5364
f 5024/7894 1054/7898 5023/7891
f 3386/3966 3385/3965 3399/3979
f 3386/3966 3399/3979 3396/3976
f 4968/7794 5001/7793 5002/7795
f 4968/7794 5002/7795 4967/7798
f 4644/7610 4964/7606 4958/7599
f 4644/7610 4958/7599 4961/7602
f 4546/8882 5207/8878 5208/8883
f 4546/8882 5208/8883 3408/8884
f 2580/2878 2574/2872 2577/2875
f 2580/2878 2581/2879 2574/2872
f 2577/2875 2578/2876 2586/2884
f 2577/2875 2574/2872 2575/2873
f 2577/2875 2575/2873 2578/2876
f 5031/7926 3070/7927 5032/7928
f 5031/7926 3069/7925 3070/7927
f 3071/3499 3065/3491 3061/3487
f 3071/3499 3066/3492 3069/3497
f 3071/3499 3061/3487 3066/3492
f 3065/5165 4065/5159 3072/5161
f 3065/3491 3072/3500 3062/3488
f 3065/3491 3062/3488 3061/3487
f 4065/5159 4060/5154 3072/5161
f 3659/4331 3060/4338 3057/4339
f 3659/4331 3658/4330 3060/4338
f 1951/2146 1955/2150 1954/2149
f 1951/2146 1953/2148 1961/2159
f 1951/2146 1954/2149 1952/2147
f 1951/2146 1952/2147 1953/2148
f 1964/2162 1958/2153 1955/2150
f 1964/2162 1965/2163 1958/2153
f 1955/2150 1958/2153 1954/2149
f 2401/5351 2400/5362 4168/5358
f 2401/5351 4168/5358 3643/5352
f 2377/6678 4719/6675 2399/6677
f 2377/6678 2376/6679 4719/6675
f 21/6603 1060/6623 1050/6625
f 21/6603 1050/6625 4696/6604
f 1060/1132 1038/1104 1050/1118
f 1077/1158 1078/1162 358/1161
f 1077/1158 358/1161 359/1160
f 5023/7891 4758/7892 1078/7889
f 5023/7891 1054/7898 4758/7892
f 1904/5317 1906/5310 1349/5316
f 1904/2088 1905/2089 1906/2090
f 1349/1444 1350/1445 1351/1446
f 1349/5316 1906/5310 1350/5312
f 4866/8874 4659/8873 4862/8877
f 4866/7227 4862/7223 4865/7226
f 4866/7227 4865/7226 4867/7228
f 2586/2884 2578/2876 2579/2877
f 2586/5911 4435/5913 4172/5914
f 2586/5911 2579/5912 4435/5913
f 994/3478 3041/3452 988/3476
f 994/3478 1000/3474 3042/3453
f 994/3478 3042/3453 3041/3452
f 988/3476 3041/3452 3049/3460
f 988/3476 3049/3460 986/3477
f 1890/3468 3048/3459 1886/3467
f 1890/3468 1896/3469 3052/3463
f 1890/3468 3052/3463 3048/3459
f 1808/1968 1807/1967 1804/1964
f 1808/6147 4520/6146 1807/6143
f 2032/2231 1796/2239 1988/2187
f 2032/2231 1805/2250 1796/2239
f 2395/6676 2399/6677 4719/6675
f 2395/6676 4719/6675 2402/6673
f 3645/4314 3643/4312 3640/4307
f 4165/5350 4169/5364 2930/5356
f 4165/5350 19/5354 4166/5353
f 4165/5350 2930/5356 19/5354
f 3570/4184 3569/4183 3568/4182
f 3570/4184 3577/4202 3576/4201
f 3570/4184 3576/4201 3569/4183
f 3568/4182 3567/4181 3562/4176
f 3568/4182 3569/4183 3567/4181
f 603/7938 2582/7936 2581/7939
f 603/7938 606/7934 2582/7936
f 5032/7928 2587/7929 614/7930
f 5032/7928 3070/7927 2587/7929
f 578/591 577/590 589/602
f 578/591 510/519 577/590
f 582/2067 1888/2071 579/2072
f 582/595 579/592 551/564
f 1886/3467 3048/3459 3047/3458
f 1886/3467 3047/3458 1888/3470
f 1896/3469 3056/3471 3052/3463
f 1896/3469 3057/3472 3056/3471
f 1804/2256 1802/2254 2045/2253
f 1804/1964 1807/1967 1803/1963
f 1804/1964 1803/1963 1802/1962
f 2045/2253 1802/2254 1805/2250
f 1979/2178 1981/2180 1790/2233
f 1979/2178 1790/2233 1791/2164
f 3646/4315 3641/4308 2931/4309
f 4169/5364 2931/5368 2930/5356
f 4166/5353 4167/5355 3577/5366
f 4166/5353 19/5354 4167/5355
f 3385/3965 3387/3967 3400/3980
f 3385/3965 3400/3980 3399/3979
f 4964/7606 4965/7607 4962/7603
f 4964/7606 4962/7603 4958/7599
f 4779/7605 4961/7602 4963/7604
f 4779/7605 4963/7604 3595/7611
f 2581/2879 2567/2865 2574/2872
f 2581/2879 2582/2880 2567/2865
f 2574/2872 2567/2865 2566/2864
f 2574/2872 2566/2864 2575/2873
f 2578/2876 2575/2873 2576/2874
f 2578/2876 2576/2874 2579/2877
f 3072/3500 3063/3489 3062/3488
f 3072/5161 4060/5154 3073/5164
f 3072/3500 3073/3501 3063/3489
f 1000/3474 3046/3457 3042/3453
f 1000/3474 589/3475 3046/3457
f 981/3809 985/3810 3274/3804
f 981/3809 3274/3804 3086/3807
f 3048/3459 3043/3454 3044/3455
f 3048/3459 3052/3463 3043/3454
f 3048/3459 3044/3455 3047/3458
f 3041/3452 3042/3453 3043/3454
f 3041/3452 3043/3454 3049/3460
f 986/3477 3049/3460 3055/3466
f 986/3477 3055/3466 985/3480
f 3043/3454 3042/3453 3044/3455
f 3043/3454 3052/3463 3056/3471
f 3043/3454 3050/3461 3049/3460
f 3043/3454 3056/3471 3050/3461
f 4520/6146 2977/6148 4319/6144
f 4520/6146 4319/6144 1807/6143
f 2977/3376 580/3375 547/3377
f 2977/6148 547/6149 4319/6144
f 1988/2187 1795/2234 1985/2184
f 1988/2187 1796/2239 1795/2234
f 1965/2163 1789/2156 1958/2153
f 1965/2163 1791/2164 1789/2156
f 1954/2149 1958/2153 1957/2152
f 1954/2149 1957/2152 1956/2151
f 1954/2149 1956/2151 1952/2147
f 1958/2153 1789/2156 1957/2152
f 3640/4307 3638/4305 3641/4308
f 3640/4307 3643/4312 3642/4311
f 3640/4307 3642/4311 3639/4306
f 3640/4307 3639/4306 3638/4305
f 3577/5366 4167/5355 3576/5367
f 3596/4231 3595/4230 3600/4235
f 3596/4231 3600/4235 3598/4233
f 4862/8877 4659/8873 4870/8880
f 4862/8877 4870/8880 4863/8881
f 4862/7223 4863/7224 4864/7225
f 4862/7223 4864/7225 4865/7226
f 606/7934 609/7932 2583/7933
f 606/7934 2583/7933 2582/7936
f 609/7932 614/7930 2585/7931
f 609/7932 2585/7931 2583/7933
f 614/7930 2587/7929 2585/7931
f 3069/3497 3068/3494 3070/3498
f 3069/3497 3066/3492 3068/3494
f 3061/3487 3062/3488 3063/3489
f 3061/3487 3064/3490 3066/3492
f 3061/3487 3063/3489 3064/3490
f 3042/3453 3045/3456 3044/3455
f 3042/3453 3046/3457 3045/3456
f 3044/3455 3045/3456 3047/3458
f 1807/1967 1806/1966 1803/1963
f 1807/6143 4319/6144 4317/6145
f 1807/6143 4317/6145 1806/6160
f 1985/2184 1795/2234 1981/2180
f 1981/2180 1795/2234 1790/2233
f 3641/4308 3638/4305 2931/4309
f 3571/4187 3564/4178 3566/4180
f 5207/8878 4867/8876 5212/8898
f 5207/8878 5212/8898 5208/8883
f 3599/8379 3598/8380 15/8374
f 3599/8379 15/8374 5109/8377
f 4387/5826 4386/5825 4385/5824
f 4387/8381 5109/8377 4386/8378
f 1888/3470 3047/3458 3051/3462
f 1888/3470 3051/3462 579/3486
f 3047/3458 3045/3456 3051/3462
f 3049/3460 3050/3461 3055/3466
f 1803/1963 1800/1960 1802/1962
f 1803/1963 1806/1966 1800/1960
f 1802/2254 1799/2255 1805/2250
f 1802/1962 1800/1960 1799/1959
f 1805/1965 1799/1959 1796/1956
f 3648/4317 3655/4325 3650/4320
f 2400/6674 2402/6673 4171/6667
f 2400/5362 4171/5371 4168/5358
f 3643/6669 4168/6668 3642/6660
f 357/362 349/354 355/360
f 1078/6850 4758/6847 358/6846
f 359/364 358/363 350/355
f 3387/3967 3402/3982 3401/3981
f 3387/3967 3401/3981 3400/3980
f 4965/7607 4967/7609 4966/7608
f 4965/7607 4966/7608 4962/7603
f 2567/2865 2582/2880 2564/2862
f 2567/2865 2564/2862 2560/2858
f 2567/2865 2560/2858 2566/2864
f 2575/2873 2566/2864 2568/2866
f 2575/2873 2568/2866 2576/2874
f 2582/2880 2583/2881 2564/2862
f 3070/3498 2572/3496 2587/3502
f 3070/3498 3068/3494 2572/3496
f 589/3475 3053/3464 3046/3457
f 589/3475 577/3482 3053/3464
f 3046/3457 3053/3464 3045/3456
f 3045/3456 3054/3465 3051/3462
f 3045/3456 3053/3464 3054/3465
f 3050/3461 3056/3471 3059/3479
f 3050/3461 3058/3473 3055/3466
f 3050/3461 3059/3479 3058/3473
f 1791/1951 1786/1946 1789/1949
f 1791/1951 1790/1950 1786/1946
f 1789/2156 1788/2155 1957/2152
f 1789/1949 1786/1946 1788/1948
f 1957/2152 1788/2155 1959/2154
f 1957/2152 1959/2154 1956/2151
f 3642/6660 4168/6668 4713/6659
f 3642/6660 4711/6657 3639/6672
f 3642/6660 4713/6659 4711/6657
f 2375/6682 2380/6683 4721/6681
f 2375/6682 4721/6681 2376/6679
f 2380/6683 2383/6684 4720/6680
f 2380/6683 4720/6680 4721/6681
f 358/6846 4758/6847 1054/6848
f 358/363 351/356 350/355
f 358/6846 1054/6848 351/6849
f 4659/8873 4658/8887 4870/8880
f 4659/6504 4656/6499 4658/6503
f 3066/3492 3067/3493 3068/3494
f 3066/3492 3064/3490 3067/3493
f 4073/5170 4076/5173 4061/5155
f 3057/3472 3059/3479 3056/3471
f 3057/3472 3060/3481 3059/3479
f 3658/4330 3667/4341 3277/4346
f 3658/4330 3277/4346 3060/4338
f 1796/1956 1799/1959 1794/1954
f 1796/1956 1794/1954 1795/1955
f 2402/6673 4719/6675 4717/6665
f 2402/6673 4717/6665 4171/6667
f 2376/6679 4718/6666 4719/6675
f 2376/6679 4721/6681 4718/6666
f 2383/6684 4697/6685 4701/6671
f 2383/6684 4701/6671 4720/6680
f 4697/6605 4696/6604 4701/6609
f 355/360 349/354 352/357
f 355/1105 352/1102 1038/1104
f 3562/4176 3563/4177 3564/4178
f 3562/4176 3567/4181 3563/4177
f 1905/4275 1351/4276 1914/4277
f 1905/2089 1910/2094 1906/2090
f 1905/2089 1365/2098 1910/2094
f 1905/2089 1914/2099 1365/2098
f 1351/1446 1350/1445 1357/1452
f 1351/1446 1357/1452 1361/1456
f 1351/4276 1362/4278 1914/4277
f 1351/1446 1361/1456 1362/1457
f 5002/7795 4381/7797 4967/7798
f 4967/7798 4381/7797 4966/7805
f 4961/7602 4958/7599 4960/7601
f 4961/7602 4960/7601 4963/7604
f 4863/7224 4870/7231 4869/7230
f 4863/7224 4869/7230 4868/7229
f 4863/7224 4868/7229 4864/7225
f 2583/2881 2585/2883 2565/2863
f 2583/2881 2565/2863 2564/2862
f 2585/2883 2587/2885 2571/2869
f 2585/2883 2571/2869 2565/2863
f 2587/2885 2572/2870 2571/2869
f 510/519 518/527 577/590
f 510/519 511/520 518/527
f 551/564 579/592 550/563
f 551/564 550/563 548/561
f 1800/1960 1798/1958 1799/1959
f 1800/1960 1801/1961 1798/1958
f 1800/1960 1806/1966 1801/1961
f 1799/1959 1798/1958 1794/1954
f 1795/1955 1784/1944 1790/1950
f 1795/1955 1794/1954 1782/1942
f 1795/1955 1782/1942 1784/1944
f 1790/1950 1784/1944 1786/1946
f 4719/6675 4718/6666 4717/6665
f 4721/6681 4720/6680 4718/6666
f 4720/6680 4701/6671 4718/6666
f 2931/4309 3638/4305 2932/4310
f 2931/3323 2932/3324 2928/3320
f 2931/3323 2928/3320 2930/3322
f 4867/8901 4865/8904 5211/8902
f 4867/8901 5211/8902 5212/8903
f 4869/8905 4870/8906 4895/8907
f 4869/7326 4893/7324 4868/7323
f 4869/7326 4895/7327 4893/7324
f 2564/2862 2565/2863 2563/2861
f 2564/2862 2563/2861 2560/2858
f 3068/3494 2573/3495 2572/3496
f 3068/3494 3067/3493 2573/3495
f 1786/1946 1785/1945 1788/1948
f 1786/1946 1784/1944 1785/1945
f 1788/1948 1785/1945 1787/1947
f 1788/2155 1787/2157 1959/2154
f 3629/4289 3630/4290 3631/4291
f 3629/4289 3635/4297 3630/4290
f 3629/4289 3631/4291 3638/4305
f 3629/4289 3639/4306 3637/4300
f 3629/4289 3637/4300 3635/4297
f 3629/4289 3638/4305 3639/4306
f 4168/6668 4171/6667 4713/6659
f 4718/6666 4701/6671 3873/6670
f 4718/6666 3871/6664 4717/6665
f 4718/6666 3873/6670 3871/6664
f 4701/6609 4696/6604 3873/6611
f 352/357 349/354 351/356
f 352/1102 351/1116 1037/1103
f 352/1102 1037/1103 1038/1104
f 349/354 350/355 351/356
f 351/1116 1054/1123 1037/1103
f 1054/1123 1043/1110 1037/1103
f 3564/4178 3565/4179 3566/4180
f 3564/4178 3563/4177 3565/4179
f 1906/5310 1358/5311 1350/5312
f 1906/5310 1911/5313 1358/5311
f 1906/2090 1910/2094 1911/2095
f 1350/1445 1358/1453 1357/1452
f 4958/7599 4962/7603 4959/7600
f 4958/7599 4959/7600 4960/7601
f 3595/7611 4963/7604 4970/7619
f 3595/7611 4970/7619 3600/7620
f 3598/7626 3600/7620 16/7625
f 3598/7626 16/7625 15/7627
f 4374/5813 4372/5811 4373/5812
f 4374/5813 4385/5824 4372/5811
f 4373/6498 4370/6501 4656/6499
f 4373/5812 4372/5811 4370/5808
f 2566/2864 2560/2858 2562/2860
f 2566/2864 2562/2860 2568/2866
f 3051/3462 3054/3465 566/3483
f 3051/3462 565/3485 579/3486
f 3051/3462 566/3483 565/3485
f 4076/5173 4079/5176 4063/5157
f 4076/5173 4063/5157 4061/5155
f 985/3810 3055/3811 3272/3801
f 985/3810 3272/3801 3274/3804
f 3227/7212 4147/7213 4145/7209
f 3227/7212 4145/7209 3222/7208
f 3227/3724 3222/3719 3226/3723
f 4147/5328 4142/5325 4145/5324
f 4147/5328 4144/5329 4142/5325
f 1794/1954 1798/1958 1792/1952
f 1794/1954 1792/1952 1782/1942
f 4385/5824 4386/5825 4372/5811
f 4870/8880 4658/8887 4895/8888
f 2565/2863 2571/2869 2570/2868
f 2565/2863 2570/2868 2563/2861
f 2571/2869 2572/2870 2570/2868
f 2572/2870 2573/2871 2570/2868
f 4172/5379 4173/5380 564/5381
f 4172/5914 4435/5913 4173/5915
f 577/3482 567/3484 3053/3464
f 577/590 518/527 567/580
f 3053/3464 566/3483 3054/3465
f 3053/3464 567/3484 566/3483
f 579/592 565/578 550/563
f 3222/7208 4145/7209 4146/7210
f 3222/3719 3224/3721 3226/3723
f 3222/3719 3223/3720 3224/3721
f 3222/7208 4146/7210 3223/7211
f 1798/1958 1797/1957 1792/1952
f 1798/1958 1801/1961 1797/1957
f 4145/5324 4142/5325 4143/5326
f 4145/5324 4143/5326 4146/5327
f 3226/5323 3224/5318 4144/5322
f 1782/1942 1781/1941 1784/1944
f 1782/1942 1792/1952 1779/1939
f 1782/1942 1779/1939 1781/1941
f 1784/1944 1781/1941 1785/1945
f 3630/4290 3632/4292 3631/4291
f 3630/4290 3635/4297 3634/4294
f 3630/4290 3634/4294 3633/4293
f 3630/4290 3633/4293 3632/4292
f 3631/4291 3632/4292 2927/4301
f 3631/4291 2932/4310 3638/4305
f 3631/4291 2927/4301 2932/4310
f 4171/6667 4717/6665 4715/6662
f 4171/6667 4715/6662 4713/6659
f 4717/6665 3871/6664 4715/6662
f 4962/7603 4966/7608 4969/7618
f 4962/7603 4969/7618 4959/7600
f 4864/8340 4894/8341 4865/8342
f 4864/7328 4868/7323 4894/7325
f 4865/8896 4894/8894 5211/8895
f 5109/8377 15/8374 4388/8376
f 5109/8377 4388/8376 4386/8378
f 2560/2858 2563/2861 2561/2859
f 2560/2858 2561/2859 2562/2860
f 4079/5176 4080/5177 4063/5157
f 3055/3811 3058/3812 3272/3801
f 3058/3812 3059/3813 3276/3808
f 3058/3812 3270/3798 3272/3801
f 3058/3812 3276/3808 3270/3798
f 3224/5318 4142/5320 4144/5322
f 3224/5318 3225/5319 4142/5320
f 3224/3721 3223/3720 3225/3722
f 1785/1945 1781/1941 1783/1943
f 1785/1945 1783/1943 1787/1947
f 3634/4294 3635/4297 3636/4298
f 3634/4294 3636/4298 2730/4299
f 3634/4294 2733/4295 3633/4293
f 3634/4294 2730/4299 2733/4295
f 3402/3982 3408/3988 3407/3987
f 3402/3982 3407/3987 3401/3981
f 4966/7608 4381/7621 4969/7618
f 4963/7604 4960/7601 4970/7619
f 4868/7323 4893/7324 4894/7325
f 4893/8893 5210/8890 4894/8894
f 4893/8893 4895/8888 5210/8890
f 4656/6499 4657/6502 4658/6503
f 4656/6499 4370/6501 4657/6502
f 3086/3807 3274/3804 40/3806
f 1792/1952 1793/1953 1779/1939
f 1792/1952 1797/1957 1793/1953
f 4142/5320 3225/5319 4143/5321
f 3637/6653 3639/6672 4711/6657
f 3637/6653 4707/6647 3635/6654
f 3637/6653 4711/6657 4705/6645
f 3637/6653 4705/6645 4707/6647
f 3632/4292 3633/4293 2926/4303
f 3632/4292 2925/4302 2927/4301
f 3632/4292 2926/4303 2925/4302
f 4713/6659 4712/6658 4711/6657
f 4713/6659 4715/6662 4714/6661
f 4713/6659 4714/6661 4712/6658
f 1911/5313 1364/5314 1358/5311
f 1911/2095 1910/2094 1915/2100
f 1911/5313 1916/5315 1364/5314
f 1911/2095 1915/2100 1916/2101
f 1358/1453 1363/1458 1357/1452
f 1358/1453 1364/1459 1363/1458
f 4381/7621 4395/7624 4969/7618
f 4381/5820 4379/5818 4395/5835
f 4381/5820 4380/5819 4379/5818
f 4960/7601 4959/7600 4397/7623
f 4960/7601 4397/7623 4970/7619
f 2563/2861 2570/2868 2569/2867
f 2563/2861 2569/2867 2561/2859
f 2570/2868 2573/2871 2569/2867
f 1779/1939 1780/1940 1781/1941
f 1779/1939 1793/1953 1780/1940
f 1781/1941 1780/1940 1783/1943
f 3635/6654 4707/6647 3636/6655
f 1910/2094 1365/2098 1915/2100
f 1357/1452 1363/1458 1361/1456
f 4969/7618 4395/7624 4959/7600
f 4959/7600 4395/7624 4397/7623
f 4970/7619 4396/7622 3600/7620
f 4970/7619 4397/7623 4396/7622
f 3600/7620 4396/7622 16/7625
f 15/16 16/17 17/18
f 15/8374 17/8375 4388/8376
f 4658/8887 5209/8889 4895/8888
f 4658/8887 4657/8892 5209/8889
f 564/5381 4173/5380 537/5383
f 564/577 537/546 539/548
f 4173/5915 4435/5913 537/5916
f 511/520 519/528 518/527
f 511/520 539/548 519/528
f 3667/4341 3668/4342 3277/4346
f 3636/6655 2728/6652 2730/6656
f 3636/6655 4707/6647 4709/6649
f 3636/6655 4709/6649 2728/6652
f 2733/4295 2729/4296 3633/4293
f 2733/3041 2730/3038 2729/3037
f 3633/4293 2729/4296 2926/4303
f 1043/1110 1044/1111 1040/1107
f 1043/1110 1040/1107 1037/1103
f 4397/5837 4395/5835 4396/5836
f 4386/5825 4388/5827 4372/5811
f 548/561 550/563 526/535
f 548/561 526/535 547/560
f 3060/3814 3276/3808 3059/3813
f 3060/3814 3277/3815 3276/3808
f 1916/8471 1363/8472 1364/8473
f 1916/7982 1915/7983 1363/7984
f 4395/5835 17/5834 4396/5836
f 4395/5835 4379/5818 17/5834
f 4396/5836 17/5834 16/5838
f 4894/8894 5210/8890 5211/8895
f 4895/8888 5209/8889 5210/8890
f 2730/3038 2728/3036 2729/3037
f 4711/6657 4712/6658 4705/6645
f 2729/4296 2723/4304 2926/4303
f 2729/3037 2728/3036 2723/3031
f 4715/6662 3871/6664 4714/6661
f 3873/4821 3869/4816 3871/4818
f 3873/6611 4696/6604 3869/6616
f 4388/5827 17/5834 4375/5814
f 4388/5827 4375/5814 4372/5811
f 567/580 518/527 520/529
f 567/580 523/532 566/579
f 567/580 520/529 523/532
f 565/578 524/533 550/563
f 565/578 566/579 523/532
f 565/578 523/532 524/533
f 2927/3318 2928/3320 2932/3324
f 2927/3318 2925/3316 2923/3312
f 2927/3318 2923/3312 2928/3320
f 3871/6664 3870/6696 4714/6661
f 3871/4818 3869/4816 3870/4817
f 4380/5819 4376/5815 4379/5818
f 4380/5819 4382/5821 4376/5815
f 17/5834 4379/5818 4375/5814
f 518/527 519/528 520/529
f 550/563 524/533 526/535
f 3566/4180 1040/4192 1044/4189
f 3566/4180 3565/4179 1040/4192
f 2925/3316 2926/3317 2924/3313
f 2925/3316 2919/3308 2923/3312
f 2925/3316 2924/3313 2919/3308
f 3408/8884 5208/8883 3407/8891
f 4714/6661 4716/6663 4712/6658
f 4714/6661 3870/6696 4716/6663
f 1914/8337 1362/8338 1365/8339
f 1362/1457 1361/1456 1365/1460
f 3274/3804 3272/3801 3273/3803
f 3274/3804 3273/3803 40/3806
f 4705/6645 4706/6646 4707/6647
f 4705/6645 4712/6658 4708/6648
f 4705/6645 4708/6648 4706/6646
f 4696/6604 1050/6625 1049/6626
f 4696/6604 4400/6617 3869/6616
f 4696/6604 1049/6626 4400/6617
f 5211/8895 5210/8890 5212/8898
f 539/548 528/537 519/528
f 539/548 537/546 528/537
f 4709/6649 4707/6647 4706/6646
f 4709/6649 2724/6651 2728/6652
f 4709/6649 4706/6646 4710/6650
f 4709/6649 4710/6650 2724/6651
f 2926/3317 2723/3319 2924/3313
f 4379/5818 4376/5815 4375/5814
f 3270/3798 37/3800 3272/3801
f 3270/3798 3276/3808 3275/3805
f 3270/3798 3271/3799 37/3800
f 3270/3798 3275/3805 3271/3799
f 3854/7092 3223/7094 2842/7098
f 3854/7092 3225/7093 3223/7094
f 3854/4783 2842/4784 2845/4785
f 3854/7092 3857/7095 3225/7093
f 3854/4783 2845/4785 3855/4786
f 3223/7094 4146/7099 2842/7098
f 1037/1103 1039/1106 1038/1104
f 1037/1103 1040/1107 1039/1106
f 547/6149 13/6151 4319/6144
f 547/560 526/535 527/536
f 547/6149 527/6152 13/6151
f 2842/7098 4146/7099 2843/7097
f 2842/3191 2843/3192 2844/3193
f 2842/3191 2844/3193 2845/3194
f 4146/7099 4143/7096 2843/7097
f 3650/4320 3655/4325 2082/4326
f 3650/4320 2082/4326 3652/4322
f 1953/8293 2017/8294 3655/8292
f 1953/2148 1990/2189 2017/2216
f 1953/2148 1952/2147 1990/2189
f 2728/3036 2724/3032 2723/3031
f 4712/6658 4716/6663 4708/6648
f 2723/3319 2725/3314 2924/3313
f 2723/3031 2724/3032 2725/3033
f 2930/3322 2928/3320 2929/3321
f 2930/6622 3869/6616 20/6621
f 2930/4815 18/4814 3869/4816
f 2930/5356 20/5357 19/5354
f 4382/7879 3397/7880 4383/7881
f 4382/5821 4383/5822 4376/5815
f 2579/5912 4442/5928 4435/5913
f 2579/5912 4446/5932 4442/5928
f 2579/7691 4980/7690 4446/7692
f 2579/7691 2576/7689 4980/7690
f 4319/5693 4316/5690 4317/5691
f 4319/5693 13/5683 4316/5690
f 4317/6145 2047/6161 1806/6160
f 4317/5691 4316/5690 4315/5689
f 4317/6145 4315/6162 2047/6161
f 3225/7093 3857/7095 4143/7096
f 3857/7095 2843/7097 4143/7096
f 3857/4790 3856/4788 2843/4787
f 3857/8215 4703/8216 3856/8217
f 3655/8292 2017/8294 2084/8295
f 3655/4325 2084/4327 2082/4326
f 1038/1104 1039/1106 1050/1118
f 5212/8898 3407/8891 5208/8883
f 5212/8898 5210/8890 5209/8889
f 5212/8898 5209/8889 3416/8899
f 5212/8898 3416/8899 3407/8891
f 4375/5814 4371/5809 4372/5811
f 4375/5814 4376/5815 4371/5809
f 4435/5913 4442/5928 537/5916
f 3073/5164 4060/5154 4062/5156
f 3073/7679 1825/7677 3063/7678
f 3073/5164 4067/5162 1825/5199
f 3073/5164 4062/5156 4067/5162
f 4060/5154 4061/5155 4062/5156
f 1806/2264 2047/2258 1801/2252
f 3277/3815 3278/3816 3276/3808
f 3277/4346 3668/4342 3278/4349
f 2843/4787 3856/4788 2844/4789
f 2928/3320 2923/3312 2929/3321
f 3870/4817 3869/4816 18/4814
f 3870/4817 18/4814 3868/4813
f 3870/6696 3868/6695 4716/6663
f 1050/1118 1039/1106 1049/1117
f 4442/5928 4446/5932 4443/5929
f 4442/5928 4443/5929 4441/5927
f 4442/5928 4441/5927 537/5916
f 519/528 521/530 520/529
f 519/528 528/537 521/530
f 3063/7678 1825/7677 3064/7672
f 526/535 524/533 525/534
f 526/535 525/534 527/536
f 3272/3801 37/3800 36/3802
f 3272/3801 36/3802 3273/3803
f 2084/2300 2017/2302 2016/2301
f 2084/2300 2016/2301 2018/2293
f 2084/2300 2018/2293 2082/2298
f 2017/2216 2014/2213 2016/2215
f 2017/2216 1990/2189 2014/2213
f 1952/2147 1989/2188 1990/2189
f 1952/2147 1956/2151 1989/2188
f 2923/3312 2919/3308 2921/3310
f 2923/3312 2921/3310 2929/3321
f 4372/5811 4371/5809 4370/5808
f 4446/7692 4980/7690 4981/7695
f 4446/7692 4981/7695 4443/7696
f 4316/5690 4312/5684 4315/5689
f 4316/5690 13/5683 4312/5684
f 3869/6616 4399/6618 20/6621
f 3869/6616 4400/6617 4399/6618
f 1363/7984 1915/7983 1361/7985
f 1915/8500 1365/8501 1361/8502
f 4928/7450 4927/7447 4383/7448
f 4928/7450 4506/7457 4927/7447
f 4928/7450 4383/7448 4929/7451
f 4928/7450 4929/7451 4507/7456
f 4928/7450 4507/7456 4506/7457
f 4927/7447 4376/7446 4383/7448
f 4927/7447 4506/7457 4511/7455
f 4927/7447 4511/7455 4926/7445
f 4927/7447 4926/7445 4376/7446
f 2576/7689 4979/7688 4980/7690
f 2576/7689 2568/7687 4979/7688
f 520/529 522/531 523/532
f 520/529 521/530 522/531
f 4061/5155 4063/5157 4062/5156
f 524/533 523/532 522/531
f 524/533 522/531 525/534
f 4315/6162 2048/6163 2047/6161
f 4315/5689 4312/5684 2051/5687
f 4315/6162 2051/6164 2048/6163
f 2047/2258 2040/2245 1801/2252
f 2047/2258 2048/2259 2038/2243
f 2047/2258 2038/2243 2040/2245
f 3276/3808 3279/3817 3275/3805
f 3276/3808 3278/3816 3279/3817
f 2919/3308 2924/3313 2922/3311
f 2919/3308 2920/3309 2921/3310
f 2919/3308 2922/3311 2920/3309
f 4929/7451 4383/7448 3397/7452
f 4929/7451 3397/7452 3398/7453
f 4929/7451 4509/7458 4507/7456
f 4929/7451 3398/7453 4509/7458
f 1825/5199 4067/5162 1824/5198
f 1825/7677 1827/7673 3064/7672
f 1825/1985 1824/1984 1822/1982
f 1825/1985 1815/1975 1827/1987
f 1825/1985 1822/1982 1815/1975
f 4067/5162 4062/5156 4066/5160
f 4067/5162 1826/5192 1824/5198
f 4067/5162 4066/5160 4068/5163
f 4067/5162 4068/5163 1826/5192
f 4062/5156 4063/5157 4066/5160
f 1801/2252 2040/2245 1797/2247
f 2016/2215 2014/2213 2013/2212
f 2016/2215 2013/2212 2018/2217
f 2014/2213 1990/2189 1991/2190
f 2014/2213 2004/2203 2013/2212
f 2014/2213 1991/2190 2004/2203
f 1990/2189 1989/2188 1991/2190
f 18/19 19/20 20/21
f 18/8236 20/8237 4399/8238
f 18/5847 4417/5864 19/5865
f 18/5847 4401/5846 4417/5864
f 18/5847 4399/5844 4401/5846
f 19/5865 4417/5864 4414/5861
f 19/5865 4414/5861 4167/5866
f 4506/6122 4507/6123 1777/6111
f 4506/6122 4502/6109 4511/6127
f 4506/6122 1777/6111 4502/6109
f 4441/5927 4443/5929 4437/5923
f 4441/5927 4437/5923 537/5916
f 3064/7672 1827/7673 3067/7674
f 4312/5684 4311/5681 2051/5687
f 4312/5684 13/5683 4311/5681
f 1956/2151 1959/2154 2006/2205
f 1956/2151 2006/2205 1989/2188
f 4417/5864 4401/5846 4406/5853
f 4417/5864 4415/5862 4414/5861
f 4417/5864 4406/5853 4415/5862
f 4167/5866 4414/5861 4418/5867
f 4167/5866 4418/5867 3576/5868
f 3397/3977 3396/3976 3398/3978
f 4507/6123 4509/6125 4508/6124
f 4507/6123 4508/6124 1777/6111
f 4511/7455 4512/7454 4926/7445
f 4511/6127 4501/6107 4512/6129
f 4511/6127 4502/6109 4501/6107
f 4926/7445 4371/7444 4376/7446
f 4926/7445 4512/7454 4925/7443
f 4926/7445 4925/7443 4371/7444
f 4980/7690 4983/7699 4981/7695
f 4980/7690 4979/7688 4983/7699
f 2568/7687 2562/7685 4978/7686
f 2568/7687 4978/7686 4979/7688
f 4981/8536 5144/8538 4443/8541
f 4981/8536 5143/8537 5144/8538
f 4981/8536 4983/8540 5143/8537
f 4443/8541 5144/8538 4444/8542
f 4443/5929 4444/5930 4437/5923
f 537/546 536/545 528/537
f 537/5916 4437/5923 536/5922
f 2051/2262 2049/2260 2048/2259
f 2051/2262 2050/2261 2049/2260
f 2051/5687 4311/5681 2052/5688
f 2051/2262 2052/2263 2050/2261
f 3668/4342 3651/4321 3654/4324
f 3668/4342 3654/4324 3278/4349
f 4708/6648 4716/6663 4722/6687
f 4708/6648 4723/6689 4706/6646
f 4708/6648 4722/6687 4723/6689
f 4716/6663 3868/6695 4722/6687
f 4401/5846 4398/5843 4406/5853
f 4401/5846 4399/5844 4398/5843
f 4414/5861 4415/5862 4416/5863
f 4414/5861 4416/5863 4418/5867
f 3398/7453 3436/7459 4509/7458
f 3398/4021 3396/4020 3424/4016
f 3398/4021 3424/4016 3436/4030
f 5209/8889 4657/8892 3416/8899
f 4370/6501 3428/6505 4657/6502
f 4370/5808 4371/5809 3428/5810
f 1824/1984 1823/1983 1822/1982
f 1824/1984 1826/1986 1823/1983
f 40/3806 3273/3803 36/3802
f 2048/2259 2049/2260 2038/2243
f 3271/7582 38/7579 37/7585
f 3271/7582 3275/7580 38/7579
f 38/39 25/26 37/38
f 38/7579 3275/7580 4957/7581
f 1797/2247 2040/2245 2034/2238
f 1797/2247 2034/2238 1793/2236
f 3651/4321 3652/4322 3653/4323
f 3651/4321 3653/4323 3654/4324
f 2013/2212 2004/2203 2012/2211
f 2013/2212 2012/2211 2018/2217
f 1959/2154 1787/2157 2007/2206
f 1959/2154 2007/2206 2006/2205
f 1991/2190 1989/2188 1992/2191
f 1991/2190 1993/2192 2004/2203
f 1991/2190 1992/2191 1993/2192
f 4706/6646 4723/6689 4710/6650
f 2924/3313 2725/3314 2922/3311
f 5144/8538 5143/8537 4483/8539
f 5144/8538 4483/8539 4444/8542
f 3067/7674 1827/7673 1829/7675
f 3067/7674 1829/7675 2573/7676
f 1827/1987 1809/1969 1829/1989
f 1827/1987 1815/1975 1809/1969
f 1822/1982 1816/1976 1815/1975
f 1822/1982 1823/1983 1816/1976
f 25/26 36/37 37/38
f 13/6151 527/6152 10/6153
f 13/8926 10/8927 11/8928
f 13/5683 11/5682 4311/5681
f 2040/2245 2031/2230 2034/2238
f 2040/2245 2038/2243 2031/2230
f 1989/2188 2006/2205 1992/2191
f 4710/6650 2726/6694 2724/6651
f 4710/6650 4723/6689 4724/6691
f 4710/6650 4724/6691 2726/6694
f 2725/3033 2724/3032 2726/3034
f 2725/3314 2727/3315 2922/3311
f 2725/3033 2726/3034 2727/3035
f 2929/3321 2921/3310 2936/3329
f 4415/6192 4406/6190 4524/6172
f 4415/6192 4525/6175 4416/6193
f 4415/6192 4524/6172 4525/6175
f 3576/5868 4418/5867 4419/5869
f 3576/5868 4419/5869 3569/5870
f 4512/7454 4513/7442 4925/7443
f 4512/6129 4500/6105 4513/6130
f 4512/6129 4501/6107 4500/6105
f 4657/6502 3428/6505 3419/6506
f 4657/8892 3419/8900 3416/8899
f 2562/7685 2561/7683 4977/7684
f 2562/7685 4977/7684 4978/7686
f 3855/5125 2845/5122 4041/5124
f 1793/2236 2034/2238 2033/2232
f 1793/2236 2033/2232 1780/2235
f 4703/6635 2844/6641 3856/6642
f 4703/6635 4704/6636 2081/6637
f 4703/6635 2081/6637 2844/6641
f 1787/2157 1783/2237 2008/2207
f 1787/2157 2008/2207 2007/2206
f 4406/5853 4398/5843 4405/5852
f 4406/6190 4405/6188 4522/6168
f 4406/6190 4522/6168 4524/6172
f 4416/5863 4429/5885 4418/5867
f 4416/6193 1722/6177 4429/6194
f 4416/6193 4525/6175 1722/6177
f 4418/5867 4429/5885 4419/5869
f 4509/6125 3436/6128 4510/6126
f 4509/6125 4510/6126 4508/6124
f 4925/7443 4513/7442 4924/7441
f 4925/7443 4924/7441 4371/7444
f 4979/7688 4982/7698 4983/7699
f 4979/7688 4978/7686 4982/7698
f 4983/8540 4982/8545 1834/8544
f 4983/8540 1834/8544 5143/8537
f 2561/7683 2569/7681 4976/7682
f 2561/7683 4976/7682 4977/7684
f 2569/7681 2573/7676 1828/7680
f 2569/7681 1828/7680 4976/7682
f 2573/7676 1829/7675 1828/7680
f 528/537 534/543 521/530
f 528/537 536/545 534/543
f 527/536 525/534 10/553
f 2049/2260 2037/2242 2038/2243
f 2049/2260 2039/2244 2037/2242
f 2049/2260 2050/2261 2039/2244
f 2034/2238 2025/2224 2033/2232
f 2034/2238 2031/2230 2025/2224
f 1780/2235 2015/2214 1783/2237
f 1780/2235 2033/2232 2015/2214
f 2004/2203 1993/2192 2005/2204
f 2004/2203 2005/2204 2012/2211
f 2006/2205 1995/2194 1992/2191
f 2006/2205 2007/2206 1995/2194
f 4398/5843 4402/5848 4405/5852
f 4398/5843 4400/5845 4402/5848
f 4398/5843 4399/5844 4400/5845
f 3396/4020 3399/4015 3424/4016
f 1829/1989 1814/1974 1828/1988
f 1829/1989 1809/1969 1814/1974
f 2038/2243 2037/2242 2031/2230
f 2845/5122 4040/5123 4041/5124
f 2845/5122 2844/5126 4040/5123
f 4041/8334 4040/8329 5101/8331
f 4041/7573 4956/7571 4955/7570
f 4041/8334 5101/8331 4956/8335
f 2081/6637 4704/6636 3653/6638
f 2081/6875 2077/6876 2844/6877
f 2081/6637 3653/6638 3652/6639
f 2081/6637 3652/6639 2082/6640
f 2081/2297 2076/2291 2077/2292
f 2081/2297 2082/2298 2076/2291
f 1783/2237 2015/2214 2008/2207
f 1992/2191 1995/2194 1994/2193
f 1992/2191 1994/2193 1993/2192
f 2921/3310 2933/3325 2936/3329
f 2921/3310 2920/3309 2933/3325
f 3569/5870 4419/5869 4420/5871
f 3569/5870 4420/5871 3567/5872
f 3424/4016 3437/4031 3436/4030
f 3424/4016 3399/4015 3423/4014
f 3424/4016 3423/4014 3437/4031
f 4978/7686 1830/7697 4982/7698
f 4978/7686 4977/7684 1830/7697
f 1815/1975 1812/1972 1809/1969
f 1815/1975 1816/1976 1812/1972
f 4040/8329 2844/8333 2077/8330
f 4040/8329 2077/8330 5101/8331
f 4704/6636 3654/6643 3653/6638
f 4704/6636 3279/6644 3654/6643
f 2007/2206 1997/2196 1995/2194
f 2007/2206 2008/2207 1997/2196
f 4402/5848 4407/5854 4405/5852
f 4402/5848 4403/5849 4407/5854
f 4402/5848 4400/5845 4403/5849
f 4429/5885 4428/5884 4419/5869
f 4429/6194 4535/6195 4428/6196
f 4429/6194 1722/6177 4535/6195
f 4513/7442 4514/7440 4924/7441
f 4513/6130 4499/6104 4514/6131
f 4513/6130 4500/6105 4499/6104
f 4982/8545 1830/8548 1831/8547
f 4982/8545 1831/8547 1834/8544
f 5143/8537 1834/8544 4481/8543
f 5143/8537 4481/8543 4483/8539
f 4977/7684 4976/7682 1821/7694
f 4977/7684 1821/7694 1830/7697
f 4976/7682 1828/7680 1818/7693
f 4976/7682 1818/7693 1821/7694
f 1828/1988 1814/1974 1818/1978
f 4955/7570 4956/7571 4571/7572
f 2033/2232 2010/2209 2015/2214
f 2033/2232 2025/2224 2010/2209
f 1995/2194 1997/2196 1996/2195
f 1995/2194 1996/2195 1994/2193
f 3868/6695 3874/6690 4722/6687
f 3868/4813 3872/4819 3874/4824
f 4405/6188 4407/6189 4523/6171
f 4405/6188 4523/6171 4522/6168
f 4419/5869 4428/5884 4420/5871
f 1809/1969 1811/1971 1814/1974
f 1809/1969 1810/1970 1811/1971
f 1809/1969 1812/1972 1810/1970
f 2037/2242 2027/2226 2031/2230
f 2037/2242 2028/2227 2027/2226
f 2037/2242 2039/2244 2028/2227
f 2031/2230 2027/2226 2025/2224
f 2015/2214 2001/2200 2008/2207
f 2015/2214 2010/2209 2001/2200
f 2008/2207 2001/2200 1997/2196
f 1993/2192 1994/2193 2003/2202
f 1993/2192 2003/2202 2005/2204
f 2936/4820 2933/4823 3872/4819
f 2920/3309 2922/3311 2935/3327
f 2920/3309 2934/3326 2933/3325
f 2920/3309 2935/3327 2934/3326
f 3567/5872 4421/5873 3563/5874
f 3567/5872 4420/5871 4421/5873
f 3436/6128 3437/6134 4516/6133
f 3436/6128 4516/6133 4510/6126
f 3399/4015 3400/4013 3423/4014
f 4924/7441 3428/7449 4371/7444
f 4924/7441 4514/7440 3426/7436
f 4924/7441 3426/7436 3428/7449
f 1830/1990 1821/1981 1820/1980
f 1830/1990 1820/1980 1831/1991
f 1997/2196 2001/2200 2000/2199
f 1997/2196 2000/2199 1996/2195
f 4722/6687 3875/6688 4723/6689
f 4722/6687 3874/6690 3875/6688
f 4403/5849 4408/5855 4407/5854
f 4403/5849 4400/5845 1049/5850
f 4403/5849 4404/5851 4408/5855
f 4403/5849 1049/5850 4404/5851
f 3423/4014 3400/4013 3422/4012
f 3423/4014 3433/4027 3437/4031
f 3423/4014 3422/4012 3433/4027
f 1777/6111 1756/6110 4502/6109
f 1777/6427 4508/6425 1771/6426
f 1777/6111 1763/6112 1756/6110
f 1777/1934 1771/1928 1763/1920
f 4502/6109 1754/6108 4501/6107
f 4502/6109 1756/6110 1754/6108
f 4501/6107 1754/6108 1752/6106
f 4501/6107 1752/6106 4500/6105
f 1834/1994 1831/1991 1833/1993
f 1834/8544 1833/8546 4481/8543
f 1821/1981 1818/1978 1817/1977
f 1821/1981 1817/1977 1820/1980
f 1818/1978 1814/1974 1811/1971
f 1818/1978 1811/1971 1817/1977
f 3275/7580 3279/7583 4957/7581
f 4957/7581 3279/7583 3672/7584
f 4956/8335 5101/8331 4572/8332
f 4956/8335 4572/8332 4571/8336
f 2077/8330 4572/8332 5101/8331
f 2077/6301 2078/6295 4572/6296
f 2077/2292 2075/2290 2078/2294
f 2025/2224 2027/2226 2024/2223
f 2025/2224 2024/2223 2010/2209
f 1994/2193 1996/2195 1998/2197
f 1994/2193 1998/2197 2003/2202
f 3872/4819 2933/4823 3874/4824
f 4407/6189 4408/6191 4526/6178
f 4407/6189 4526/6178 4523/6171
f 4428/5884 4432/5888 4420/5871
f 4428/8410 5116/8399 4432/8409
f 4428/8410 4535/8401 5116/8399
f 2027/2226 2026/2225 2024/2223
f 2027/2226 2028/2227 2026/2225
f 2010/2209 2009/2208 2001/2200
f 2010/2209 2024/2223 2009/2208
f 2001/2200 2009/2208 2000/2199
f 4723/6689 3875/6688 4724/6691
f 4524/6172 4522/6168 1712/6170
f 4524/6172 1714/6173 4525/6175
f 4524/6172 1712/6170 1714/6173
f 3563/5874 4422/5875 3565/5876
f 3563/5874 4421/5873 4422/5875
f 4420/5871 4432/5888 4421/5873
f 3400/4013 3401/4011 3422/4012
f 4514/7440 4515/7437 3426/7436
f 4514/6131 4499/6104 4503/6113
f 4514/6131 4503/6113 4515/6132
f 1831/1991 1820/1980 1832/1992
f 1831/1991 1832/1992 1833/1993
f 3278/4349 3654/4324 3672/4358
f 3278/4349 3672/4358 3279/4359
f 1996/2195 2000/2199 1999/2198
f 1996/2195 1999/2198 1998/2197
f 2727/3315 2935/3327 2922/3311
f 2727/3035 2726/3034 2731/3039
f 2727/3035 2731/3039 2732/3040
f 2727/3315 2732/3328 2935/3327
f 4408/5855 4404/5851 4409/5856
f 4408/6191 4409/6197 4527/6180
f 4408/6191 4527/6180 4526/6178
f 4522/6168 4523/6171 1710/6169
f 4522/6168 1710/6169 1712/6170
f 4404/5851 4410/5857 4409/5856
f 4404/5851 1049/5850 4410/5857
f 4525/6175 1714/6173 1721/6176
f 4525/6175 1721/6176 1722/6177
f 4508/6425 1627/6424 1771/6426
f 4508/6425 4510/6423 1627/6424
f 1756/1913 1755/1912 1754/1911
f 1756/1913 1763/1920 1762/1919
f 1756/1913 1762/1919 1755/1912
f 1754/1911 1753/1910 1752/1909
f 1754/1911 1755/1912 1753/1910
f 4500/6105 1752/6106 1750/6102
f 4500/6105 1750/6102 4499/6104
f 1820/1980 1817/1977 1819/1979
f 1820/1980 1819/1979 1832/1992
f 1817/1977 1811/1971 1813/1973
f 1817/1977 1813/1973 1819/1979
f 2024/2223 2011/2210 2009/2208
f 2024/2223 2026/2225 2011/2210
f 2726/6694 4724/6691 2731/6693
f 4724/6691 3875/6688 3876/6692
f 4724/6691 3876/6692 2731/6693
f 2933/4823 2934/4825 3874/4824
f 3437/6134 3433/6137 4517/6135
f 3437/6134 4517/6135 4516/6133
f 1752/1909 1751/1908 1750/1907
f 1752/1909 1753/1910 1751/1908
f 3426/4018 3419/4008 3428/4022
f 3426/4018 3425/4017 3419/4008
f 3426/7436 4515/7437 3425/7438
f 1811/1971 1810/1970 1813/1973
f 2009/2208 2002/2201 2000/2199
f 2009/2208 2011/2210 2002/2201
f 2000/2199 2002/2201 1999/2198
f 1714/1865 1712/1863 1713/1864
f 1714/1865 1715/1866 1721/1872
f 1714/1865 1713/1864 1715/1866
f 1039/1106 1040/1107 1041/1108
f 1039/1106 1042/1109 1049/1117
f 1039/1106 1041/1108 1042/1109
f 1040/4192 3565/4179 1041/4193
f 3565/5876 4422/5875 4423/5877
f 3565/5876 4423/5877 1041/5878
f 3422/4012 3401/4011 3421/4010
f 3422/4012 3434/4028 3433/4027
f 3422/4012 3421/4010 3434/4028
f 1763/1920 1771/1928 1764/1921
f 1763/1920 1764/1921 1762/1919
f 3874/4824 2934/4825 3875/4826
f 4523/6171 4526/6178 1708/6174
f 4523/6171 1708/6174 1710/6169
f 1712/1863 1710/1861 1711/1862
f 1712/1863 1711/1862 1713/1864
f 4409/5856 4410/5857 4411/5858
f 4409/6197 4411/6198 4529/6182
f 4409/6197 4529/6182 4527/6180
f 4410/5857 1049/5850 1042/5880
f 4410/5857 4412/5859 4411/5858
f 4410/5857 1042/5880 4412/5859
f 1721/1872 1531/1874 1722/1875
f 1721/1872 1533/1873 1531/1874
f 1721/1872 1715/1866 1533/1873
f 1722/8403 1531/8404 1527/8402
f 1722/8403 1527/8402 4535/8401
f 4432/5888 4433/5889 4421/5873
f 4432/8409 5115/8397 4433/8406
f 4432/8409 5116/8399 5115/8397
f 4421/5873 4433/5889 4422/5875
f 1771/1928 1776/1933 1764/1921
f 1771/1928 1627/1938 1628/1936
f 1771/1928 1628/1936 1776/1933
f 3401/4011 3407/4004 3421/4010
f 1750/6102 1749/6103 4499/6104
f 1750/1907 1742/1899 1749/1906
f 1750/1907 1751/1908 1742/1899
f 521/530 534/543 533/542
f 521/530 532/541 522/531
f 521/530 533/542 532/541
f 525/534 14/552 10/553
f 525/534 522/531 532/541
f 525/534 532/541 14/552
f 4571/6294 4572/6296 4569/6290
f 4571/6294 4569/6290 4568/6289
f 2934/4825 3876/4827 3875/4826
f 2934/4825 2935/4828 3876/4827
f 1531/1645 1526/1640 1527/1641
f 1531/1645 1533/1647 1532/1646
f 1531/1645 1532/1646 1526/1640
f 4499/6104 1749/6103 4503/6113
f 4572/6296 2078/6295 4569/6290
f 2078/2294 2075/2290 2066/2280
f 2078/2294 2066/2280 2079/2295
f 2078/6295 2079/6293 4569/6290
f 2075/2290 2064/2278 2066/2280
f 4510/6423 1595/6422 1627/6424
f 4510/6423 4516/6421 1595/6422
f 3433/6137 3434/6141 4518/6138
f 3433/6137 4518/6138 4517/6135
f 3419/4008 3425/4017 3417/4006
f 3419/4008 3417/4006 3416/4005
f 3425/7438 4515/7437 3435/7439
f 3425/4017 3435/4029 3417/4006
f 4515/6132 4503/6113 4504/6115
f 4515/6132 4504/6115 3435/6136
f 4526/6178 1707/6179 1708/6174
f 4526/6178 4527/6180 1707/6179
f 1710/1861 1708/1859 1709/1860
f 1710/1861 1709/1860 1711/1862
f 1527/8402 1522/8400 4535/8401
f 1527/1641 1521/1635 1522/1636
f 1527/1641 1526/1640 1521/1635
f 1764/1921 1776/1933 1765/1922
f 1764/1921 1765/1922 1762/1919
f 3421/4010 3407/4004 3420/4009
f 3421/4010 3431/4025 3434/4028
f 3421/4010 3420/4009 3431/4025
f 3407/4004 3416/4005 3417/4006
f 3407/4004 3417/4006 3418/4007
f 3407/4004 3418/4007 3420/4009
f 4063/5157 3864/5185 4066/5160
f 4063/5157 4080/5177 3864/5185
f 4411/5858 4412/5859 4413/5860
f 4411/8660 4413/8656 4531/8659
f 4411/6198 4531/6184 4529/6182
f 1533/1873 1723/1876 1532/1882
f 1533/1873 1715/1866 1723/1876
f 4412/5859 1042/5880 4425/5881
f 4412/5859 4425/5881 4413/5860
f 4535/8401 1522/8400 5116/8399
f 4433/5889 4431/5887 4422/5875
f 4433/8406 5114/8395 4431/8405
f 4433/8406 5115/8397 5114/8395
f 4422/5875 4431/5887 4423/5877
f 1627/1770 1595/1738 1597/1740
f 1627/1770 1597/1740 1628/1771
f 1749/6103 3262/6114 4503/6113
f 1749/3775 1748/3770 3262/3769
f 1749/1906 1742/1899 1748/1905
f 2731/3039 2734/3042 2732/3040
f 2731/4831 3876/4827 2734/4830
f 2732/4829 3876/4827 2935/4828
f 2732/4829 2734/4830 3876/4827
f 1042/5880 4424/5879 4425/5881
f 1042/5880 1041/5878 4424/5879
f 3417/4006 3430/4024 3418/4007
f 3417/4006 3435/4029 3430/4024
f 10/10 11/11 12/12
f 10/8929 546/8930 12/8931
f 10/553 546/558 11/559
f 10/553 14/552 546/558
f 2018/8309 2012/8307 968/8308
f 2018/6405 4623/6399 2058/6404
f 2018/8309 968/8308 4623/8310
f 1708/1859 1707/1858 1700/1851
f 1708/1859 1700/1851 1709/1860
f 4527/6180 4528/6181 1707/6179
f 4527/6180 4529/6182 4528/6181
f 4425/5881 4426/5882 4413/5860
f 4425/5881 4424/5879 4426/5882
f 1522/8400 1493/8398 5116/8399
f 1522/1636 1492/1606 1493/1607
f 1522/1636 1521/1635 1492/1606
f 1041/5878 4423/5877 4424/5879
f 3434/8626 3431/8622 4519/8625
f 3434/6141 4519/6142 4518/6138
f 3420/4009 3418/4007 3427/4019
f 3420/4009 3427/4019 3432/4026
f 3420/4009 3432/4026 3431/4025
f 3427/4019 3418/4007 3429/4023
f 3427/4019 3429/4023 3432/4026
f 3418/4007 3430/4024 3429/4023
f 4503/6113 3262/6114 4504/6115
f 3435/6136 4505/6117 3430/6139
f 3435/6136 4504/6115 4505/6117
f 4437/5923 4444/5930 4438/5924
f 4437/5923 4436/5919 536/5922
f 4437/5923 4438/5924 4436/5919
f 534/543 536/545 535/544
f 534/543 535/544 533/542
f 4066/5160 4085/5186 4068/5163
f 4066/5160 3864/5185 4085/5186
f 4080/5177 4084/5183 3864/5185
f 546/558 545/557 11/559
f 546/558 14/552 545/557
f 4413/8656 4426/8657 4533/8658
f 4413/8656 4533/8658 4531/8659
f 4424/5879 4423/5877 4427/5883
f 4424/5879 4427/5883 4426/5882
f 4423/5877 4431/5887 4430/5886
f 4423/5877 4430/5886 4427/5883
f 4516/6421 1588/6420 1595/6422
f 4516/6421 4517/6419 1588/6420
f 1826/5192 4068/5163 4088/5191
f 1826/6064 4088/6063 1823/6062
f 4068/5163 4085/5186 4086/5187
f 4068/5163 4086/5187 4088/5191
f 2012/8307 963/8306 968/8308
f 2012/8307 2005/8302 963/8306
f 5116/8399 1493/8398 5115/8397
f 4431/8405 5112/8388 4430/8407
f 4431/8405 5114/8395 5112/8388
f 3262/6114 3260/6116 4504/6115
f 3262/3769 3261/3768 3260/3767
f 3262/3769 1748/3770 3261/3768
f 4444/6077 4484/6076 4438/6078
f 4444/6077 4483/6075 4484/6076
f 536/5922 4436/5919 535/5921
f 11/5682 545/5676 4311/5681
f 4311/5681 4310/5680 2052/5688
f 4311/5681 545/5676 4310/5680
f 2066/2280 2067/2281 2079/2295
f 2066/2280 2064/2278 2065/2279
f 2066/2280 2065/2279 2067/2281
f 4623/6399 4624/6401 2058/6404
f 4623/8310 968/8308 953/8324
f 4623/6399 953/6402 2063/6400
f 4623/6399 2063/6400 4624/6401
f 1707/6325 4528/6322 1706/6324
f 1707/1858 1706/1857 1700/1851
f 4529/6182 4530/6183 4528/6181
f 4529/6182 4531/6184 4530/6183
f 1595/1738 1588/1731 1587/1730
f 1595/1738 1587/1730 1597/1740
f 3431/8622 3432/8623 4625/8624
f 3431/8622 4625/8624 4519/8625
f 3430/6139 1621/6119 3429/6140
f 3430/6139 4505/6117 1621/6119
f 4438/5924 4439/5925 4436/5919
f 4438/6078 4484/6076 4445/6079
f 4438/5924 4445/5931 4439/5925
f 4085/5186 3864/5185 3861/5190
f 4085/5186 4087/5188 4086/5187
f 4085/5186 3861/5190 4087/5188
f 4084/5183 3858/5184 3864/5185
f 2052/5688 4310/5680 4313/5685
f 2052/8320 4756/8319 2050/8318
f 2052/5688 4313/5685 4318/5692
f 2052/8320 4318/8322 4756/8319
f 4568/6289 4569/6290 3863/6291
f 4568/6289 3863/6291 4570/6292
f 2058/6404 4624/6401 2054/6403
f 2058/2270 2054/2266 2057/2269
f 4426/8411 4427/8408 5113/8391
f 4426/8411 5113/8391 4533/8393
f 1493/8398 1494/8396 5115/8397
f 1493/1607 1489/1603 1494/1608
f 1493/1607 1492/1606 1489/1603
f 3432/6430 3429/6431 4626/6428
f 3432/6430 4626/6428 4625/6415
f 3429/6431 1621/6429 4626/6428
f 4483/6075 4481/6073 4482/6074
f 4483/6075 4482/6074 4484/6076
f 1823/6062 4088/6063 4089/6061
f 1823/6062 4089/6061 1816/6060
f 3864/4797 3858/4791 3861/4794
f 3858/4791 3859/4792 3860/4793
f 3858/4791 3860/4793 3861/4794
f 4569/6290 2079/6293 3863/6291
f 968/1015 952/999 953/1000
f 968/1015 963/1010 952/999
f 4528/6322 4530/6320 4578/6321
f 4528/6322 4578/6321 1706/6324
f 4427/8408 4430/8407 5111/8387
f 4427/8408 5111/8387 5113/8391
f 4430/8407 5112/8388 5111/8387
f 4517/6419 1581/6418 1588/6420
f 4517/6419 4518/6417 1581/6418
f 4504/6115 3260/6116 4505/6117
f 4436/5919 4439/5925 4440/5926
f 4436/5919 538/5920 535/5921
f 4436/5919 4447/5933 538/5920
f 4436/5919 4440/5926 4447/5933
f 4088/5191 4086/5187 1407/5189
f 4088/5191 1404/5196 4089/5197
f 4088/5191 1407/5189 1405/5195
f 4088/5191 1405/5195 1404/5196
f 4086/5187 4087/5188 1407/5189
f 4310/5680 4309/5679 4313/5685
f 4310/5680 545/5676 4309/5679
f 2050/8318 4756/8319 4757/8317
f 2050/8318 4757/8317 2039/8316
f 2079/2295 2067/2281 2080/2296
f 2079/6293 2080/6297 3863/6291
f 2064/2278 2057/2269 2065/2279
f 4531/6184 4532/6185 4530/6183
f 4531/6184 4533/6186 4532/6185
f 5115/8397 1494/8396 5114/8395
f 953/1000 952/999 951/998
f 953/2276 2060/2272 2063/2275
f 953/1000 951/998 950/997
f 953/2276 950/2277 2060/2272
f 2005/8302 962/8301 963/8306
f 2005/8302 2003/8300 962/8301
f 1588/1731 1581/1724 1580/1723
f 1588/1731 1580/1723 1587/1730
f 3260/6116 3259/6118 4505/6117
f 3260/3767 3257/3764 3259/3766
f 3260/3767 3261/3768 3257/3764
f 4089/6061 1410/6059 1816/6060
f 4089/5197 1404/5196 1397/5200
f 4089/5197 1397/5200 1410/5201
f 952/999 963/1010 949/996
f 952/999 945/992 951/998
f 952/999 949/996 945/992
f 4530/6320 4532/6314 4577/6319
f 4530/6320 4577/6319 4578/6321
f 1494/8396 1502/8394 5114/8395
f 1494/1608 1499/1613 1502/1616
f 1494/1608 1489/1603 1499/1613
f 4481/6073 4480/6072 4482/6074
f 4481/6073 1833/6071 4480/6072
f 4482/6833 4751/6824 4484/6815
f 4482/6833 4753/6827 4751/6824
f 4482/6833 4480/6834 4753/6827
f 4484/6815 4748/6813 4445/6814
f 4484/6815 4751/6824 4748/6813
f 4445/6814 4747/6812 4439/6816
f 4445/6814 4748/6813 4747/6812
f 1407/5189 4087/5188 1406/5194
f 1407/1514 1406/1513 1405/1512
f 4087/5188 3861/5190 3860/5193
f 4087/5188 3860/5193 1406/5194
f 4318/6821 4313/6820 4749/6819
f 4318/6821 4754/6828 4756/6836
f 4318/6821 4749/6819 4754/6828
f 3859/4792 3863/4796 3862/4795
f 3859/4792 3862/4795 3860/4793
f 4624/6401 2063/6400 2054/6403
f 4518/6417 1582/6414 1581/6418
f 4518/6417 4519/6412 1582/6414
f 4505/6117 3259/6118 1621/6119
f 4439/6816 4747/6812 4440/6808
f 1816/6060 1410/6059 1812/6054
f 1405/1512 1402/1509 1404/1511
f 1405/1512 1403/1510 1402/1509
f 1405/1512 1406/1513 1403/1510
f 4313/5685 4309/5679 4314/5686
f 4313/6820 4314/6818 4749/6819
f 4756/6836 4754/6828 4755/6830
f 4756/6836 4755/6830 4757/6837
f 2057/2269 2053/2265 2065/2279
f 2057/2269 2054/2266 2053/2265
f 963/1010 962/1009 949/996
f 4533/6186 4534/6187 4532/6185
f 4533/8393 5113/8391 4600/8392
f 4533/6357 4600/6355 4534/6318
f 5114/8395 1502/8394 5112/8388
f 1581/1724 1582/1725 1579/1722
f 1581/1724 1579/1722 1580/1723
f 3259/6118 3266/6120 1621/6119
f 3259/3766 3258/3765 3266/3781
f 3259/3766 3257/3764 3258/3765
f 1404/1511 1402/1509 1397/1504
f 2039/8316 969/8315 2028/8314
f 2039/8316 4757/8317 969/8315
f 2063/2275 2060/2272 2054/2266
f 951/998 945/992 950/997
f 2003/8300 1998/8296 961/8298
f 2003/8300 961/8298 962/8301
f 4532/6314 4534/6318 4574/6315
f 4532/6314 4574/6315 4575/6316
f 4532/6314 4575/6316 4577/6319
f 1621/6429 1615/6416 4626/6428
f 1621/1764 1618/1761 1615/1758
f 1621/6119 3266/6120 1618/6121
f 1833/6071 4479/6070 4480/6072
f 1833/6071 1832/6069 4479/6070
f 4751/6824 4750/6822 4748/6813
f 4751/6824 4752/6825 4750/6822
f 4751/6824 4753/6827 4752/6825
f 4748/6813 2085/6811 4747/6812
f 4748/6813 4750/6822 2085/6811
f 4309/6810 4746/6809 4314/6818
f 4309/5679 545/5676 4308/5678
f 4309/6810 4308/6806 4746/6809
f 2067/2281 2065/2279 2068/2282
f 2067/2281 2069/2283 2080/2296
f 2067/2281 2068/2282 2069/2283
f 2053/2265 2068/2282 2065/2279
f 2053/2265 2055/2267 2068/2282
f 2053/2265 2054/2266 2055/2267
f 5113/8391 5111/8387 1516/8390
f 5113/8391 1516/8390 4600/8392
f 1502/8394 1507/8389 5112/8388
f 1502/1616 1506/1620 1507/1621
f 1502/1616 1499/1613 1506/1620
f 4519/6412 1593/6413 1582/6414
f 4519/6412 4625/6415 1593/6413
f 4626/6428 1615/6416 4625/6415
f 4480/6072 4479/6070 4485/6083
f 4480/6834 4485/6832 4753/6827
f 4747/6812 2085/6811 4440/6808
f 1812/6054 1410/6059 1409/6055
f 1812/6054 1409/6055 1810/6056
f 1410/1517 1386/1493 1409/1516
f 1410/1517 1397/1504 1386/1493
f 4314/6818 2087/6817 4749/6819
f 4314/6818 4746/6809 2087/6817
f 4754/6828 4749/6819 2087/6817
f 4754/6828 2092/6829 4755/6830
f 4754/6828 2087/6817 2092/6829
f 1998/8296 1999/8299 964/8297
f 1998/8296 964/8297 961/8298
f 949/996 962/1009 946/993
f 949/996 943/990 945/992
f 949/996 946/993 943/990
f 1532/1646 1530/1644 1526/1640
f 1532/1882 1723/1876 1530/1881
f 4534/6318 4600/6355 4599/6350
f 4534/6318 4593/6344 4574/6315
f 4534/6318 4599/6350 4593/6344
f 5111/8387 5112/8388 1507/8389
f 5111/8387 1507/8389 1516/8390
f 1582/1725 1593/1736 1592/1735
f 1582/1725 1592/1735 1579/1722
f 4625/6415 1615/6416 1593/6413
f 1832/6069 4478/6068 4479/6070
f 1832/6069 1819/6067 4478/6068
f 1402/1509 1395/1502 1397/1504
f 1402/1509 1396/1503 1395/1502
f 1402/1509 1403/1510 1396/1503
f 4570/6292 3863/6291 3862/6298
f 2028/8314 970/8313 2026/8312
f 2028/8314 969/8315 970/8313
f 962/1009 961/1008 946/993
f 4600/6355 1516/6356 1511/6352
f 4600/6355 1511/6352 4599/6350
f 1507/1621 1511/1625 1516/1630
f 1507/1621 1506/1620 1511/1625
f 1776/1933 1628/1936 1775/1932
f 1776/1933 1767/1924 1765/1922
f 1776/1933 1775/1932 1767/1924
f 1593/1736 1615/1758 1614/1757
f 1593/1736 1614/1757 1592/1735
f 1615/1758 1618/1761 1614/1757
f 1618/3786 3266/3781 1623/3785
f 1618/1761 1623/1766 1619/1762
f 1618/1761 1619/1762 1614/1757
f 3266/3781 3268/3784 1623/3785
f 3266/3781 3258/3765 3265/3780
f 3266/3781 3265/3780 3268/3784
f 4750/6822 4752/6825 2094/6823
f 4750/6822 2094/6823 2085/6811
f 3863/6291 2080/6297 3862/6298
f 4757/6837 4755/6830 965/6839
f 4757/6837 965/6839 969/6842
f 1999/8299 2002/8304 5100/8303
f 1999/8299 5100/8303 964/8297
f 4479/6070 4478/6068 1400/6082
f 4479/6070 1400/6082 4485/6083
f 4753/6827 4485/6832 1412/6831
f 4753/6827 1412/6831 4752/6825
f 1819/6067 1813/6058 1408/6066
f 1819/6067 1408/6066 4478/6068
f 1813/6058 1810/6056 4477/6057
f 1813/6058 1401/6065 1408/6066
f 1813/6058 4477/6057 1401/6065
f 1810/6056 1409/6055 4477/6057
f 1409/6055 1383/6080 4477/6057
f 1409/1516 1386/1493 1383/1490
f 533/542 535/544 538/547
f 533/542 542/554 532/541
f 533/5935 538/5920 543/5934
f 533/542 543/555 542/554
f 1397/1504 1395/1502 1386/1493
f 14/552 544/556 545/557
f 14/552 532/541 542/554
f 14/552 542/554 544/556
f 2026/8312 967/8311 2011/8305
f 2026/8312 970/8313 967/8311
f 945/992 943/990 944/991
f 945/992 944/991 950/997
f 961/1008 947/994 946/993
f 961/1008 964/1011 947/994
f 4574/6315 4593/6344 4576/6317
f 4574/6315 4576/6317 4575/6316
f 545/5676 544/5677 4308/5678
f 2080/2296 2069/2283 2083/2299
f 2080/6297 2083/6299 3862/6298
f 2011/8305 5100/8303 2002/8304
f 2011/8305 967/8311 5100/8303
f 946/993 947/994 938/985
f 946/993 938/985 943/990
f 1526/1640 1525/1639 1521/1635
f 1526/1640 1530/1644 1525/1639
f 1628/1771 1597/1740 1626/1769
f 1628/1936 1626/1937 1775/1932
f 4478/6068 1408/6066 1394/6081
f 4478/6068 1394/6081 1400/6082
f 4755/6830 966/6838 965/6839
f 4755/6830 2092/6829 966/6838
f 969/1016 959/1006 970/1017
f 969/1016 965/1012 959/1006
f 964/1011 948/995 947/994
f 964/8297 5100/8303 948/8323
f 1623/3785 3268/3784 1619/3787
f 4485/6832 1400/6841 1399/6840
f 4485/6832 1399/6840 1412/6831
f 4752/6825 1412/6831 2103/6826
f 4752/6825 2103/6826 2094/6823
f 1408/1515 1401/1508 1391/1498
f 1408/1515 1391/1498 1394/1501
f 4477/6057 1383/6080 1401/6065
f 1386/1493 1395/1502 1384/1491
f 1386/1493 1384/1491 1383/1490
f 1395/1502 1388/1495 1384/1491
f 1395/1502 1396/1503 1388/1495
f 947/994 948/995 939/986
f 947/994 939/986 938/985
f 1401/1508 1383/1490 1391/1498
f 970/1017 957/1004 967/1014
f 970/1017 959/1006 957/1004
f 5100/8303 967/8311 955/8321
f 5100/8303 955/8321 948/8323
f 943/990 938/985 942/989
f 943/990 942/989 944/991
f 1521/1635 1520/1634 1492/1606
f 1521/1635 1525/1639 1520/1634
f 1400/1507 1394/1501 1393/1500
f 1400/1507 1393/1500 1399/1506
f 965/1012 960/1007 959/1006
f 965/1012 966/1013 960/1007
f 967/1014 957/1004 955/1002
f 948/995 955/1002 954/1001
f 948/995 954/1001 939/986
f 1597/1740 1587/1730 1596/1739
f 1597/1740 1596/1739 1626/1769
f 1412/1519 1399/1506 1411/1518
f 1412/6831 1411/6835 2103/6826
f 1394/1501 1391/1498 1390/1497
f 1394/1501 1390/1497 1393/1500
f 1383/1490 1384/1491 1385/1492
f 1383/1490 1385/1492 1391/1498
f 1384/1491 1387/1494 1385/1492
f 1384/1491 1388/1495 1387/1494
f 2069/2283 2068/2282 2070/2284
f 2069/2283 2071/2285 2083/2299
f 2069/2283 2070/2284 2071/2285
f 938/985 939/986 940/987
f 938/985 940/987 942/989
f 1391/1498 1385/1492 1390/1497
f 2055/2267 2070/2284 2068/2282
f 2055/2267 2061/2273 2070/2284
f 2055/2267 2056/2268 2061/2273
f 2055/2267 2054/2266 2056/2268
f 959/1006 958/1005 957/1004
f 959/1006 960/1007 958/1005
f 955/1002 957/1004 954/1001
f 1399/1506 1393/1500 1398/1505
f 1399/1506 1398/1505 1411/1518
f 957/1004 956/1003 954/1001
f 957/1004 958/1005 956/1003
f 939/986 954/1001 941/988
f 939/986 941/988 940/987
f 1492/1606 1490/1604 1489/1603
f 1492/1606 1520/1634 1490/1604
f 1393/1500 1390/1497 1392/1499
f 1393/1500 1392/1499 1398/1505
f 1385/1492 1389/1496 1390/1497
f 1385/1492 1387/1494 1389/1496
f 3862/6298 2083/6299 3860/6300
f 1587/1730 1580/1723 1585/1728
f 1587/1730 1585/1728 1596/1739
f 1390/1497 1389/1496 1392/1499
f 954/1001 956/1003 941/988
f 2083/2299 2071/2285 1406/2288
f 2083/6299 1406/6302 3860/6300
f 1489/1603 1491/1605 1499/1613
f 1489/1603 1490/1604 1491/1605
f 1580/1723 1579/1722 1575/1718
f 1580/1723 1575/1718 1585/1728
f 2071/2285 2070/2284 2072/2286
f 2071/2285 2072/2286 1406/2288
f 1499/1613 1500/1614 1506/1620
f 1499/1613 1491/1605 1500/1614
f 4593/6344 4599/6350 4598/6349
f 4593/6344 4584/6332 4576/6317
f 4593/6344 4598/6349 4584/6332
f 1579/1722 1592/1735 1576/1719
f 1579/1722 1576/1719 1575/1718
f 1619/1762 1620/1763 1614/1757
f 1619/3787 3268/3784 1620/3783
f 4447/5933 543/5934 538/5920
f 4447/6807 4744/6803 543/6802
f 4447/6807 4440/6808 4744/6803
f 2061/2273 2062/2274 2070/2284
f 2061/2273 2056/2268 2062/2274
f 2070/2284 2073/2287 2072/2286
f 2070/2284 2062/2274 2073/2287
f 4599/6350 1511/6352 4597/6348
f 4599/6350 4597/6348 4598/6349
f 1506/1620 1504/1618 1511/1625
f 1506/1620 1500/1614 1504/1618
f 1592/1735 1614/1757 1613/1756
f 1592/1735 1591/1734 1576/1719
f 1592/1735 1613/1756 1591/1734
f 1614/1757 1620/1763 1613/1756
f 1711/1862 1709/1860 1691/1842
f 1711/1862 1691/1842 1694/1845
f 1711/1862 1694/1845 1713/1864
f 1511/6352 1509/6351 4597/6348
f 1511/1625 1504/1618 1509/1623
f 1753/1910 1727/1884 1751/1908
f 1753/1910 1755/1912 1758/1915
f 1753/1910 1758/1915 1727/1884
f 1751/1908 1727/1884 1729/1886
f 1751/1908 1729/1886 1742/1899
f 4308/6806 544/6805 4745/6804
f 4308/6806 4745/6804 4746/6809
f 544/6805 542/6801 4745/6804
f 1691/1842 1709/1860 1690/1841
f 1691/1842 1690/1841 1680/1831
f 1691/1842 1693/1844 1694/1845
f 1691/1842 1680/1831 1693/1844
f 1709/1860 1700/1851 1690/1841
f 1713/1864 1694/1845 1718/1869
f 1713/1864 1718/1869 1715/1866
f 1755/1912 1762/1919 1758/1915
f 1727/1884 1728/1885 1729/1886
f 1727/1884 1758/1915 1757/1914
f 1727/1884 1757/1914 1728/1885
f 1729/1886 1738/1895 1742/1899
f 1729/1886 1730/1887 1738/1895
f 1729/1886 1728/1885 1730/1887
f 1742/1899 1738/1895 1748/1905
f 1690/1841 1700/1851 1698/1849
f 1690/1841 1698/1849 1689/1840
f 1690/1841 1689/1840 1680/1831
f 1700/1851 1706/1857 1698/1849
f 1694/1845 1716/1867 1718/1869
f 1694/1845 1693/1844 1716/1867
f 1758/1915 1762/1919 1766/1923
f 1758/1915 1766/1923 1757/1914
f 1738/1895 1743/1900 1748/1905
f 1738/1895 1735/1892 1743/1900
f 1738/1895 1730/1887 1735/1892
f 1715/1866 1718/1869 1723/1876
f 1748/3770 1743/3773 3261/3768
f 1698/1849 1706/1857 1701/1852
f 1698/1849 1701/1852 1697/1848
f 1698/1849 1697/1848 1689/1840
f 2072/4943 2073/4939 3954/4938
f 2072/6742 3954/6736 2074/6741
f 2072/2286 2074/2289 1406/2288
f 3954/4938 2073/4939 3955/4940
f 3954/8370 3955/8371 5063/8368
f 3954/8370 5063/8368 4728/8369
f 3954/6736 4728/6739 4727/6737
f 3954/6736 2118/6738 2074/6741
f 3954/6736 4727/6737 2118/6738
f 2062/4942 2056/4941 2073/4939
f 2073/4939 2056/4941 3955/4940
f 1706/6324 4578/6321 1701/6326
f 1718/1869 1725/1880 1723/1876
f 1718/1869 1716/1867 1725/1880
f 1743/3773 3248/3755 3261/3768
f 1743/3773 1744/3771 3248/3755
f 1743/1900 1735/1892 1744/1901
f 2056/8039 2111/8040 3955/8041
f 2056/8039 2059/8042 2111/8040
f 2056/2268 2054/2266 2059/2271
f 3955/8041 5062/8045 5063/8046
f 3955/8041 2111/8040 2483/8043
f 3955/8041 2483/8043 4369/8044
f 3955/8041 4369/8044 5062/8045
f 1762/1919 1765/1922 1766/1923
f 542/6801 543/6802 4744/6803
f 542/6801 4744/6803 4745/6804
f 1701/6326 4578/6321 4579/6323
f 1701/6326 4579/6323 1703/6327
f 1701/1852 1703/1854 1697/1848
f 1765/1922 1767/1924 1766/1923
f 3261/3768 3248/3755 3257/3764
f 4744/6803 4440/6808 4745/6804
f 1723/1876 1725/1880 1530/1881
f 4745/6804 4440/6808 4746/6809
f 1680/1831 1689/1840 1681/1832
f 1680/1831 1682/1833 1693/1844
f 1680/1831 1681/1832 1682/1833
f 4578/6321 4577/6319 4579/6323
f 1728/1885 1731/1888 1730/1887
f 1728/1885 1757/1914 1759/1916
f 1728/1885 1759/1916 1731/1888
f 1730/1887 1732/1889 1735/1892
f 1730/1887 1731/1888 1732/1889
f 3248/3755 3245/3752 3257/3764
f 3248/3755 3247/3754 3245/3752
f 3248/3755 1744/3771 3247/3754
f 4728/8369 5063/8368 5104/8356
f 4728/8369 5104/8356 5105/8358
f 4728/8369 5105/8358 4729/8366
f 4728/6739 4729/6740 4727/6737
f 1689/1840 1688/1839 1681/1832
f 1689/1840 1697/1848 1688/1839
f 5063/8368 5102/8352 5104/8356
f 5063/8368 5103/8355 5102/8352
f 5063/8368 5106/8361 5103/8355
f 5063/8368 5062/8367 5106/8361
f 1693/1844 1682/1833 1717/1868
f 1693/1844 1717/1868 1716/1867
f 4579/6323 4577/6319 4581/6329
f 4579/6323 4580/6328 1703/6327
f 4579/6323 4581/6329 4580/6328
f 1757/1914 1770/1927 1759/1916
f 1757/1914 1766/1923 1770/1927
f 1735/1892 1732/1889 1736/1893
f 1735/1892 1736/1893 1744/1901
f 3257/3764 3245/3752 3258/3765
f 2074/2357 2118/2356 1406/2355
f 2059/2342 2060/2340 2111/2341
f 2059/2271 2054/2266 2060/2272
f 1681/1832 1688/1839 1687/1838
f 1681/1832 1683/1834 1682/1833
f 1681/1832 1687/1838 1683/1834
f 1731/1888 1733/1890 1732/1889
f 1731/1888 1759/1916 1734/1891
f 1731/1888 1734/1891 1733/1890
f 1732/1889 1737/1894 1736/1893
f 1732/1889 1733/1890 1737/1894
f 5104/8356 5102/8352 5026/8354
f 5104/8356 5027/8357 5105/8358
f 5104/8356 5026/8354 5027/8357
f 2111/2341 2060/2340 2110/2339
f 2111/2754 2110/2763 2480/2755
f 2111/2754 2480/2755 2481/2756
f 2111/2754 2481/2756 2483/2758
f 1688/1839 1697/1848 1696/1847
f 1688/1839 1696/1847 1695/1846
f 1688/1839 1695/1846 1687/1838
f 1697/1848 1703/1854 1696/1847
f 1682/1833 1684/1835 1717/1868
f 1682/1833 1683/1834 1684/1835
f 3245/3752 3242/3749 3258/3765
f 3245/3752 3243/3750 3242/3749
f 3245/3752 3247/3754 3243/3750
f 1406/2355 2118/2356 2117/2354
f 1406/2355 2117/2354 1403/2353
f 2118/4369 3680/4370 2117/4371
f 2118/6738 4727/6737 3680/6743
f 1716/1867 1717/1868 1725/1880
f 4577/6319 4575/6316 4581/6329
f 1759/1916 1770/1927 1760/1917
f 1759/1916 1760/1917 1734/1891
f 1736/1893 1745/1902 1744/1901
f 1736/1893 1746/1903 1745/1902
f 1736/1893 1737/1894 1746/1903
f 1744/3771 1745/3772 3247/3754
f 5102/8352 4946/8353 5026/8354
f 5102/8352 5103/8355 4946/8353
f 2060/2340 950/2338 2110/2339
f 1696/1847 1703/1854 1704/1855
f 1696/1847 1704/1855 1702/1853
f 1696/1847 1702/1853 1695/1846
f 1766/1923 1767/1924 1770/1927
f 1403/2353 2117/2354 2116/2352
f 1403/2353 2116/2352 1396/2351
f 2117/2354 2119/2358 2116/2352
f 2117/7783 2750/7785 2119/7786
f 2117/4371 3680/4370 3681/4372
f 2117/7783 3681/7784 2750/7785
f 5027/8357 5028/8359 5105/8358
f 5027/7916 5026/7914 5025/7911
f 5027/7916 5025/7911 4943/7917
f 5027/7916 4943/7917 5028/7918
f 2110/2339 950/2338 2109/2337
f 2110/2763 2109/2764 2484/2759
f 2110/2763 2484/2759 2480/2755
f 1703/6327 4580/6328 1704/6341
f 4581/6329 4575/6316 4576/6317
f 4581/6329 4582/6330 4580/6328
f 4581/6329 4576/6317 4582/6330
f 1767/1924 1775/1932 1770/1927
f 3258/3765 3242/3749 3265/3780
f 2116/2352 2119/2358 2120/2359
f 2116/2352 2115/2350 1396/2351
f 2116/2352 2120/2359 2115/2350
f 5105/8358 5028/8359 5108/8365
f 5105/8358 5108/8365 4729/8366
f 5026/7914 4944/7912 5025/7911
f 5026/7914 4946/7915 4944/7912
f 950/2338 944/2336 2109/2337
f 1717/1868 1529/1879 1725/1880
f 1717/1868 1684/1835 1720/1871
f 1717/1868 1720/1871 1529/1879
f 1745/3772 3249/3756 3247/3754
f 1745/3772 3253/3760 3249/3756
f 1745/3772 1746/3774 3253/3760
f 2119/3067 2750/3060 2120/3065
f 5025/7911 4938/7913 4943/7917
f 5025/7911 4944/7912 4938/7913
f 2109/2337 944/2336 2108/2335
f 2109/2764 2486/2761 2484/2759
f 2109/2764 2108/2771 2486/2761
f 1725/1880 1529/1879 1530/1881
f 1530/1644 1529/1643 1525/1639
f 1770/1927 1775/1932 1774/1931
f 1770/1927 1769/1926 1760/1917
f 1770/1927 1774/1931 1769/1926
f 3242/3749 3268/3784 3265/3780
f 3242/3749 3244/3751 3268/3784
f 3242/3749 3243/3750 3244/3751
f 5028/7986 4943/7989 4940/7987
f 5028/7986 4940/7987 4942/7988
f 5028/8359 4942/8364 5108/8365
f 2480/2755 2484/2759 2482/2757
f 2480/2755 2482/2757 2481/2756
f 1704/6341 4580/6328 4583/6331
f 1704/6341 4583/6331 4587/6335
f 1704/6341 4587/6335 1702/6342
f 3247/3754 3249/3756 3243/3750
f 4440/6808 2085/6811 4746/6809
f 1396/2351 2115/2350 1388/2349
f 2120/2359 2137/2376 2115/2350
f 2120/3065 2751/3061 2137/3066
f 2120/3065 2750/3060 2749/3059
f 2120/3065 2749/3059 2751/3061
f 944/2336 942/2334 2108/2335
f 1683/1834 1687/1838 1686/1837
f 1683/1834 1685/1836 1684/1835
f 1683/1834 1686/1837 1685/1836
f 1775/1932 1626/1937 1774/1931
f 1734/1891 1741/1898 1733/1890
f 1734/1891 1760/1917 1761/1918
f 1734/1891 1761/1918 1741/1898
f 1733/1890 1739/1896 1737/1894
f 1733/1890 1741/1898 1739/1896
f 2484/2759 2486/2761 2485/2760
f 2484/2759 2485/2760 2482/2757
f 2108/2335 942/2334 2107/2333
f 2108/2771 2107/2772 2488/2765
f 2108/2771 2488/2765 2486/2761
f 1687/1838 1692/1843 1686/1837
f 1687/1838 1695/1846 1692/1843
f 1684/1835 1685/1836 1719/1870
f 1684/1835 1719/1870 1720/1871
f 4580/6328 4582/6330 4583/6331
f 4576/6317 4584/6332 4582/6330
f 2115/2350 2114/2348 1388/2349
f 2115/2350 2137/2376 2114/2348
f 4746/6809 2085/6811 2087/6817
f 942/2334 940/2332 2107/2333
f 1529/1643 1523/1637 1525/1639
f 1529/1879 1720/1871 1528/1878
f 1529/1643 1528/1642 1523/1637
f 1525/1639 1523/1637 1520/1634
f 1760/1917 1768/1925 1761/1918
f 1760/1917 1769/1926 1768/1925
f 1737/1894 1739/1896 1740/1897
f 1737/1894 1740/1897 1746/1903
f 3268/3784 3244/3751 3267/3782
f 3268/3784 3267/3782 1620/3783
f 3249/3756 3246/3753 3243/3750
f 3249/3756 3250/3757 3246/3753
f 3249/3756 3253/3760 3250/3757
f 1388/2349 2114/2348 1387/2347
f 1686/6990 1692/6988 2244/6989
f 1686/6990 2239/6991 1685/6992
f 1686/6990 2244/6989 2239/6991
f 1741/5995 3592/5994 1739/5993
f 1741/5995 1761/5997 2352/5996
f 1741/5995 2352/5996 3592/5994
f 1739/5993 3589/5992 1740/5991
f 1739/5993 3592/5994 3589/5992
f 2094/2312 2093/2311 2085/2303
f 2094/2312 2103/2326 2098/2319
f 2094/2312 2098/2319 2093/2311
f 2085/2303 2086/2304 2087/2305
f 2085/2303 2090/2308 2086/2304
f 2085/2303 2093/2311 2090/2308
f 2087/2305 2086/2304 2088/2306
f 2087/2305 2088/2306 2089/2307
f 2087/2305 2089/2307 2091/2309
f 2087/2305 2091/2309 2092/2310
f 940/2332 2102/2325 2107/2333
f 940/2332 941/2324 2102/2325
f 2107/2772 2102/2776 2490/2767
f 2107/2772 2490/2767 2488/2765
f 2486/2761 2488/2765 2487/2762
f 2486/2761 2487/2762 2485/2760
f 1692/1843 1695/1846 1699/1850
f 1692/6988 1699/6977 4786/6980
f 1692/6988 4786/6980 2244/6989
f 1695/1846 1702/1853 1699/1850
f 1685/6992 2236/6997 1719/6998
f 1685/6992 2239/6991 2236/6997
f 4583/6331 4582/6330 4585/6333
f 4583/6331 4585/6333 4586/6334
f 4583/6331 4586/6334 4587/6335
f 1774/4751 1626/4752 1624/4750
f 1774/1931 1773/1930 1769/1926
f 1774/4751 1624/4750 1773/4749
f 3243/3750 3246/3753 3244/3751
f 2103/2326 1411/2328 2104/2327
f 2103/2326 2104/2327 2098/2319
f 2090/2308 2125/2364 2086/2304
f 2090/3259 2093/3258 2882/3243
f 2090/3259 2882/3243 2125/3244
f 1387/2347 2114/2348 2113/2346
f 1387/2347 2113/2346 1389/2345
f 2086/2304 2121/2360 2088/2306
f 2086/2304 2125/2364 2121/2360
f 2114/2348 2137/2376 2136/2375
f 2114/2348 2136/2375 2113/2346
f 2088/3254 2886/3250 2089/3257
f 2088/3254 2121/3248 2886/3250
f 2137/3066 2738/3046 2136/3063
f 2137/3066 2751/3061 2738/3046
f 2089/2307 2133/2372 2091/2309
f 2089/3257 2886/3250 2133/3252
f 2091/2309 2095/2313 2092/2310
f 2091/2309 2128/2367 2095/2313
f 2091/2309 2133/2372 2128/2367
f 2092/2310 2095/2313 966/2314
f 4943/7510 4938/7505 4940/7507
f 4938/7505 4944/7511 4939/7506
f 4938/7505 4939/7506 4940/7507
f 4946/7513 4945/7512 4944/7511
f 4946/8353 5103/8355 4945/8360
f 4944/7511 4945/7512 4939/7506
f 5103/8355 5106/8361 4945/8360
f 941/2324 956/2322 2101/2323
f 941/2324 2101/2323 2102/2325
f 1720/1871 1719/1870 1724/1877
f 1720/1871 1724/1877 1528/1878
f 1626/1769 1596/1739 1624/1767
f 1761/5997 1768/5999 2324/5998
f 1761/5997 2324/5998 2352/5996
f 1740/1897 1747/1904 1746/1903
f 1740/5991 3589/5992 3584/5990
f 1740/5991 3584/5990 1747/5989
f 1411/2328 1398/2330 2105/2329
f 1411/2328 2105/2329 2104/2327
f 1398/2330 1392/2343 2106/2331
f 1398/2330 2106/2331 2105/2329
f 2093/2311 2098/2319 2134/2373
f 2093/3258 2134/3240 2882/3243
f 1392/2343 1389/2345 2112/2344
f 1392/2343 2112/2344 2106/2331
f 1389/2345 2113/2346 2112/2344
f 966/2314 2095/2313 2096/2315
f 966/2314 2096/2315 960/2316
f 956/2322 958/2318 2100/2321
f 956/2322 2100/2321 2101/2323
f 2102/2776 2101/2777 2492/2769
f 2102/2776 2492/2769 2490/2767
f 4582/6330 4584/6332 4585/6333
f 1520/1634 1523/1637 1519/1633
f 1520/1634 1519/1633 1490/1604
f 1746/3774 1747/3776 3253/3760
f 2098/2319 2104/2327 2132/2371
f 2098/2319 2132/2371 2134/2373
f 2113/2346 2135/2374 2112/2344
f 2113/2346 2136/2375 2135/2374
f 2095/2313 2128/2367 2124/2363
f 2095/2313 2124/2363 2096/2315
f 960/2316 2097/2317 958/2318
f 960/2316 2096/2315 2097/2317
f 958/2318 2099/2320 2100/2321
f 958/2318 2097/2317 2099/2320
f 2101/2323 2100/2321 2130/2369
f 2101/2777 2130/2773 2492/2769
f 2488/2765 2490/2767 2489/2766
f 2488/2765 2489/2766 2487/2762
f 1699/1850 1702/1853 1705/1856
f 1699/6977 1705/6978 4785/6979
f 1699/6977 4785/6979 4786/6980
f 1769/1926 1772/1929 1768/1925
f 1769/1926 1773/1930 1772/1929
f 3246/3753 3252/3759 3244/3751
f 3246/3753 3251/3758 3252/3759
f 3246/3753 3250/3757 3251/3758
f 2104/2327 2105/2329 2127/2366
f 2104/2327 2127/2366 2132/2371
f 2105/2329 2106/2331 2126/2365
f 2105/2329 2126/2365 2127/2366
f 2106/2331 2112/2344 2129/2368
f 2106/2331 2129/2368 2126/2365
f 2125/3244 2883/3245 2121/3248
f 2125/3244 2882/3243 2881/3242
f 2125/3244 2881/3242 2883/3245
f 2112/2344 2135/2374 2129/2368
f 2121/3248 2885/3249 2886/3250
f 2121/3248 2883/3245 2885/3249
f 2136/3063 2735/3043 2135/3064
f 2136/3063 2738/3046 2735/3043
f 2886/3250 2887/3251 2133/3252
f 2886/3250 2885/3249 2887/3251
f 2133/3252 2888/3253 2128/3255
f 2133/3252 2887/3251 2888/3253
f 2128/4474 3726/4464 2124/4475
f 2128/3255 2888/3253 2889/3256
f 2128/4474 2889/4468 3726/4464
f 2096/2315 2122/2361 2097/2317
f 2096/2315 2124/2363 2122/2361
f 2100/2321 2099/2320 2131/2370
f 2100/2321 2131/2370 2130/2369
f 1702/6342 4587/6335 1705/6343
f 1719/6998 2236/6997 2233/6999
f 1719/6998 2233/6999 1724/7000
f 2882/3243 2134/3240 2881/3242
f 4940/7507 4941/7508 4942/7509
f 4940/7507 4939/7506 4941/7508
f 2097/2317 2123/2362 2099/2320
f 2097/2317 2122/2361 2123/2362
f 2099/2320 2123/2362 2131/2370
f 2490/2767 2492/2769 2491/2768
f 2490/2767 2491/2768 2489/2766
f 2239/2492 2244/2497 2240/2493
f 2239/2492 2237/2490 2236/2489
f 2239/2492 2240/2493 2237/2490
f 4585/6333 4584/6332 4592/6340
f 4585/6333 4592/6340 4590/6338
f 4585/6333 4590/6338 4586/6334
f 1523/1637 1528/1642 1524/1638
f 1523/1637 1524/1638 1519/1633
f 1596/1739 1598/1741 1624/1767
f 1596/1739 1585/1728 1598/1741
f 3592/4224 3591/4223 3589/4221
f 3592/4224 2352/4227 2353/4226
f 3592/4224 2353/4226 3591/4223
f 3589/4221 3588/4220 3584/4214
f 3589/4221 3591/4223 3588/4220
f 1747/5989 3584/5990 3581/5988
f 1747/3776 3256/3763 3253/3760
f 1747/5989 3581/5988 3256/5987
f 3244/3751 3252/3759 3267/3782
f 2134/3240 2132/3247 2884/3246
f 2134/3240 2880/3241 2881/3242
f 2134/3240 2884/3246 2880/3241
f 2135/3064 2739/3047 2129/3068
f 2135/3064 2735/3043 2739/3047
f 2124/4475 3725/4460 2122/4476
f 2124/4475 3726/4464 3725/4460
f 2492/2769 2130/2773 2493/2770
f 2492/2769 2493/2770 2491/2768
f 2244/8566 4786/8565 2242/8561
f 2244/2497 2242/2495 2240/2493
f 2236/2489 2232/2485 2233/2486
f 2236/2489 2237/2490 2232/2485
f 1528/1878 1724/1877 1726/1883
f 1528/8059 1726/8058 1524/8047
f 1490/1604 1495/1609 1491/1605
f 1490/1604 1519/1633 1495/1609
f 1768/5999 2323/6000 2324/5998
f 1768/5999 1772/6001 2323/6000
f 2132/3247 2127/3260 2884/3246
f 2127/3071 2126/3069 2753/3070
f 2127/3260 2753/3261 2884/3246
f 2126/3069 2129/3068 2752/3062
f 2126/3069 2752/3062 2753/3070
f 2129/3068 2739/3047 2752/3062
f 2122/4476 2497/4459 2123/4477
f 2122/4476 3725/4460 2497/4459
f 2130/2773 2131/2778 2494/2774
f 2130/2773 2494/2774 2493/2770
f 1705/6343 4587/6335 4588/6336
f 1705/6978 4787/6981 4785/6979
f 1705/6978 4588/6982 4787/6981
f 4584/6332 4598/6349 4592/6340
f 1624/4750 1625/4748 1773/4749
f 1624/1767 1598/1741 1625/1768
f 2352/2614 2324/2582 2322/2580
f 2352/2614 2322/2580 2353/2615
f 3584/4214 3582/4212 3581/4211
f 3584/4214 3588/4220 3582/4212
f 3253/3760 3256/3763 3250/3757
f 2123/2780 2496/2779 2131/2778
f 2123/2780 2497/2781 2496/2779
f 2131/2778 2496/2779 2494/2774
f 4786/8565 4785/8569 5145/8562
f 4786/8565 5145/8562 2242/8561
f 1585/1728 1575/1718 1586/1729
f 1585/1728 1586/1729 1598/1741
f 3252/3759 1622/3779 3267/3782
f 3252/3759 3263/3777 1622/3779
f 3252/3759 3251/3758 3263/3777
f 4587/6335 4586/6334 4588/6336
f 1724/7000 2233/6999 2234/7003
f 1724/7000 2234/7003 1726/7004
f 1773/1930 1778/1935 1772/1929
f 1773/4749 1625/4748 1778/4747
f 3267/3782 1622/3779 1620/3783
f 4945/7512 4941/7508 4939/7506
f 4945/8360 5106/8361 4941/8362
f 2233/2486 2178/2424 2234/2487
f 2233/2486 2232/2485 2178/2424
f 4598/6349 4597/6348 4592/6340
f 1491/1605 1496/1610 1500/1614
f 1491/1605 1495/1609 1496/1610
f 3581/5988 3585/5986 3256/5987
f 3581/4211 3583/4213 3585/4215
f 3581/4211 3582/4212 3583/4213
f 1620/1763 1622/1765 1613/1756
f 3256/3763 3254/3761 3250/3757
f 3256/5987 3585/5986 3254/5980
f 1519/1633 1524/1638 1518/1632
f 1519/1633 1518/1632 1495/1609
f 2324/2582 2323/2581 2322/2580
f 1575/1718 1576/1719 1577/1720
f 1575/1718 1577/1720 1586/1729
f 5108/8365 4942/8364 5107/8363
f 5108/8365 5107/8363 4729/8366
f 4942/8364 4941/8362 5107/8363
f 5106/8361 5107/8363 4941/8362
f 5106/8361 5062/8367 5107/8363
f 4785/8569 4787/8573 5147/8570
f 4785/8569 5147/8570 5145/8562
f 4588/6336 4586/6334 4589/6337
f 4588/6982 4788/6983 4787/6981
f 4588/6982 4589/6984 4788/6983
f 4592/6340 4597/6348 4596/6347
f 4592/6340 4596/6347 4594/6345
f 4592/6340 4594/6345 4590/6338
f 1772/6001 2308/6002 2323/6000
f 1772/6001 1778/6003 2308/6002
f 3250/3757 3254/3761 3251/3758
f 3680/7903 4730/7904 3681/7905
f 3680/6743 2747/6744 4730/6745
f 3680/6743 4727/6737 2747/6744
f 4597/6348 1509/6351 4596/6347
f 1500/1614 1501/1615 1504/1618
f 1500/1614 1496/1610 1501/1615
f 1598/1741 1599/1742 1625/1768
f 1598/1741 1586/1729 1599/1742
f 1576/1719 1591/1734 1578/1721
f 1576/1719 1578/1721 1577/1720
f 1613/1756 1600/1743 1591/1734
f 1613/1756 1622/1765 1600/1743
f 1524/8047 1726/8058 3534/8048
f 1524/8047 3534/8048 1518/8049
f 1509/1623 1504/1618 1505/1619
f 1509/6351 1510/6358 4596/6347
f 1509/1623 1505/1619 1510/1624
f 1504/1618 1501/1615 1505/1619
f 4802/7033 4141/7054 4475/7047
f 4802/7033 4475/7047 4794/7016
f 4802/7033 4801/7032 2688/7046
f 4802/7033 4793/7014 4801/7032
f 4802/7033 2688/7046 4141/7054
f 4802/7033 4794/7016 4793/7014
f 1591/1734 1600/1743 1590/1733
f 1591/1734 1590/1733 1578/1721
f 4475/7047 4141/7054 4137/7057
f 4475/7047 4137/7057 4474/7058
f 4475/6041 4474/6039 3039/6040
f 4475/7047 3039/7018 4794/7016
f 3585/5986 3825/5977 3254/5980
f 3585/4689 3586/4688 3825/4687
f 3585/4215 3583/4213 3586/4216
f 1622/1765 1601/1744 1600/1743
f 1622/3779 3263/3777 1601/3788
f 4730/7904 4997/7906 3681/7905
f 4730/7910 2747/7908 4997/7907
f 4586/6334 4590/6338 4589/6337
f 2234/7003 2235/7005 1726/7004
f 2234/2487 2178/2424 2235/2488
f 3534/4138 1726/4139 3524/4128
f 3534/8048 3537/8050 1518/8049
f 3534/4138 3533/4137 3537/4143
f 3534/4138 3524/4128 3533/4137
f 4801/7032 2686/7053 2688/7046
f 4801/7032 4799/7029 2686/7053
f 4801/7032 4792/7011 4799/7029
f 4801/7032 4793/7014 4792/7011
f 4141/5309 2688/5308 4134/5295
f 4141/5309 4133/5293 4137/5303
f 4141/5309 4134/5295 4133/5293
f 3681/7784 4997/7788 2746/7787
f 3681/7784 2746/7787 2750/7785
f 4331/5720 3510/5735 4332/5722
f 4331/5720 4332/5722 3411/5721
f 4331/5720 4330/5718 3512/5736
f 4331/5720 3412/5719 4330/5718
f 4331/5720 3512/5736 3510/5735
f 4331/5720 3411/5721 3412/5719
f 4332/5722 3510/5735 3508/5733
f 4332/5722 3508/5733 4333/5724
f 4332/5722 4333/5724 3410/5723
f 4332/5722 3410/5723 3411/5721
f 4787/8573 4788/8577 4791/8574
f 4787/8573 4791/8574 5147/8570
f 1625/1768 1599/1742 1629/1772
f 1625/4748 1629/4746 1778/4747
f 2688/2989 2686/2987 2687/2988
f 2688/5308 2687/5297 4134/5295
f 4137/7057 4138/7059 4474/7058
f 4137/5303 4133/5293 4132/5291
f 4137/5303 4132/5291 4138/5304
f 3254/3761 3255/3762 3251/3758
f 3254/5980 3825/5977 3255/5979
f 4997/7907 2747/7908 2746/7909
f 5107/8363 5062/8367 4729/8366
f 2483/4561 2481/4560 787/4557
f 2483/4561 787/4557 791/4562
f 2483/8343 791/8344 4369/8345
f 2481/4560 2482/4563 3762/4555
f 2481/4560 3762/4555 787/4557
f 4330/5718 3515/5744 3512/5736
f 4330/5718 4329/5716 3515/5744
f 4330/5718 3413/5717 4329/5716
f 4330/5718 3412/5719 3413/5717
f 3512/4116 3511/4115 3510/4114
f 3512/4116 3515/4119 3513/4117
f 3512/4116 3513/4117 3511/4115
f 3510/4114 3509/4113 3508/4112
f 3510/4114 3511/4115 3509/4113
f 1726/4139 2235/4140 3524/4128
f 1518/1632 1497/1611 1495/1609
f 1518/8049 3537/8050 1497/8051
f 1495/1609 1497/1611 1496/1610
f 2323/2581 2308/2566 2322/2580
f 4799/7029 2659/7056 2686/7053
f 4799/7029 4792/7011 4795/7019
f 4799/7029 4795/7019 4798/7028
f 4799/7029 4798/7028 2659/7056
f 4474/6039 4138/6045 4473/6037
f 4474/6039 3037/6038 3039/6040
f 4474/6039 4473/6037 3037/6038
f 2750/3060 2746/3056 2749/3059
f 4729/8366 5062/8367 4369/8372
f 4729/8366 4369/8372 4727/8373
f 791/824 787/820 790/823
f 791/8344 790/8346 4369/8345
f 2482/4563 2485/4564 3761/4553
f 2482/4563 3761/4553 3762/4555
f 4333/5724 3508/5733 3507/5734
f 4333/5724 3409/5725 3410/5723
f 4333/5724 4334/5726 3409/5725
f 4333/5724 3507/5734 4334/5726
f 4589/6984 3025/6985 4788/6983
f 4589/6337 4590/6338 4591/6339
f 4589/6984 4591/6986 3025/6985
f 3537/8050 4232/8052 1497/8051
f 3537/5484 4238/5478 4232/5472
f 3537/5484 3533/5487 4238/5478
f 1629/1772 1599/1742 1617/1760
f 1629/4746 3842/4744 1778/4747
f 1629/4746 1617/4745 3842/4744
f 2686/2987 2659/2960 2660/2961
f 2686/2987 2660/2961 2687/2988
f 4793/7014 3590/7012 4792/7011
f 4793/7014 4794/7016 3587/7015
f 4793/7014 3587/7015 3590/7012
f 3251/3758 3255/3762 3263/3777
f 2749/3059 2746/3056 2744/3054
f 2749/3059 2744/3054 2751/3061
f 787/4557 3762/4555 788/4556
f 787/820 788/821 780/813
f 787/820 782/815 790/823
f 787/820 780/813 782/815
f 2485/4564 3760/4551 3761/4553
f 2485/4564 2487/4565 3760/4551
f 3515/4650 3805/4649 3513/4652
f 3515/5744 4329/5716 3802/5738
f 3515/4650 3802/4646 3805/4649
f 3508/4112 3509/4113 3500/4104
f 3508/4112 3500/4104 3507/4111
f 1599/1742 1586/1729 1589/1732
f 1599/1742 1589/1732 1617/1760
f 1586/1729 1577/1720 1589/1732
f 4792/7011 3593/7013 4795/7019
f 4792/7011 3590/7012 3593/7013
f 4133/5293 4134/5295 3966/5294
f 4133/5293 3969/5292 4132/5291
f 4133/5293 3966/5294 3969/5292
f 4794/7016 3039/7018 3040/7017
f 4794/7016 3040/7017 3587/7015
f 4138/5304 4132/5291 4131/5289
f 4138/6045 4140/6044 4473/6037
f 4138/5304 4131/5289 4140/5307
f 3825/5977 3823/5978 3255/5979
f 3825/4687 3824/4685 3823/4684
f 3825/4687 3586/4688 3824/4685
f 2746/3056 2745/3055 2744/3054
f 2746/3056 2747/3057 2745/3055
f 788/4556 3762/4555 789/4554
f 788/821 789/822 781/814
f 788/821 781/814 780/813
f 3762/4555 3761/4553 789/4554
f 3411/3994 3410/3992 2241/3993
f 3411/3994 2245/3995 3412/3996
f 3411/3994 2241/3993 2245/3995
f 4596/6347 1510/6358 1512/6353
f 4596/6347 1512/6353 4594/6345
f 4798/7028 4795/7019 2278/7021
f 4798/7028 2653/7038 2659/7056
f 4798/7028 2278/7021 4797/7026
f 4798/7028 4797/7026 2653/7038
f 4134/5295 3973/5296 3966/5294
f 4134/5295 2687/5297 3973/5296
f 4132/5291 3969/5292 3971/5290
f 4132/5291 3971/5290 4131/5289
f 2744/3054 2745/3055 2743/3053
f 2744/3054 2741/3049 2751/3061
f 2744/3054 2743/3053 2741/3049
f 2745/3055 2747/3057 2748/3058
f 2745/5789 4357/5780 2743/5790
f 2745/5789 2748/5787 4357/5780
f 2747/6744 4727/6737 2748/6746
f 3761/4553 756/4552 789/4554
f 3761/4553 3760/4551 756/4552
f 3513/4652 3487/4656 3511/4657
f 3513/4652 3805/4649 3489/4655
f 3513/4652 3489/4655 3487/4656
f 4329/5716 4328/5714 3802/5738
f 4329/5716 3413/5717 3414/5715
f 4329/5716 3414/5715 4328/5714
f 3511/4657 3487/4656 3485/4658
f 3511/4657 3485/4658 3509/4659
f 3410/3992 3409/3989 2238/3991
f 3410/3992 2238/3991 2241/3993
f 4334/5726 3415/5727 3409/5725
f 4334/5726 3507/5734 3514/5739
f 4334/5726 4335/5728 3415/5727
f 4334/5726 3514/5739 4335/5728
f 4788/6983 3025/6985 4789/7006
f 4788/8577 4789/8578 4791/8574
f 2235/4140 3535/4141 3524/4128
f 2235/5745 2178/5730 3535/5731
f 1778/6003 2307/6004 2308/6002
f 1778/6003 3842/6005 2307/6004
f 1617/1760 1589/1732 1612/1755
f 1617/1760 1612/1755 1616/1759
f 1617/4745 1616/4743 3842/4744
f 4795/7019 2355/7020 2278/7021
f 4795/7019 3593/7013 2355/7020
f 3591/4223 3590/4222 3588/4220
f 3591/4223 2353/4226 2355/4228
f 3591/4223 3593/4225 3590/4222
f 3591/4223 2355/4228 3593/4225
f 3966/4963 3973/4970 3967/4964
f 3966/4963 3968/4965 3969/4966
f 3966/4963 3967/4964 3968/4965
f 3588/4220 3587/4219 3582/4212
f 3588/4220 3590/4222 3587/4219
f 3255/5979 3823/5978 3264/5981
f 3255/3762 3264/3778 3263/3777
f 2751/3061 2741/3049 2738/3046
f 2743/3053 2742/3052 2741/3049
f 2743/5790 4362/5786 2742/5792
f 2743/5790 4357/5780 4362/5786
f 2748/8549 4727/8550 4369/8551
f 2748/5787 4369/5807 792/5788
f 2748/5787 792/5788 4356/5777
f 2748/5787 4356/5777 4357/5780
f 789/822 756/786 749/779
f 789/822 749/779 781/814
f 2487/4565 3759/4549 3760/4551
f 2487/4565 2489/4567 3759/4549
f 3412/3996 2245/3995 3413/3997
f 2240/2493 2241/2494 2237/2490
f 2240/2493 2242/2495 2241/2494
f 2237/2490 2238/2491 2232/2485
f 2237/2490 2241/2494 2238/2491
f 3409/3989 3415/4002 2231/3990
f 3409/3989 2231/3990 2238/3991
f 4590/6338 4594/6345 4591/6339
f 3524/5732 3535/5731 4335/5728
f 3524/5732 4335/5728 3514/5739
f 3524/4128 3529/4133 3533/4137
f 3524/4128 3514/4118 3521/4125
f 3524/4128 3521/4125 3529/4133
f 1497/1611 1498/1612 1496/1610
f 1497/8051 4232/8052 1498/8053
f 1496/1610 1498/1612 1501/1615
f 2308/2566 2290/2543 2322/2580
f 2308/2566 2307/2565 2290/2543
f 2659/2960 2653/2954 2652/2953
f 2659/2960 2652/2953 2660/2961
f 2687/5297 3988/5298 3973/5296
f 2687/5297 2660/5299 3988/5298
f 2353/2615 2354/2616 2355/2617
f 2353/2615 2322/2580 2354/2616
f 3973/4970 3988/4985 3974/4971
f 3973/4970 3974/4971 3967/4964
f 3969/4966 3970/4967 3971/4968
f 3969/4966 3968/4965 3970/4967
f 1600/1743 1594/1737 1590/1733
f 1600/1743 1601/1744 1594/1737
f 3039/3450 3037/3448 3038/3449
f 3039/3450 3038/3449 3040/3451
f 4473/6037 4140/6044 4470/6024
f 4473/6037 3033/6026 3037/6038
f 4473/6037 4470/6024 3033/6026
f 792/8347 4369/8345 790/8346
f 792/825 790/823 786/819
f 792/5788 786/5779 4356/5777
f 790/823 782/815 786/819
f 3805/4649 3802/4646 3804/4648
f 3805/4649 3808/4654 3489/4655
f 3805/4649 3804/4648 3808/4654
f 3802/4646 3803/4647 3804/4648
f 3802/5738 4328/5714 3803/5737
f 3487/4091 3486/4090 3485/4089
f 3487/4091 3489/4093 3488/4092
f 3487/4091 3488/4092 3486/4090
f 3485/4658 3482/4660 3509/4659
f 3485/4089 3483/4087 3482/4086
f 3485/4089 3486/4090 3483/4087
f 3509/4659 3482/4660 3500/4661
f 3507/4111 3506/4110 3514/4118
f 3507/4111 3500/4104 3506/4110
f 3535/5731 4336/5729 4335/5728
f 3535/5731 2178/5730 4336/5729
f 4797/7026 2278/7021 2277/7027
f 4797/7026 2646/7041 2653/7038
f 4797/7026 2277/7027 4800/7030
f 4797/7026 4800/7030 2646/7041
f 2278/2531 2275/2528 2277/2530
f 2278/7021 2355/7020 2354/7022
f 2278/8412 2354/8413 2275/8414
f 1577/1720 1583/1726 1589/1732
f 1577/1720 1578/1721 1583/1726
f 3582/4212 3587/4219 3040/4218
f 3582/4212 3040/4218 3583/4213
f 4131/5289 4130/5287 4140/5307
f 4131/5289 3971/5290 3972/5288
f 4131/5289 3972/5288 4130/5287
f 2738/3046 2741/3049 2736/3044
f 2738/3046 2736/3044 2735/3043
f 2741/3049 2742/3052 2736/3044
f 3760/4551 755/4550 756/4552
f 3760/4551 3759/4549 755/4550
f 2489/4567 2491/4566 3758/4547
f 2489/4567 3758/4547 3759/4549
f 2242/8561 5145/8562 2243/8563
f 2242/2495 2243/2496 2241/2494
f 4335/5728 4336/5729 3415/5727
f 4232/8052 4227/8054 1498/8053
f 4232/5472 4238/5478 4228/5468
f 4232/5472 4228/5468 4227/5467
f 2653/2954 2646/2947 2642/2943
f 2653/2954 2642/2943 2652/2953
f 1589/1732 1583/1726 1612/1755
f 3988/5298 2660/5299 2661/5300
f 3988/4985 2661/4989 3989/4986
f 3988/4985 3989/4986 3974/4971
f 4140/5307 4130/5287 4135/5301
f 4140/6044 4135/6043 4470/6024
f 3823/5978 3822/5982 3264/5981
f 3823/4684 3819/4679 3822/4683
f 3823/4684 3824/4685 3819/4679
f 2742/3052 467/3051 2736/3044
f 2742/5792 465/5793 467/5795
f 2742/5792 4362/5786 465/5793
f 756/786 755/785 749/779
f 3489/6905 3808/6904 3488/6895
f 3413/3997 2246/3998 3414/3999
f 3413/3997 2245/3995 2246/3998
f 3482/4086 3497/4101 3500/4104
f 3482/4086 3484/4088 3497/4101
f 3482/4086 3483/4087 3484/4088
f 2232/2485 2231/2484 2178/2424
f 2232/2485 2238/2491 2231/2484
f 3415/5727 4336/5729 2178/5730
f 3415/6246 2178/6245 2176/6244
f 3415/4002 2176/4003 2231/3990
f 3533/5487 3529/5486 4238/5478
f 1510/1624 1505/1619 1508/1622
f 1510/1624 1508/1622 1512/1626
f 1501/1615 1503/1617 1505/1619
f 1501/1615 1498/1612 1503/1617
f 3971/4968 3970/4967 3972/4969
f 3263/3777 3264/3778 1601/3788
f 2883/4471 3715/4438 2885/4470
f 2883/4471 2881/4472 3714/4436
f 2883/4471 3714/4436 3715/4438
f 2735/3043 2736/3044 2737/3045
f 2735/3043 2737/3045 2739/3047
f 2885/4470 3716/4440 2887/4469
f 2885/4470 3715/4438 3716/4440
f 2736/3044 467/3051 2737/3045
f 2887/4469 3717/4442 2888/4467
f 2887/4469 3716/4440 3717/4442
f 2888/4467 3718/4444 2889/4468
f 2888/4467 3717/4442 3718/4444
f 2491/2768 2493/2770 2495/2775
f 2491/4566 2495/4545 3758/4547
f 3514/4118 3506/4110 3521/4125
f 4591/6986 3020/6987 3025/6985
f 4591/6339 4594/6345 4595/6346
f 4591/6986 4595/6993 3020/6987
f 4800/7030 2277/7027 2265/7031
f 4800/7030 2645/7035 2646/7041
f 4800/7030 2265/7031 4803/7034
f 4800/7030 4803/7034 2645/7035
f 2660/2961 2652/2953 2661/2962
f 2277/2530 2274/2527 2265/2518
f 2277/2530 2275/2528 2274/2527
f 1612/1755 1583/1726 1607/1750
f 1612/1755 1611/1754 1616/1759
f 1612/1755 1607/1750 1611/1754
f 1578/1721 1590/1733 1584/1727
f 1578/1721 1584/1727 1583/1726
f 1590/1733 1594/1737 1584/1727
f 3037/3448 3033/3444 3036/3447
f 3037/3448 3036/3447 3038/3449
f 2881/4472 2880/4473 3713/4434
f 2881/4472 3713/4434 3714/4436
f 467/3051 459/3050 2737/3045
f 467/475 465/473 459/464
f 2889/4468 3718/4444 3719/4447
f 2889/4468 3719/4447 3726/4464
f 755/4550 3759/4549 757/4548
f 755/785 757/787 750/780
f 755/785 750/780 749/779
f 2493/4465 2494/4458 3724/4456
f 2493/4465 3724/4456 2495/4466
f 3759/4549 3758/4547 757/4548
f 3804/4648 3807/4653 3808/4654
f 3804/4648 3803/4647 3801/4645
f 3804/4648 3801/4645 3807/4653
f 4328/5714 4325/5704 3803/5737
f 4328/5714 3414/5715 3166/5705
f 4328/5714 3166/5705 4325/5704
f 3500/4104 3497/4101 3506/4110
f 1505/1619 1503/1617 1508/1622
f 3842/6005 2297/6006 2307/6004
f 3842/4744 1616/4743 2297/4740
f 2322/2580 2275/2544 2354/2616
f 2322/2580 2290/2543 2275/2544
f 3583/4213 3040/4218 3038/4217
f 3583/4213 3038/4217 3586/4216
f 2884/4463 3712/4432 2880/4473
f 2884/4463 2753/4462 3711/4430
f 2884/4463 3711/4430 3712/4432
f 2880/4473 3712/4432 3713/4434
f 2752/3062 2739/3047 2740/3048
f 2752/4461 3710/4428 2753/4462
f 2752/4461 2740/4427 3710/4428
f 2739/3047 2737/3045 2740/3048
f 2737/3045 459/3050 2740/3048
f 3716/4440 198/4441 3717/4442
f 3716/4440 3715/4438 253/4439
f 3716/4440 253/4439 198/4441
f 3717/4442 198/4441 197/4443
f 3717/4442 197/4443 3718/4444
f 3758/4547 758/4544 757/4548
f 3758/4547 2495/4545 758/4544
f 5145/8562 5147/8570 5146/8564
f 5145/8562 5146/8564 2243/8563
f 3025/3436 3020/3431 3024/3435
f 3025/6985 3024/7007 4789/7006
f 3529/5486 4236/5476 4238/5478
f 3529/4133 3521/4125 3528/4132
f 3529/5486 3528/5483 4236/5476
f 1498/8053 4227/8054 1503/8055
f 2646/2947 2645/2946 2640/2941
f 2646/2947 2640/2941 2642/2943
f 2652/2953 2651/2952 2661/2962
f 2652/2953 2642/2943 2651/2952
f 2307/2565 2297/2551 2290/2543
f 2661/2962 2651/2952 2662/2963
f 2661/4989 2662/4990 3989/4986
f 4130/5287 3972/5288 3984/5285
f 4130/5287 4129/5284 4135/5301
f 4130/5287 3984/5285 4129/5284
f 4470/6024 3027/6021 3033/6026
f 4470/6024 4135/6043 4468/6020
f 4470/6024 4468/6020 3027/6021
f 2753/4462 3710/4428 3711/4430
f 3714/4436 464/4437 3715/4438
f 3714/4436 3713/4434 463/4435
f 3714/4436 463/4435 464/4437
f 3715/4438 464/4437 253/4439
f 459/4425 457/4426 2740/4427
f 459/464 458/463 457/462
f 459/464 465/473 458/463
f 198/202 196/200 197/201
f 198/202 253/257 202/206
f 198/202 202/206 196/200
f 197/4443 199/4445 3718/4444
f 197/201 196/200 195/199
f 197/201 195/199 199/203
f 3718/4444 199/4445 3719/4447
f 2494/4458 2496/4457 3723/4454
f 2494/4458 3723/4454 3724/4456
f 757/787 758/788 750/780
f 3808/6904 3807/6903 3488/6895
f 3803/4647 3806/4651 3801/4645
f 3803/5737 4325/5704 3806/5743
f 3497/4101 3505/4109 3506/4110
f 3497/4101 3498/4102 3505/4109
f 3497/4101 3484/4088 3498/4102
f 4238/5478 4236/5476 4228/5468
f 4803/7034 2265/7031 2264/7050
f 4803/7034 2658/7036 2645/7035
f 4803/7034 2264/7050 4804/7037
f 4803/7034 4804/7037 2658/7036
f 2265/2518 2252/2505 2264/2517
f 2265/2518 2274/2527 2252/2505
f 1583/1726 1584/1727 1607/1750
f 3264/5981 3822/5982 1602/5983
f 3264/3778 1602/3789 1601/3788
f 3713/4434 3712/4432 462/4433
f 3713/4434 462/4433 463/4435
f 3710/4428 2740/4427 457/4426
f 3710/4428 457/4426 456/4429
f 3710/4428 456/4429 3711/4430
f 464/472 236/469 253/476
f 464/472 463/468 460/465
f 464/472 460/465 236/469
f 457/462 453/458 456/461
f 457/462 458/463 453/458
f 253/257 236/240 202/206
f 196/200 202/206 194/198
f 196/200 191/195 195/199
f 196/200 194/198 191/195
f 199/4445 210/4446 3719/4447
f 199/203 195/199 200/204
f 199/203 200/204 210/214
f 3719/4447 3720/4448 3726/4464
f 3719/4447 210/4446 3720/4448
f 3726/4464 3720/4448 3725/4460
f 3725/4460 3721/4450 2497/4459
f 3725/4460 3720/4448 3721/4450
f 2497/4459 3722/4452 2496/4457
f 2497/4459 3721/4450 3722/4452
f 2496/4457 3722/4452 3723/4454
f 758/4544 2495/4545 760/4546
f 758/788 760/790 759/789
f 758/788 759/789 750/780
f 2495/4545 3724/4558 760/4546
f 3414/3999 3167/4000 3166/4001
f 3414/3999 2246/3998 3167/4000
f 2178/2424 2231/2484 2176/2422
f 2178/8932 2170/8933 2176/8934
f 2178/8935 2176/8936 2174/8937
f 2178/2424 2168/2414 2170/2416
f 2178/2424 2174/2420 2168/2414
f 3506/4110 3505/4109 3521/4125
f 4227/8054 1514/8056 1503/8055
f 4227/5467 4228/5468 4219/5459
f 4227/5467 4219/5459 1514/5451
f 1616/4743 1611/4742 2297/4740
f 3972/4969 3970/4967 3984/4981
f 3712/4432 3711/4430 455/4431
f 3712/4432 455/4431 462/4433
f 3711/4430 456/4429 455/4431
f 462/467 452/457 463/468
f 462/467 455/460 452/457
f 463/468 452/457 460/465
f 236/240 194/198 202/206
f 236/469 460/465 461/466
f 236/240 212/216 194/198
f 236/469 461/466 212/470
f 456/461 453/458 455/460
f 195/199 189/193 200/204
f 195/199 191/195 188/192
f 195/199 188/192 189/193
f 200/204 211/215 210/214
f 200/204 201/205 211/215
f 200/204 189/193 201/205
f 210/214 211/215 233/237
f 210/4446 233/4449 3720/4448
f 3724/4456 3723/4454 764/4455
f 3724/4558 764/4559 760/4546
f 2241/2494 2243/2496 2245/2498
f 3521/4125 3505/4109 3518/4122
f 3521/4125 3518/4122 3528/4132
f 4594/6345 1512/6353 4595/6346
f 2645/2946 2658/2959 2639/2940
f 2645/2946 2639/2940 2640/2941
f 2651/2952 2642/2943 2641/2942
f 2651/2952 2641/2942 2655/2956
f 2651/2952 2655/2956 2662/2963
f 3822/5982 3828/5984 1602/5983
f 3822/4683 3821/4682 3828/4696
f 3822/4683 3819/4679 3821/4682
f 3033/3444 3027/3438 3032/3443
f 3033/3444 3032/3443 3036/3447
f 4135/5301 4129/5284 4136/5302
f 4135/6043 4136/6042 4468/6020
f 452/457 454/459 460/465
f 452/457 455/460 453/458
f 452/457 453/458 454/459
f 460/465 454/459 461/466
f 211/215 234/238 233/237
f 211/215 213/217 234/238
f 211/215 201/205 213/217
f 3720/4448 233/4449 3721/4450
f 3721/4450 287/4451 3722/4452
f 3721/4450 233/4449 287/4451
f 3722/4452 767/4453 3723/4454
f 3722/4452 287/4451 767/4453
f 3723/4454 767/4453 764/4455
f 760/790 764/794 763/793
f 760/790 763/793 762/792
f 760/790 762/792 761/791
f 760/790 761/791 759/789
f 4236/5476 3528/5483 4235/5475
f 4236/5476 4226/5466 4228/5468
f 4236/5476 4235/5475 4226/5466
f 2642/2943 2640/2941 2641/2942
f 4804/7037 2264/7050 2262/7051
f 4804/7037 2674/7039 2658/7036
f 4804/7037 2262/7051 4805/7040
f 4804/7037 4805/7040 2674/7039
f 2264/2517 2250/2503 2262/2515
f 2264/2517 2252/2505 2250/2503
f 1607/1750 1584/1727 1604/1747
f 1607/1750 1606/1749 1611/1754
f 1607/1750 1604/1747 1606/1749
f 1601/1744 1602/1745 1594/1737
f 3038/4691 3036/4690 3586/4688
f 3586/4688 3036/4690 3824/4685
f 233/237 234/238 287/291
f 287/800 288/799 767/797
f 287/291 234/238 288/292
f 767/797 765/795 764/794
f 767/797 288/799 765/795
f 764/794 765/795 763/793
f 3801/4645 3800/4644 3807/4653
f 3801/4645 3806/4651 3799/4643
f 3801/4645 3799/4643 3800/4644
f 4325/5704 4320/5694 3806/5743
f 4325/5704 3166/5705 3164/5697
f 4325/5704 3164/5697 4320/5694
f 5147/8570 4791/8574 5148/8571
f 5147/8570 5148/8571 5146/8564
f 3505/4109 3504/4108 3518/4122
f 3505/4109 3498/4102 3504/4108
f 234/238 257/261 288/292
f 234/238 213/217 257/261
f 288/799 257/798 765/795
f 765/795 762/792 763/793
f 765/795 766/796 762/792
f 765/795 257/798 766/796
f 3528/5483 3531/5488 4235/5475
f 3528/4132 3518/4122 3523/4127
f 3528/4132 3523/4127 3531/4135
f 1503/8055 1514/8056 1508/8057
f 2641/2942 2640/2941 2638/2939
f 2641/2942 2638/2939 2635/2936
f 2641/2942 2635/2936 2655/2956
f 2658/2959 2643/2944 2639/2940
f 2658/2959 2674/2975 2643/2944
f 2290/2543 2297/2551 2288/2541
f 2290/2543 2289/2542 2275/2544
f 2290/2543 2288/2541 2289/2542
f 4129/5284 3984/5285 3987/5282
f 4129/5284 4128/5281 4136/5302
f 4129/5284 3987/5282 4128/5281
f 3807/6903 3800/6899 3488/6895
f 4595/6993 3012/6994 3020/6987
f 4595/6346 1512/6353 1515/6354
f 4595/6993 1515/6995 3012/6994
f 4228/5468 4226/5466 4219/5459
f 2262/7051 2263/7052 4805/7040
f 2262/2515 2247/2500 2263/2516
f 2262/2515 2250/2503 2247/2500
f 1584/1727 1594/1737 1604/1747
f 4468/6020 3028/6019 3027/6021
f 4468/6020 4136/6042 4467/6017
f 4468/6020 4467/6017 3028/6019
f 3806/5743 4320/5694 4338/5742
f 3806/6916 4338/6914 3799/6915
f 2243/8563 5146/8564 2246/8567
f 2243/2496 2246/2499 2245/2498
f 3166/3635 3165/3634 3164/3633
f 3166/3635 3167/3637 3165/3634
f 2176/6244 2170/6243 2559/6242
f 2176/6244 2559/6242 2175/6247
f 2176/2422 2175/2421 2174/2420
f 2170/6243 2171/6241 2559/6242
f 2170/2416 2167/2413 2171/2417
f 2170/2416 2168/2414 2167/2413
f 3020/3431 3012/3423 3019/3430
f 3020/3431 3019/3430 3024/3435
f 2640/2941 2639/2940 2638/2939
f 2297/4740 1611/4742 1610/4741
f 2297/4740 1610/4741 3188/4734
f 2297/2551 2291/2545 2288/2541
f 2297/2551 2305/2561 2291/2545
f 2297/4740 3188/4734 2305/4735
f 1611/1754 1606/1749 1610/1753
f 4805/7040 2675/7042 2674/7039
f 4805/7040 2263/7052 4806/7043
f 4805/7040 4806/7043 2675/7042
f 2275/2528 2271/2524 2274/2527
f 2275/2544 2289/2542 2271/2558
f 3027/3438 3028/3439 3029/3440
f 3027/3438 3029/3440 3032/3443
f 3984/4981 3983/4980 3987/4984
f 3984/4981 3970/4967 3983/4980
f 1512/1626 1508/1622 1513/1627
f 1512/1626 1513/1627 1515/1629
f 1514/1628 1513/1627 1508/1622
f 1514/5451 4219/5459 4211/5450
f 1514/1628 1517/1631 1513/1627
f 1514/5451 4211/5450 1517/5445
f 1604/1747 1594/1737 1603/1746
f 1604/1747 1605/1748 1606/1749
f 1604/1747 1603/1746 1605/1748
f 1602/1745 1603/1746 1594/1737
f 1602/5983 3828/5984 1603/5985
f 4235/5475 4225/5465 4226/5466
f 4235/5475 4239/5479 4225/5465
f 4235/5475 3531/5488 4239/5479
f 4226/5466 4217/5457 4219/5459
f 4226/5466 4225/5465 4217/5457
f 2638/2939 2639/2940 2637/2938
f 2638/2939 2637/2938 2633/2934
f 2638/2939 2633/2934 2635/2936
f 2639/2940 2643/2944 2637/2938
f 2674/2975 2666/2967 2643/2944
f 2674/2975 2675/2976 2666/2967
f 3828/5984 3832/6007 1603/5985
f 3828/4696 3827/4695 3832/4703
f 3828/4696 3821/4682 3827/4695
f 3036/4690 3032/4686 3824/4685
f 4136/6042 4139/6036 4467/6017
f 4136/5302 4128/5281 4139/5305
f 4320/5694 3164/5697 3162/5695
f 4320/5694 4321/5696 4338/5742
f 4320/5694 3162/5695 4321/5696
f 4791/8574 4790/8575 5148/8571
f 4791/7010 4789/7006 4790/7009
f 3518/4122 3504/4108 3517/4121
f 3518/4122 3517/4121 3523/4127
f 2263/7052 2266/7048 4806/7043
f 2263/2516 2253/2506 2266/2519
f 2263/2516 2247/2500 2253/2506
f 3824/4685 3032/4686 3819/4679
f 3799/4643 3798/4642 3800/4644
f 3799/6915 4338/6914 3796/6912
f 3799/4643 3796/4640 3798/4642
f 5146/8564 3167/8568 2246/8567
f 5146/8564 5148/8571 3167/8568
f 4806/7043 2683/7044 2675/7042
f 4806/7043 2266/7048 4807/7045
f 4806/7043 4807/7045 2683/7044
f 3800/6899 4767/6896 3488/6895
f 3800/6899 3798/6906 4767/6896
f 3164/3633 3163/3632 3162/3631
f 3164/3633 3165/3634 3163/3632
f 2637/2938 2643/2944 2644/2945
f 2637/2938 2644/2945 2632/2933
f 2637/2938 2632/2933 2633/2934
f 1610/1753 1606/1749 1608/1751
f 1610/3664 1608/3665 3187/3662
f 1610/3664 3187/3662 3188/3663
f 4467/6017 3031/6018 3028/6019
f 4467/6017 4139/6036 4469/6022
f 4467/6017 4469/6022 3031/6018
f 4338/5742 4321/5696 4337/5740
f 4338/6914 4337/6913 3796/6912
f 3504/4108 3503/4107 3517/4121
f 3504/4108 3498/4102 3503/4107
f 3012/6994 1515/6995 3006/6996
f 3012/3423 3006/3409 3009/3420
f 3012/3423 3009/3420 3019/3430
f 1515/6995 1513/7001 3006/6996
f 4219/5459 4217/5457 4211/5450
f 2655/2956 2635/2936 2650/2951
f 2655/2956 2650/2951 2662/2963
f 2643/2944 2666/2967 2644/2945
f 2675/2976 2673/2974 2666/2967
f 2675/2976 2683/2984 2673/2974
f 1606/1749 1605/1748 1608/1751
f 2266/7048 2270/7055 4807/7045
f 2266/2519 2255/2508 2270/2523
f 2266/2519 2253/2506 2255/2508
f 3028/3439 3031/3442 3030/3441
f 3028/3439 3030/3441 3029/3440
f 4128/5281 3987/5282 4127/5279
f 4128/5281 4126/5278 4139/5305
f 4128/5281 4127/5279 4126/5278
f 2171/6241 2557/6240 2559/6242
f 2171/6241 2181/6239 2557/6240
f 2171/2417 2179/2425 2181/2427
f 2171/2417 2167/2413 2179/2425
f 2274/2527 2273/2526 2252/2505
f 2274/2527 2271/2524 2273/2526
f 3967/4964 3975/4972 3968/4965
f 3967/4964 3974/4971 3982/4979
f 3967/4964 3982/4979 3975/4972
f 3968/4965 3976/4973 3970/4967
f 3968/4965 3975/4972 3976/4973
f 3987/5282 3986/5283 4127/5279
f 3987/4984 3983/4980 3986/4983
f 3486/4090 3490/4094 3483/4087
f 3486/4090 3488/4092 3491/4095
f 3486/4090 3491/4095 3490/4094
f 4225/5465 4216/5456 4217/5457
f 4225/5465 4229/5469 4216/5456
f 4225/5465 4239/5479 4229/5469
f 2644/2945 2666/2967 2667/2968
f 2644/2945 2667/2968 2634/2935
f 2644/2945 2634/2935 2632/2933
f 2288/2541 2291/2545 2287/2540
f 2288/2541 2287/2540 2289/2542
f 4807/7045 2270/7055 4796/7024
f 4807/7045 2684/7049 2683/7044
f 4807/7045 4796/7024 2684/7049
f 3974/4971 3989/4986 3990/4987
f 3974/4971 3990/4987 3982/4979
f 4139/5305 4126/5278 3190/5306
f 4139/6036 3190/6033 4469/6022
f 3483/4087 3495/4099 3484/4088
f 3483/4087 3490/4094 3495/4099
f 4321/5696 3162/5695 3159/5698
f 4321/5696 4322/5699 4337/5740
f 4321/5696 3159/5698 4322/5699
f 4217/5457 4210/5449 4211/5450
f 4217/5457 4216/5456 4210/5449
f 1603/5985 3832/6007 1605/6008
f 3832/6007 3834/6009 1605/6008
f 3832/4703 3831/4701 3834/4706
f 3832/4703 3827/4695 3831/4701
f 3488/6895 4767/6896 3494/6897
f 3488/4092 3494/4098 3491/4095
f 3796/4640 3797/4641 3798/4642
f 3796/6912 4337/6913 4774/6911
f 3796/6912 4774/6911 3797/6907
f 5148/8571 3165/8572 3167/8568
f 5148/8571 4790/8575 3165/8572
f 3162/3631 3023/3623 3159/3622
f 3162/3631 3163/3632 3023/3623
f 4789/7006 3026/7008 4790/7009
f 4789/7006 3024/7007 3026/7008
f 2270/7055 4241/7025 4796/7024
f 2270/5493 2268/5490 4241/5489
f 2270/2523 2255/2508 2268/2521
f 3970/4967 3976/4973 3979/4976
f 3970/4967 3979/4976 3983/4980
f 3819/4679 3032/4686 3029/4680
f 3819/4679 3820/4681 3821/4682
f 3819/4679 3029/4680 3820/4681
f 2559/2856 2557/2854 2558/2855
f 2559/6242 2558/6248 2175/6247
f 2666/2967 2673/2974 2667/2968
f 1608/1751 1605/1748 1609/1752
f 1608/3665 1609/3651 3187/3662
f 2683/2984 2681/2982 2673/2974
f 2683/2984 2684/2985 2681/2982
f 3798/6906 4770/6902 4767/6896
f 3798/6906 3797/6907 4770/6902
f 3484/4088 3499/4103 3498/4102
f 3484/4088 3495/4099 3499/4103
f 4337/6913 4327/6918 4774/6911
f 4337/5740 4322/5699 4327/5712
f 3517/4121 3520/4124 3523/4127
f 3517/4121 3503/4107 3520/4124
f 3006/6996 1513/7001 3004/7002
f 3006/3409 3004/3407 3005/3408
f 3006/3409 3005/3408 3009/3420
f 1513/6236 2533/6232 3004/6231
f 1513/2834 2537/2833 2533/2829
f 1513/2834 1517/2857 2537/2833
f 2635/2936 2633/2934 2627/2928
f 2635/2936 2627/2928 2650/2951
f 3989/4986 2662/4990 2663/4991
f 3989/4986 2663/4991 3990/4987
f 1605/7520 3834/7521 4241/7517
f 1605/7520 4241/7517 1609/7519
f 3834/7023 4796/7024 4241/7025
f 3834/8415 2684/8417 4796/8418
f 3834/8415 2681/8416 2684/8417
f 3834/8173 3835/8174 2681/8175
f 3834/4706 3833/4704 3835/4707
f 3834/4706 3831/4701 3833/4704
f 4126/5278 4127/5279 4125/5276
f 4126/5278 3189/5277 3190/5306
f 4126/5278 4125/5276 3189/5277
f 2181/6239 2187/6235 2554/6238
f 2181/2427 2186/2432 2187/2433
f 2181/6239 2554/6238 2557/6240
f 2181/2427 2179/2425 2186/2432
f 4211/5450 4210/5449 1517/5445
f 2252/2505 2251/2504 2250/2503
f 2252/2505 2273/2526 2251/2504
f 2667/2968 2673/2974 2676/2977
f 2667/2968 2676/2977 2636/2937
f 2667/2968 2636/2937 2634/2935
f 2174/2420 2172/2418 2168/2414
f 2174/2420 2175/2421 2172/2418
f 3004/6231 2533/6232 3003/6233
f 3004/3407 3003/3406 3002/3405
f 3004/3407 3002/3405 3005/3408
f 4216/5456 4209/5448 4210/5449
f 4216/5456 4220/5460 4209/5448
f 4216/5456 4229/5469 4220/5460
f 4241/7517 3835/7518 1609/7519
f 4241/7517 3833/7522 3835/7518
f 4241/5489 2268/5490 3833/5491
f 3979/4976 3976/4973 3978/4975
f 3979/4976 3980/4977 3983/4980
f 3979/4976 3978/4975 3980/4977
f 4127/5279 3986/5283 4123/5268
f 4127/5279 4123/5268 4125/5276
f 3494/6897 4767/6896 4768/6898
f 3494/4098 3493/4097 3491/4095
f 3494/6897 4768/6898 3493/6901
f 3003/6233 2536/6234 2187/6235
f 3003/3406 2187/3410 3001/3404
f 3003/6233 2533/6232 2536/6234
f 3003/3406 3001/3404 3002/3405
f 2673/2974 2681/2982 2676/2977
f 3976/4973 3975/4972 3977/4974
f 3976/4973 3977/4974 3978/4975
f 3983/4980 3980/4977 3985/4982
f 3983/4980 3985/4982 3986/4983
f 3031/6018 4469/6022 3035/6023
f 3031/3442 3035/3446 3034/3445
f 3031/3442 3034/3445 3030/3441
f 4469/6022 3190/6033 4471/6025
f 4469/6022 4471/6025 3035/6023
f 4774/6911 4772/6909 3797/6907
f 4774/6911 4327/6918 4775/6917
f 4774/6911 4775/6917 4772/6909
f 4790/8575 3163/8576 3165/8572
f 4790/8575 3026/8579 3163/8576
f 3523/4127 3526/4130 3531/4135
f 3523/4127 3520/4124 3526/4130
f 4210/5449 4204/5442 1517/5445
f 4210/5449 4209/5448 4204/5442
f 3187/3662 1609/3651 3172/3645
f 3187/3662 3177/3650 3188/3663
f 3187/3662 3172/3645 3177/3650
f 4767/6896 4769/6900 4768/6898
f 4767/6896 4770/6902 4769/6900
f 3498/4102 3502/4106 3503/4107
f 3498/4102 3499/4103 3502/4106
f 3159/5698 3161/5700 4322/5699
f 3159/3622 3160/3624 3161/3625
f 3159/3622 3023/3623 3160/3624
f 4322/5699 4323/5701 4327/5712
f 4322/5699 3161/5700 4323/5701
f 3024/3435 3022/3433 3026/3437
f 3024/3435 3019/3430 3022/3433
f 2187/6235 2536/6234 2551/6237
f 2187/6235 2551/6237 2554/6238
f 2187/3410 2186/3412 3001/3404
f 2291/2545 2292/2546 2287/2540
f 2291/2545 2305/2561 2292/2546
f 2662/2963 2650/2951 2654/2955
f 2662/2963 2654/2955 2663/2964
f 2271/2558 2289/2542 2272/2559
f 2271/2524 2272/2525 2273/2526
f 1609/6032 3835/6031 3178/6030
f 1609/3651 3178/3652 3173/3646
f 1609/3651 3173/3646 3172/3645
f 3835/6031 3951/6029 3178/6030
f 3835/4932 3833/4927 3951/4931
f 3975/4972 3982/4979 3981/4978
f 3975/4972 3981/4978 3977/4974
f 3491/4095 3493/4097 3492/4096
f 3491/4095 3492/4096 3490/4094
f 3797/6907 4771/6908 4770/6902
f 3797/6907 4772/6909 4771/6908
f 2533/2829 2526/2822 2536/2832
f 2533/2829 2537/2833 2530/2826
f 2533/2829 2530/2826 2526/2822
f 2676/2977 2681/2982 2682/2983
f 2676/2977 2682/2983 2678/2979
f 2676/2977 2678/2979 2636/2937
f 3980/7551 3978/7547 4951/7532
f 3980/7551 2901/7533 3985/7552
f 3980/7551 4951/7532 2901/7533
f 3190/3667 3189/3666 3186/3661
f 3190/6033 3186/6035 4471/6025
f 4362/5786 4357/5780 4361/5785
f 4362/5786 4361/5785 465/5793
f 4768/8097 5072/8095 3493/8094
f 4768/8097 4769/8099 5073/8098
f 4768/8097 5073/8098 5072/8095
f 2168/2414 2166/2412 2167/2413
f 2168/2414 2172/2418 2166/2412
f 2557/2854 2554/2851 2556/2853
f 2557/2854 2556/2853 2558/2855
f 1517/5710 2541/5709 2537/5713
f 1517/5445 4204/5442 4205/5443
f 1517/5710 4205/5708 2541/5709
f 2289/2542 2287/2540 2286/2539
f 2289/2542 2286/2539 2272/2559
f 3978/7547 3977/7544 4948/7526
f 3978/7547 4948/7526 4951/7532
f 3821/4682 3820/4681 3827/4695
f 4327/8122 4326/8120 4775/8121
f 4327/5712 4323/5701 4326/5711
f 2536/2832 2529/2825 2551/2848
f 2536/2832 2526/2822 2529/2825
f 2250/2503 2248/2501 2247/2500
f 2250/2503 2251/2504 2248/2501
f 3985/5286 3829/5269 3986/5283
f 3985/7552 2901/7533 2903/7553
f 3985/7552 2903/7553 3829/7554
f 4357/5780 4356/5777 4355/5776
f 4357/5780 4355/5776 4361/5785
f 3493/8094 5072/8095 5071/8091
f 3493/8094 5071/8091 3492/8093
f 4769/8099 2705/8108 2706/8100
f 4769/8099 2706/8100 5073/8098
f 4769/8099 4770/8109 2705/8108
f 2706/3007 2705/3006 2699/3000
f 2706/8100 2707/8096 5073/8098
f 2706/3007 2699/3000 2707/3008
f 2705/8108 4770/8109 2711/8107
f 2705/3006 2711/3012 2701/3002
f 2705/3006 2701/3002 2699/3000
f 2537/2833 2541/2838 2540/2837
f 2537/2833 2540/2837 2530/2826
f 4209/5448 4201/5439 4204/5442
f 4209/5448 4207/5446 4201/5439
f 4209/5448 4220/5460 4207/5446
f 2633/2934 2632/2933 2623/2924
f 2633/2934 2623/2924 2627/2928
f 3982/4979 3991/4988 3981/4978
f 3982/4979 3990/4987 3991/4988
f 3977/7544 3981/7543 4947/7524
f 3977/7544 4947/7524 4948/7526
f 3986/5283 3829/5269 4123/5268
f 3490/4094 3492/4096 3496/4100
f 3490/4094 3496/4100 3495/4099
f 2175/2421 2173/2419 2172/2418
f 2175/8123 2558/8116 2173/8117
f 3531/5488 3532/5482 4239/5479
f 3531/4135 3526/4130 3532/4136
f 2901/7533 4951/7532 2910/7528
f 2901/3273 2910/3288 2896/3268
f 2901/3273 2897/3269 2903/3275
f 2901/3273 2896/3268 2897/3269
f 3029/4680 3829/4698 2478/4692
f 3029/6935 4122/6934 3829/6936
f 3029/4680 2478/4692 3820/4681
f 3029/6935 3030/6933 4122/6934
f 3189/5277 4125/5276 3184/5275
f 3189/3666 3185/3660 3186/3661
f 3189/5277 3184/5275 3185/5280
f 749/779 751/781 781/814
f 749/779 750/780 751/781
f 5073/8098 2707/8096 5072/8095
f 2707/8096 2713/8092 5072/8095
f 2707/3008 2700/3001 2713/3014
f 2707/3008 2699/3000 2700/3001
f 4770/8109 4771/8106 2711/8107
f 3026/8579 3023/8580 3163/8576
f 3026/3437 3022/3433 3023/3434
f 2682/2983 2685/2986 2678/2979
f 4951/7532 4948/7526 2910/7528
f 2910/7528 4948/7526 2368/7523
f 2910/3288 2368/3291 2908/3286
f 2910/3288 2908/3286 2896/3268
f 2903/7553 2478/7557 3829/7554
f 2903/3275 2902/3274 2478/3280
f 2903/3275 2897/3269 2902/3274
f 3035/6023 4471/6025 3952/6027
f 3035/4936 3952/4934 3953/4935
f 3035/4936 3953/4935 3034/4937
f 2711/8107 4771/8106 4034/8105
f 2711/5105 4034/5095 2704/5103
f 2711/3012 2704/3005 2701/3002
f 4775/6917 4776/6919 4772/6909
f 4775/8121 4326/8120 4777/8113
f 4775/6917 4777/6920 4776/6919
f 4204/5442 4195/5433 4205/5443
f 4204/5442 4201/5439 4195/5433
f 4471/6025 3186/6035 4472/6028
f 4471/6025 4472/6028 3952/6027
f 4125/5276 4123/5268 4121/5266
f 4125/5276 4121/5266 3184/5275
f 782/815 785/818 786/819
f 782/815 780/813 778/811
f 782/815 783/816 785/818
f 782/815 778/811 783/816
f 5072/8095 2713/8092 5071/8091
f 3503/4107 3519/4123 3520/4124
f 3503/4107 3502/4106 3519/4123
f 3161/5700 2548/5702 4323/5701
f 3161/3625 2547/3626 2548/3627
f 3161/3625 3160/3624 2547/3626
f 3019/3430 3018/3429 3022/3433
f 3019/3430 3009/3420 3018/3429
f 2650/2951 2627/2928 2628/2929
f 2650/2951 2628/2929 2654/2955
f 3981/7543 4949/7527 4947/7524
f 3981/7543 3991/7542 4949/7527
f 4948/7526 4947/7524 2368/7523
f 3829/5269 4122/5267 4123/5268
f 4356/5777 786/5779 785/5778
f 4356/5777 785/5778 4343/5755
f 4356/5777 4354/5774 4355/5776
f 4356/5777 4343/5755 4354/5774
f 780/813 781/814 779/812
f 780/813 779/812 778/811
f 3492/8093 5071/8091 5070/8089
f 3492/8093 5070/8089 3496/8070
f 2713/8092 2720/8090 5071/8091
f 2713/3014 2714/3015 2720/3021
f 2713/3014 2700/3001 2714/3015
f 4772/6909 4773/6910 4771/6908
f 4772/8111 4776/8110 4773/8104
f 2167/2413 2165/2411 2179/2425
f 2167/2413 2166/2412 2165/2411
f 4323/5701 4324/5703 4326/5711
f 4323/5701 2548/5702 4324/5703
f 2541/5709 4205/5708 2545/5706
f 2541/2838 2545/2842 2544/2841
f 2541/2838 2544/2841 2540/2837
f 2247/2500 2249/2502 2253/2506
f 2247/2500 2248/2501 2249/2502
f 2287/2540 2292/2546 2281/2534
f 2287/2540 2281/2534 2286/2539
f 2272/2525 2276/2529 2273/2526
f 2272/2559 2286/2539 2279/2562
f 2272/2525 2279/2532 2276/2529
f 2368/7523 4947/7524 2366/7525
f 2368/2630 2366/2628 2367/2629
f 2368/3291 2367/3292 2908/3286
f 3951/6029 3952/6027 4472/6028
f 3951/4931 3949/4929 3952/4934
f 3951/6029 4472/6028 3178/6030
f 3951/4931 3833/4927 3949/4929
f 781/814 751/781 779/812
f 3495/4099 3496/4100 3501/4105
f 3495/4099 3501/4105 3499/4103
f 2554/2851 2551/2848 2553/2850
f 2554/2851 2553/2850 2556/2853
f 3990/4987 2664/4992 3991/4988
f 3990/4987 2663/4991 2664/4992
f 3827/4695 3820/4681 3826/4694
f 3827/4695 3826/4694 3831/4701
f 3186/6035 3179/6034 4472/6028
f 3186/3661 3185/3660 3179/3654
f 2632/2933 2634/2935 2624/2925
f 2632/2933 2624/2925 2623/2924
f 2273/2526 2276/2529 2251/2504
f 3952/4934 3949/4929 3953/4935
f 2478/4692 2477/4693 3820/4681
f 2478/2746 2476/2744 2477/2745
f 2478/3280 2902/3274 2476/3284
f 4123/5268 4122/5267 4121/5266
f 5071/8091 2720/8090 5070/8089
f 4771/8106 4773/8104 4034/8105
f 4326/5711 4324/5703 4198/5741
f 4326/8120 4198/8119 4777/8113
f 2548/5702 2545/5706 4324/5703
f 2548/2845 2544/2841 2545/2842
f 2548/2845 2547/2844 2544/2841
f 2545/5706 4205/5708 4206/5707
f 2545/5706 4206/5707 4324/5703
f 4205/5443 4195/5433 4206/5444
f 4201/5439 4194/5432 4195/5433
f 4201/5439 4197/5435 4194/5432
f 4201/5439 4207/5446 4197/5435
f 4947/7524 4949/7527 2366/7525
f 3178/6030 4472/6028 3179/6034
f 3178/3652 3179/3654 3173/3646
f 2720/8090 2177/8081 5070/8089
f 2720/3021 2227/3022 2177/3027
f 2720/3021 2714/3015 2227/3022
f 2173/2419 2169/2415 2172/2418
f 2173/8117 2558/8116 5069/8078
f 2173/2419 2177/2423 2169/2415
f 2173/8117 5069/8078 2177/8081
f 3022/3433 3021/3432 3023/3434
f 3022/3433 3018/3429 3021/3432
f 4239/5479 4233/5473 4229/5469
f 4239/5479 3532/5482 4233/5473
f 2305/2561 2294/2548 2292/2546
f 2305/4735 3188/4734 2294/4733
f 3991/7542 4950/7530 4949/7527
f 3991/7542 2664/7541 4950/7530
f 2366/7525 4949/7527 2280/7529
f 2366/2628 2280/2563 2359/2621
f 2366/2628 2359/2621 2367/2629
f 3030/6933 4119/6932 4122/6934
f 3030/6933 3034/6928 4119/6932
f 465/5793 4361/5785 466/5794
f 465/473 466/474 458/463
f 3496/8070 5070/8089 5068/8069
f 3496/8070 5068/8069 3501/8068
f 4034/8105 4773/8104 4033/8103
f 4034/5095 4032/5092 2704/5103
f 4034/5095 4033/5093 4032/5092
f 3009/3420 3005/3408 3010/3421
f 3009/3420 3010/3421 3018/3429
f 4324/5703 4206/5707 4198/5741
f 3820/4681 2477/4693 3826/4694
f 3185/3660 3180/3655 3179/3654
f 3185/3660 3184/3659 3182/3657
f 3185/3660 3182/3657 3180/3655
f 4122/5267 4119/5263 4121/5266
f 3023/3623 3021/3636 3160/3624
f 3520/4124 3527/4131 3526/4130
f 3520/4124 3519/4123 3527/4131
f 2179/2425 2180/2426 2186/2432
f 2179/2425 2165/2411 2180/2426
f 4206/5444 4195/5433 4190/5428
f 4206/5444 4190/5428 4198/5436
f 2253/2506 2254/2507 2255/2508
f 2253/2506 2249/2502 2254/2507
f 2279/2532 2280/2533 2276/2529
f 2279/2562 2283/2536 2280/2563
f 2279/2562 2286/2539 2283/2536
f 750/780 752/782 751/781
f 750/780 759/789 752/782
f 2172/2418 2169/2415 2166/2412
f 2558/8116 2556/8115 5069/8078
f 4777/8113 4198/8119 4184/8114
f 4777/8113 4192/8112 4776/8110
f 4777/8113 4184/8114 4192/8112
f 4195/5433 4194/5432 4190/5428
f 3831/4701 3830/4699 3833/4704
f 3831/4701 3826/4694 3830/4699
f 3179/3654 3180/3655 3173/3646
f 3184/5275 4121/5266 3183/5265
f 3184/3659 3183/3658 3182/3657
f 3499/4103 3501/4105 3516/4120
f 3499/4103 3516/4120 3502/4106
f 4198/5436 4190/5428 4184/5422
f 2551/2848 2529/2825 2550/2847
f 2551/2848 2550/2847 2553/2850
f 2627/2928 2623/2924 2626/2927
f 2627/2928 2626/2927 2628/2929
f 2663/2964 2656/2957 2664/2965
f 2663/2964 2654/2955 2656/2957
f 4949/7527 4950/7530 2280/7529
f 2280/7529 4950/7530 2276/7531
f 2280/2563 2283/2536 2306/2564
f 2280/2563 2306/2564 2359/2621
f 5070/8089 2177/8081 5068/8069
f 2177/8081 5069/8078 5068/8069
f 2177/2423 2156/2402 2169/2415
f 2177/2423 2227/2479 2195/2441
f 2177/2423 2195/2441 2156/2402
f 4776/8110 5074/8102 4773/8104
f 4776/8110 4192/8112 5074/8102
f 3005/3408 3002/3405 3007/3411
f 3005/3408 3007/3411 3010/3421
f 4190/5428 4194/5432 4185/5423
f 4190/5428 4185/5423 4184/5422
f 2634/2935 2636/2937 2630/2931
f 2634/2935 2630/2931 2624/2925
f 2251/2504 2260/2513 2248/2501
f 2251/2504 2276/2529 2260/2513
f 2292/2546 2293/2547 2281/2534
f 2292/2546 2294/2548 2293/2547
f 3833/5491 2268/5490 2267/5492
f 3833/4927 2479/4928 3949/4929
f 3833/4704 3830/4699 2479/4702
f 3833/4927 2267/4933 2479/4928
f 4121/5266 4119/5263 3183/5265
f 4773/8104 5074/8102 4033/8103
f 2286/2539 2281/2534 2283/2536
f 2897/3269 2896/3268 2890/3262
f 2897/3269 2900/3272 2902/3274
f 2897/3269 2890/3262 2900/3272
f 785/6631 3454/6632 4343/6633
f 785/4999 3457/5000 3454/5001
f 785/4999 783/5002 3457/5000
f 3454/6632 3455/6634 4343/6633
f 3454/4048 3451/4045 3455/4049
f 3454/4048 3457/4051 3456/4050
f 3454/4048 3452/4046 3451/4045
f 3454/4048 3456/4050 3452/4046
f 2699/3000 2701/3002 2697/2998
f 2699/3000 2689/2990 2700/3001
f 2699/3000 2697/2998 2689/2990
f 2701/3002 2704/3005 2703/3004
f 2701/3002 2703/3004 2697/2998
f 3018/3429 3016/3427 3021/3432
f 3018/3429 3010/3421 3016/3427
f 2186/3412 2189/3413 3001/3404
f 2186/2432 2180/2426 2189/2435
f 4229/5469 4221/5461 4220/5460
f 4229/5469 4233/5473 4221/5461
f 4194/5432 4187/5425 4185/5423
f 4194/5432 4197/5435 4187/5425
f 2255/2508 2256/2509 2268/2521
f 2255/2508 2254/2507 2256/2509
f 3180/3655 3182/3657 3173/3646
f 2477/4693 2469/4697 3826/4694
f 2477/2745 2476/2744 2464/2732
f 2477/2745 2464/2732 2469/2737
f 3034/6928 4120/6930 4119/6932
f 3034/6928 3953/6929 4120/6930
f 2896/3268 2908/3286 2891/3263
f 2896/3268 2891/3263 2890/3262
f 4119/5263 4120/5264 3183/5265
f 3501/8068 5068/8069 5067/8067
f 3501/8068 5067/8067 3516/8066
f 4184/5422 4185/5423 4186/5424
f 4184/5422 4186/5424 4192/5430
f 3001/3404 2999/3402 3002/3405
f 3001/3404 3000/3403 2999/3402
f 3001/3404 2189/3413 3000/3403
f 3002/3405 2999/3402 3007/3411
f 3188/4734 3177/4736 3841/4728
f 3188/4734 3841/4728 2294/4733
f 2664/7541 4954/7540 4950/7530
f 2664/7541 2656/7539 4954/7540
f 2700/3001 2691/2992 2714/3015
f 2700/3001 2689/2990 2691/2992
f 2704/5103 4032/5092 4030/5090
f 2704/5103 4030/5090 2703/5104
f 2166/2412 2169/2415 2164/2410
f 2166/2412 2164/2410 2165/2411
f 3526/4130 3530/4134 3532/4136
f 3526/4130 3527/4131 3530/4134
f 3160/3624 3021/3636 3017/3629
f 3160/3624 2546/3628 2547/3626
f 3160/3624 3017/3629 2546/3628
f 4185/5423 4187/5425 4186/5424
f 2529/2825 2526/2822 2528/2824
f 2529/2825 2528/2824 2550/2847
f 2908/3286 2367/3292 2909/3287
f 2908/3286 2909/3287 2891/3263
f 3182/3657 3183/3658 3181/3656
f 3182/3657 3181/3656 3173/3646
f 4033/5093 4031/5091 4032/5092
f 4033/8103 5074/8102 3017/8088
f 4033/5093 3017/5094 4031/5091
f 3021/3432 3016/3427 3017/3428
f 4192/5430 4186/5424 4191/5429
f 4192/8112 4191/8101 5074/8102
f 2636/2937 2678/2979 2669/2970
f 2636/2937 2669/2970 2630/2931
f 2268/2521 2256/2509 2267/2520
f 3949/4929 3950/4930 3953/4935
f 3949/4929 2479/4928 3950/4930
f 3826/4694 2469/4697 3830/4699
f 2902/3274 2472/3283 2476/3284
f 2902/3274 2900/3272 2472/3283
f 4950/7530 4954/7540 2276/7531
f 5068/8069 5069/8078 5067/8067
f 3502/4106 3516/4120 3522/4126
f 3502/4106 3522/4126 3519/4123
f 2556/8115 2555/8077 5069/8078
f 2556/8115 2553/8118 2555/8077
f 4186/5424 4187/5425 4188/5426
f 4186/5424 4188/5426 4191/5429
f 2248/2501 2257/2510 2249/2502
f 2248/2501 2260/2513 2257/2510
f 3177/3650 3172/3645 3176/3649
f 3177/4736 3176/4729 3841/4728
f 2678/2979 2685/2986 2677/2978
f 2678/2979 2677/2978 2669/2970
f 3172/3645 3173/3646 3174/3647
f 3172/3645 3174/3647 3176/3649
f 2685/2986 2680/2981 2677/2978
f 3953/6929 4124/6931 4120/6930
f 3953/6929 3950/6937 4124/6931
f 3183/5265 4120/5264 3181/5270
f 2714/3015 2715/3016 2227/3022
f 2714/3015 2691/2992 2715/3016
f 2547/2844 2542/2839 2544/2841
f 2547/2844 2546/2843 2542/2839
f 3010/3421 3008/3419 3016/3427
f 3010/3421 3007/3411 3008/3419
f 2540/2837 2531/2827 2530/2826
f 2540/2837 2544/2841 2538/2835
f 2540/2837 2538/2835 2531/2827
f 2526/2822 2530/2826 2527/2823
f 2526/2822 2527/2823 2528/2824
f 2530/2826 2531/2827 2527/2823
f 4220/5460 4213/5453 4207/5446
f 4220/5460 4221/5461 4213/5453
f 2623/2924 2624/2925 2625/2926
f 2623/2924 2625/2926 2626/2927
f 2654/2955 2648/2949 2656/2957
f 2654/2955 2628/2929 2648/2949
f 2276/7531 4954/7540 2260/7555
f 2281/2534 2282/2535 2283/2536
f 2281/2534 2293/2547 2282/2535
f 3173/3646 3181/3656 3175/3648
f 3173/3646 3175/3648 3174/3647
f 2367/2629 2359/2621 2365/2627
f 2367/3292 2365/3293 2909/3287
f 2476/2744 2472/2740 2464/2732
f 4032/5092 4031/5091 4030/5090
f 5074/8102 4191/8101 3017/8088
f 2544/2841 2542/2839 2538/2835
f 4120/5264 4124/5271 3181/5270
f 2169/2415 2152/2398 2164/2410
f 2169/2415 2156/2402 2152/2398
f 2165/2411 2164/2410 2163/2409
f 2165/2411 2163/2409 2180/2426
f 2283/2536 2282/2535 2284/2537
f 2283/2536 2284/2537 2306/2564
f 4361/5785 4355/5776 4360/5784
f 4361/5785 4360/5784 466/5794
f 3516/8066 5067/8067 5066/8065
f 3516/8066 5066/8065 3522/8064
f 3532/5482 4234/5474 4233/5473
f 3532/5482 3530/5480 4234/5474
f 2656/7539 4953/7537 4954/7540
f 2656/7539 2648/7534 4953/7537
f 2294/2548 2301/2555 2293/2547
f 2294/4733 3841/4728 2301/4731
f 3830/4699 2469/4697 2423/4700
f 3830/4699 2423/4700 2479/4702
f 2469/2737 2464/2732 2417/2681
f 2469/2737 2417/2681 2423/2687
f 778/811 779/812 777/810
f 778/811 768/801 783/816
f 778/811 777/810 768/801
f 751/781 753/783 779/812
f 751/781 752/782 753/783
f 3181/5270 4124/5271 3175/5272
f 4355/5776 4354/5774 4351/5771
f 4355/5776 4351/5771 4360/5784
f 2227/2479 2226/2478 2195/2441
f 2227/3022 2715/3016 2226/3023
f 3017/3428 3016/3427 2979/3380
f 3017/5094 4028/5085 4031/5091
f 3017/5094 2979/5099 2981/5098
f 3017/5094 2981/5098 4028/5085
f 4187/5425 4197/5435 4196/5434
f 4187/5425 4189/5427 4188/5426
f 4187/5425 4196/5434 4189/5427
f 4207/5446 4203/5441 4197/5435
f 4207/5446 4213/5453 4203/5441
f 2249/2502 2258/2511 2254/2507
f 2249/2502 2257/2510 2258/2511
f 2359/2621 2306/2564 2350/2612
f 2359/2621 2350/2612 2365/2627
f 4124/6931 3950/6937 4118/6938
f 4124/5271 4118/5262 3175/5272
f 3016/3427 3008/3419 2979/3380
f 4191/5429 4188/5426 4193/5431
f 4191/5429 4193/5431 4200/5438
f 3007/3411 2999/3402 2995/3397
f 3007/3411 2995/3397 3008/3419
f 4197/5435 4203/5441 4196/5434
f 4954/7540 4953/7537 2260/7555
f 5067/8067 5069/8078 5066/8065
f 5069/8078 2555/8077 5066/8065
f 3519/4123 3522/4126 3525/4129
f 3519/4123 3525/4129 3527/4131
f 2553/2850 2550/2847 2552/2849
f 2553/2850 2552/2849 2555/2852
f 4188/5426 4189/5427 4193/5431
f 2624/2925 2630/2931 2629/2930
f 2624/2925 2629/2930 2625/2926
f 3950/5261 2479/5260 4117/5259
f 3950/5261 4117/5259 4118/5262
f 2464/2732 2420/2684 2417/2681
f 2464/2732 2472/2740 2465/2733
f 2464/2732 2465/2733 2420/2684
f 2164/2410 2151/2397 2163/2409
f 2164/2410 2152/2398 2151/2397
f 2180/2426 2183/2429 2189/2435
f 2180/2426 2163/2409 2183/2429
f 2546/2843 2543/2840 2542/2839
f 2293/2547 2295/2549 2282/2535
f 2293/2547 2301/2555 2295/2549
f 2417/2681 2419/2683 2423/2687
f 2417/2681 2418/2682 2419/2683
f 2417/2681 2420/2684 2418/2682
f 779/812 776/809 777/810
f 779/812 753/783 776/809
f 4031/5091 4027/5084 4030/5090
f 4031/5091 4028/5085 4027/5084
f 2628/2929 2647/2948 2648/2949
f 2628/2929 2626/2927 2647/2948
f 4354/5774 4343/5755 4339/5775
f 4354/5774 4339/5775 4012/5769
f 4354/5774 4012/5769 4351/5771
f 4343/5755 3455/5754 4341/5750
f 4343/5755 4341/5750 4339/5775
f 3455/5754 3451/5751 4341/5750
f 2697/2998 2695/2996 2689/2990
f 2697/2998 2703/3004 2702/3003
f 2697/2998 2702/3003 2695/2996
f 2195/2441 2194/2440 2156/2402
f 2195/2441 2226/2478 2194/2440
f 4233/5473 4224/5464 4221/5461
f 4233/5473 4234/5474 4224/5464
f 2999/3402 3000/3403 2996/3398
f 2999/3402 2996/3398 2995/3397
f 2254/2507 2259/2512 2256/2509
f 2254/2507 2258/2511 2259/2512
f 2282/2535 2285/2538 2284/2537
f 2282/2535 2295/2549 2285/2538
f 2306/2564 2284/2537 2314/2572
f 2306/2564 2314/2572 2350/2612
f 2479/4702 2423/4700 2424/4705
f 2479/2753 2424/2688 2436/2700
f 2479/5260 2436/5257 4117/5259
f 3175/5272 4118/5262 2679/5273
f 3175/3648 2679/3653 3174/3647
f 2890/3262 2891/3263 2892/3264
f 2890/3262 2899/3271 2900/3272
f 2890/3262 2892/3264 2899/3271
f 783/7501 3456/7502 3457/7503
f 783/7501 793/7504 3456/7502
f 783/816 784/817 793/826
f 783/816 768/801 784/817
f 2689/2990 2690/2991 2691/2992
f 2689/2990 2695/2996 2690/2991
f 4118/5262 4117/5259 2679/5273
f 2703/5104 4030/5090 4025/5081
f 2703/5104 4025/5081 2702/5102
f 3522/8064 5066/8065 5065/8063
f 3522/8064 5065/8063 3525/8060
f 2189/3413 2192/3414 3000/3403
f 2189/2435 2183/2429 2192/2438
f 3000/3403 2192/3414 2996/3398
f 2260/7555 4953/7537 2257/7545
f 2423/2687 2419/2683 2424/2688
f 2891/3263 2909/3287 2893/3265
f 2891/3263 2893/3265 2892/3264
f 2900/3272 2473/3281 2472/3283
f 2900/3272 2899/3271 2473/3281
f 2550/2847 2528/2824 2549/2846
f 2550/2847 2549/2846 2552/2849
f 4193/5431 4189/5427 4199/5437
f 4193/5431 4199/5437 4200/5438
f 2648/7534 4952/7536 4953/7537
f 2648/7534 2647/7535 4952/7536
f 2630/2931 2669/2970 2631/2932
f 2630/2931 2631/2932 2629/2930
f 3841/4728 3176/4729 2436/4730
f 3841/4728 2436/4730 2301/4731
f 2680/2981 2671/2972 2677/2978
f 2680/2981 2679/2980 2671/2972
f 2691/2992 2692/2993 2715/3016
f 2691/2992 2690/2991 2692/2993
f 2163/2409 2161/2407 2183/2429
f 2163/2409 2151/2397 2161/2407
f 3008/3419 2995/3397 2982/3383
f 3008/3419 2982/3383 2979/3380
f 2542/2839 2539/2836 2538/2835
f 2542/2839 2543/2840 2539/2836
f 2256/2509 2261/2514 2267/2520
f 2256/2509 2259/2512 2261/2514
f 2267/2520 2261/2514 2269/2522
f 3174/3647 2679/3653 3176/3649
f 2156/2402 2155/2401 2152/2398
f 2156/2402 2194/2440 2155/2401
f 5066/8065 2555/8077 5065/8063
f 3527/4131 3525/4129 3536/4142
f 3527/4131 3536/4142 3530/4134
f 3176/4729 2679/4732 2436/4730
f 2909/3287 2365/3293 2907/3285
f 2909/3287 2907/3285 2893/3265
f 4953/7537 4952/7536 2257/7545
f 2301/4731 2313/4737 2295/4738
f 2301/4731 2436/4730 2313/4737
f 2284/2537 2285/2538 2300/2554
f 2284/2537 2300/2554 2314/2572
f 2472/2740 2473/2741 2465/2733
f 453/458 468/477 454/459
f 453/7347 4896/7346 468/7348
f 453/7347 458/7343 4896/7346
f 188/192 191/195 181/185
f 188/192 182/186 189/193
f 188/192 181/185 180/184
f 188/192 180/184 182/186
f 4030/5090 4027/5084 4025/5081
f 4221/5461 4218/5458 4213/5453
f 4221/5461 4224/5464 4218/5458
f 2538/2835 2534/2830 2531/2827
f 2538/2835 2539/2836 2534/2830
f 2295/2549 2296/2550 2285/2538
f 2295/2549 2313/2571 2296/2550
f 2669/2970 2677/2978 2671/2972
f 2669/2970 2671/2972 2631/2932
f 2424/2688 2435/2699 2436/2700
f 2424/2688 2419/2683 2422/2686
f 2424/2688 2422/2686 2435/2699
f 468/477 469/478 454/459
f 468/7414 2824/7413 469/7411
f 468/7414 4896/7416 2826/7415
f 468/7414 2826/7415 2824/7413
f 191/195 194/198 187/191
f 191/195 187/191 181/185
f 762/7629 3151/7631 761/7632
f 762/7629 307/7630 3151/7631
f 762/7629 766/7634 307/7630
f 3151/7631 3149/7633 761/7632
f 3151/3612 3150/3611 3149/3610
f 3151/3612 307/3614 3152/3613
f 3151/3612 3152/3613 3150/3611
f 2528/2824 2527/2823 2535/2831
f 2528/2824 2535/2831 2549/2846
f 2531/2827 2532/2828 2527/2823
f 2531/2827 2534/2830 2532/2828
f 2436/4730 2316/4739 2313/4737
f 2436/5257 2269/5258 4117/5259
f 2436/2700 2435/2699 2316/2751
f 469/7060 461/7062 454/7063
f 469/7411 2824/7413 2818/7410
f 469/7411 2818/7410 4808/7409
f 469/7060 4808/7061 461/7062
f 458/7343 4368/7345 4896/7346
f 458/7343 466/7344 4368/7345
f 766/7634 298/7635 307/7630
f 766/7634 257/7636 298/7635
f 2715/3016 2716/3017 2226/3023
f 2715/3016 2692/2993 2716/3017
f 761/6733 3149/6732 759/6731
f 3149/6732 3147/6728 759/6731
f 3149/3610 3148/3609 3147/3608
f 3149/3610 3150/3611 3148/3609
f 2152/2398 2150/2396 2151/2397
f 2152/2398 2155/2401 2150/2396
f 2626/2927 2649/2950 2647/2948
f 2626/2927 2625/2926 2649/2950
f 194/198 212/216 192/196
f 194/198 192/196 187/191
f 4896/7416 2827/7417 2826/7415
f 4896/7416 4368/7418 2827/7417
f 189/193 190/194 201/205
f 189/193 182/186 190/194
f 307/3614 301/3596 3152/3613
f 307/311 298/302 301/305
f 3525/8060 5065/8063 5064/8061
f 3525/8060 5064/8061 3536/8062
f 2183/2429 2184/2430 2192/2438
f 2183/2429 2161/2407 2184/2430
f 2995/3397 2996/3398 2984/3385
f 2995/3397 2984/3385 2982/3383
f 2527/2823 2532/2828 2535/2831
f 4189/5427 4196/5434 4202/5440
f 4189/5427 4202/5440 4199/5437
f 2365/2627 2350/2612 2364/2626
f 2365/3293 2364/3295 2907/3285
f 759/6731 3147/6728 752/6730
f 3147/3608 3148/3609 3146/3607
f 3147/6728 3145/6729 752/6730
f 3147/3608 3146/3607 3145/3606
f 201/205 204/208 213/217
f 201/205 190/194 204/208
f 4341/5750 3451/5751 4342/5752
f 4341/5750 4342/5752 4339/5775
f 3451/4045 3452/4046 3439/4033
f 3451/5751 3438/5753 4342/5752
f 3451/4045 3439/4033 3438/4032
f 3452/4046 3456/4050 3439/4033
f 793/4478 3458/4479 3456/4480
f 793/826 784/817 794/827
f 793/4478 794/4481 3458/4479
f 3456/4050 3458/4052 3439/4033
f 2555/8077 2552/8071 5065/8063
f 4213/5453 4208/5447 4203/5441
f 4213/5453 4218/5458 4208/5447
f 2285/2538 2296/2550 2298/2552
f 2285/2538 2298/2552 2300/2554
f 2695/2996 2696/2997 2690/2991
f 2695/2996 2702/3003 2698/2999
f 2695/2996 2698/2999 2696/2997
f 2151/2397 2149/2395 2161/2407
f 2151/2397 2150/2396 2149/2395
f 5065/8063 2552/8071 5064/8061
f 3530/5480 3536/5481 4237/5477
f 3530/5480 4237/5477 4234/5474
f 2979/3380 2982/3383 2980/3381
f 2979/3380 2980/3381 2981/3382
f 4196/5434 4203/5441 4202/5440
f 2647/7535 2665/7538 4952/7536
f 2647/2948 2649/2950 2665/2966
f 2313/2571 2309/2567 2296/2550
f 2313/2571 2316/2574 2309/2567
f 2892/3264 2898/3270 2899/3271
f 2892/3264 2893/3265 2894/3266
f 2892/3264 2894/3266 2898/3270
f 2690/2991 2693/2994 2692/2993
f 2690/2991 2696/2997 2693/2994
f 2226/2478 2225/2477 2194/2440
f 2226/3023 2716/3017 2225/3024
f 2192/3414 2193/3389 2996/3398
f 2192/2438 2184/2430 2193/2439
f 2996/3398 2193/3389 2984/3385
f 4203/5441 4208/5447 4202/5440
f 2257/7545 4952/7536 2258/7546
f 2899/3271 2475/3276 2473/3281
f 2899/3271 2898/3270 2475/3276
f 4339/7342 3936/7339 4359/7341
f 4339/5746 3937/5747 3936/5748
f 4339/5775 4359/5783 4012/5769
f 4339/5746 4340/5749 3937/5747
f 4339/5775 4342/5752 4340/5781
f 3936/7339 3938/7340 4359/7341
f 3936/4898 3937/4899 3938/4900
f 784/6891 3678/6893 3677/6894
f 784/5668 3677/5665 795/5667
f 784/6891 768/6892 3678/6893
f 784/817 795/828 794/827
f 3677/4366 3678/4367 3679/4368
f 3677/5665 3679/5666 795/5667
f 2702/5102 4025/5081 2719/5079
f 2702/3003 2719/3020 2698/2999
f 4952/7536 2665/7538 2258/7546
f 4117/5259 2269/5258 2679/5273
f 2350/2612 2314/2572 2351/2613
f 2350/2612 2351/2613 2364/2626
f 2893/3265 2907/3285 2895/3267
f 2893/3265 2895/3267 2894/3266
f 4360/5784 4363/5791 466/5794
f 4360/5784 4351/5771 4352/5772
f 4360/5784 4352/5772 4363/5791
f 2692/2993 2694/2995 2716/3017
f 2692/2993 2693/2994 2694/2995
f 753/783 752/782 754/784
f 753/783 774/807 776/809
f 753/783 754/784 774/807
f 2161/2407 2160/2406 2184/2430
f 2161/2407 2149/2395 2160/2406
f 2296/2550 2309/2567 2299/2553
f 2296/2550 2299/2553 2298/2552
f 2473/2741 2463/2731 2465/2733
f 2473/2741 2462/2730 2463/2731
f 2473/2741 2475/2743 2462/2730
f 4025/5081 4027/5084 4026/5082
f 4025/5081 4026/5082 4022/5077
f 4025/5081 4022/5077 2719/5079
f 3536/8062 5064/8061 4240/8072
f 3536/5481 4240/5485 4237/5477
f 2625/2926 2657/2958 2649/2950
f 2625/2926 2629/2930 2657/2958
f 2316/2574 2315/2573 2309/2567
f 2316/2751 2435/2699 2315/2752
f 2679/2980 2672/2973 2671/2972
f 2679/5273 2269/5258 2672/5274
f 2419/2683 2421/2685 2422/2686
f 2419/2683 2418/2682 2421/2685
f 2907/3285 2364/3295 2911/3289
f 2907/3285 2911/3289 2895/3267
f 2824/3164 2823/3163 2818/3154
f 2824/3164 2826/3166 2825/3165
f 2824/3164 2825/3165 2823/3163
f 3150/3611 3152/3613 3153/3616
f 3150/3611 3155/3618 3148/3609
f 3150/3611 3153/3616 3155/3618
f 2465/2733 2463/2731 2432/2696
f 2465/2733 2432/2696 2420/2684
f 2818/3154 2823/3163 2817/3153
f 2818/3154 2817/3153 2816/3152
f 2818/7410 2816/7408 4808/7409
f 212/470 461/466 216/471
f 212/216 216/220 192/196
f 213/217 235/239 257/261
f 213/217 204/208 235/239
f 3152/3613 3136/3597 3153/3616
f 3152/3613 301/3596 3136/3597
f 2194/2440 2196/2442 2155/2401
f 2194/2440 2225/2477 2196/2442
f 3148/3609 3158/3621 3146/3607
f 3148/3609 3155/3618 3158/3621
f 4027/5084 3014/5083 4026/5082
f 4027/5084 4028/5085 3014/5083
f 2826/3166 2470/3167 2825/3165
f 2826/3166 2827/3168 2470/3167
f 4368/7345 466/7344 4367/7349
f 4368/7418 2822/7419 2827/7417
f 4368/5806 4367/5802 2822/5803
f 466/7344 4363/7350 4367/7349
f 2716/3017 2717/3018 2225/3024
f 2716/3017 2694/2995 2717/3018
f 752/6730 3145/6729 754/6734
f 3145/3606 3146/3607 3144/3605
f 3145/3606 3144/3605 3143/3604
f 3145/6729 3143/6735 754/6734
f 2184/3418 2190/3415 2193/3389
f 2184/2430 2160/2406 2190/2436
f 4234/5474 4237/5477 4230/5470
f 4234/5474 4230/5470 4224/5464
f 2982/3383 2984/3385 2983/3384
f 2982/3383 2983/3384 2980/3381
f 2314/2572 2300/2554 2319/2577
f 2314/2572 2319/2577 2351/2613
f 4351/5771 4012/5769 4349/5767
f 4351/5771 4349/5767 4352/5772
f 3146/3607 3158/3621 3157/3620
f 3146/3607 3157/3620 3144/3605
f 5064/8061 2552/8071 4240/8072
f 2649/2950 2670/2971 2665/2966
f 2649/2950 2657/2958 2670/2971
f 2309/2567 2315/2573 2310/2568
f 2309/2567 2310/2568 2299/2553
f 2435/2699 2422/2686 2426/2690
f 2435/2699 2369/2750 2315/2752
f 2435/2699 2426/2690 2369/2750
f 2422/2686 2421/2685 2426/2690
f 2258/7546 2665/7538 2259/7548
f 2364/2626 2351/2613 2363/2625
f 2364/3295 2363/3294 2911/3289
f 2463/2731 2433/2697 2432/2696
f 2463/2731 2462/2730 2433/2697
f 2823/6207 4536/6199 2817/6206
f 2823/6207 2825/6208 4538/6203
f 2823/6207 4538/6203 4536/6199
f 257/261 250/254 298/302
f 257/261 235/239 250/254
f 298/302 289/293 301/305
f 298/302 250/254 289/293
f 2696/2997 2710/3011 2693/2994
f 2696/2997 2698/2999 2712/3013
f 2696/2997 2712/3013 2710/3011
f 3155/6489 3153/6490 4654/6485
f 3155/7314 2722/7312 3158/7311
f 3155/6489 4654/6485 2722/6488
f 4026/5082 3014/5083 3013/5076
f 4026/5082 3013/5076 4022/5077
f 2552/8071 2549/8073 4240/8072
f 2193/3389 2986/3387 2984/3385
f 2193/3389 2190/3415 2986/3387
f 2984/3385 2986/3387 2983/3384
f 2894/3266 2904/3277 2898/3270
f 2894/3266 2895/3267 2905/3278
f 2894/3266 2905/3278 2904/3277
f 2898/3270 2474/3282 2475/3276
f 2898/3270 2904/3277 2474/3282
f 2817/6206 4536/6199 4537/6201
f 2817/6206 4537/6201 2815/6209
f 2817/3153 2815/3151 2816/3152
f 3153/6490 2721/6491 4654/6485
f 3153/6490 3136/6492 2721/6491
f 2693/2994 2710/3011 2708/3009
f 2693/2994 2708/3009 2694/2995
f 3158/7311 2722/7312 4890/7308
f 3158/7311 4890/7308 3157/7310
f 2698/5106 4024/5080 2712/5107
f 2698/5106 2719/5079 4024/5080
f 2155/2401 2154/2400 2150/2396
f 2155/2401 2196/2442 2154/2400
f 2665/7538 2670/7549 2259/7548
f 2629/2930 2631/2932 2668/2969
f 2629/2930 2668/2969 2657/2958
f 2671/2972 2672/2973 2631/2932
f 4808/7061 216/7064 461/7062
f 4808/7409 2816/7408 4809/7407
f 4808/7061 4809/7065 216/7064
f 2825/6208 2467/6212 4538/6203
f 2825/6208 2470/6213 2467/6212
f 768/6878 3679/6879 3678/6880
f 768/6053 4476/6049 795/6052
f 768/6878 795/6881 3679/6879
f 776/809 774/807 769/802
f 4028/5085 2997/5097 3014/5083
f 4028/5085 2981/5098 2997/5097
f 4237/5477 4240/5485 4231/5471
f 4237/5477 4231/5471 4230/5470
f 4199/5437 4202/5440 4212/5452
f 2315/2573 2369/2631 2310/2568
f 2269/7559 2261/7550 2672/7558
f 2420/2684 2432/2696 2430/2694
f 2420/2684 2430/2694 2418/2682
f 4359/7284 3938/7281 4340/7283
f 4359/5783 4340/5781 4012/5769
f 3938/7281 3937/7282 4340/7283
f 2225/2477 2224/2476 2196/2442
f 2225/3024 2717/3018 2224/3025
f 2710/8497 4890/8498 2722/8499
f 2710/3011 2722/3030 2708/3009
f 2710/7322 2712/7306 4890/7308
f 2722/6488 4654/6485 2708/6487
f 3157/7310 4890/7308 4889/7307
f 3157/7310 4889/7307 3156/7313
f 3157/3620 3156/3619 3144/3605
f 2672/2973 2668/2969 2631/2932
f 2672/7558 2261/7550 2668/7556
f 2300/2554 2298/2552 2304/2560
f 2300/2554 2304/2560 2319/2577
f 4536/6199 2905/6200 4537/6201
f 4536/6199 2904/6202 2905/6200
f 4536/6199 4538/6203 2904/6202
f 2712/7306 4889/7307 4890/7308
f 2712/7306 4024/7309 4889/7307
f 4224/5464 4230/5470 4222/5462
f 4224/5464 4222/5462 4218/5458
f 2351/2613 2319/2577 2358/2620
f 2351/2613 2358/2620 2363/2625
f 2895/3267 2906/3279 2905/3278
f 2895/3267 2911/3289 2906/3279
f 4537/6201 2905/6200 2906/6205
f 4537/6201 2906/6205 2360/6210
f 4537/6201 2360/6210 2815/6209
f 2475/2743 2459/2727 2462/2730
f 2475/2743 2474/2742 2459/2727
f 2904/6202 4538/6203 2474/6204
f 4654/6485 2709/6486 2708/6487
f 4654/6485 2721/6491 2709/6486
f 2708/3009 2709/3010 2694/2995
f 2150/2396 2145/2391 2149/2395
f 2150/2396 2154/2400 2145/2391
f 2719/5079 4022/5077 4023/5078
f 2719/5079 4023/5078 4024/5080
f 2657/2958 2668/2969 2670/2971
f 2259/7548 2670/7549 2261/7550
f 4538/6203 2466/6214 2474/6204
f 4538/6203 2467/6212 2466/6214
f 180/184 181/185 168/172
f 180/184 171/175 182/186
f 180/184 168/172 170/174
f 180/184 170/174 171/175
f 2694/2995 2709/3010 2717/3018
f 4889/7307 4891/7315 3156/7313
f 4889/7307 4024/7309 4891/7315
f 3014/3425 2997/3400 2998/3401
f 3014/3425 2998/3401 3013/3424
f 4240/8072 2549/8073 4231/8074
f 2534/8082 4215/8080 2532/8079
f 2534/8082 4212/8083 4215/8080
f 2261/7550 2670/7549 2668/7556
f 2432/2696 2431/2695 2430/2694
f 2432/2696 2433/2697 2431/2695
f 2827/7417 2456/7420 2470/7421
f 2827/7417 2822/7419 2456/7420
f 181/185 187/191 169/173
f 181/185 169/173 168/172
f 4012/6885 3442/6887 3450/6888
f 4012/5052 3450/5051 4010/5047
f 4012/5769 4340/5781 4358/5782
f 4012/6885 4358/6886 3442/6887
f 4012/5769 4010/5768 4349/5767
f 3450/4044 3442/4036 3443/4037
f 3450/5051 3443/5048 4010/5047
f 3144/3605 3156/3619 3142/3603
f 3144/3605 3142/3603 3143/3604
f 182/186 186/190 190/194
f 182/186 171/175 186/190
f 301/3596 3133/3593 3136/3597
f 301/3596 289/3592 3133/3593
f 4476/6049 3466/6046 796/6048
f 4476/6699 3463/6700 3466/6701
f 4476/6049 796/6048 795/6052
f 4476/6699 4725/6698 3463/6700
f 2196/2442 2197/2443 2154/2400
f 2196/2442 2224/2476 2197/2443
f 3466/6046 3462/6047 796/6048
f 3466/4060 3463/4057 3462/4056
f 2981/3382 2989/3391 2997/3400
f 2981/3382 2980/3381 2989/3391
f 2549/8073 2535/8075 4231/8074
f 2149/2395 2148/2394 2160/2406
f 2149/2395 2145/2391 2148/2394
f 4230/5470 4231/5471 4223/5463
f 4230/5470 4223/5463 4222/5462
f 4218/5458 4214/5454 4208/5447
f 4218/5458 4222/5462 4214/5454
f 4202/5440 4208/5447 4212/5452
f 2298/2552 2299/2553 2302/2556
f 2298/2552 2302/2556 2304/2560
f 2816/3152 2815/3151 2814/3150
f 2816/7408 2814/7406 4809/7407
f 187/191 192/196 174/178
f 187/191 174/178 169/173
f 2319/2577 2304/2560 2320/2578
f 2319/2577 2320/2578 2358/2620
f 2418/2682 2430/2694 2425/2689
f 2418/2682 2425/2689 2421/2685
f 2911/3289 2362/3290 2906/3279
f 2911/3289 2363/3294 2362/3290
f 2906/6205 2362/6211 2360/6210
f 2462/2730 2437/2701 2433/2697
f 2462/2730 2459/2727 2437/2701
f 2470/2738 2455/2723 2467/2735
f 2470/2738 2456/2724 2455/2723
f 3156/7313 4891/7315 3154/7319
f 3156/3619 3154/3617 3142/3603
f 4022/5077 3013/5076 4021/5075
f 4022/5077 4021/5075 4023/5078
f 2532/8079 4223/8076 2535/8075
f 2532/8079 4215/8080 4223/8076
f 4208/5447 4214/5454 4212/5452
f 2474/2742 2466/2734 2459/2727
f 3136/6492 2228/6493 2721/6491
f 3136/6492 3133/6494 2228/6493
f 2709/3010 2718/3019 2717/3018
f 2709/3010 2721/3028 2718/3019
f 4024/7309 4892/7316 4891/7315
f 4024/7309 4023/7321 4892/7316
f 754/7569 3143/7568 775/7567
f 754/784 775/808 774/807
f 2997/3400 2989/3391 2991/3393
f 2997/3400 2991/3393 2998/3401
f 2535/8075 4223/8076 4231/8074
f 4212/5452 4214/5454 4215/5455
f 2815/6209 2360/6210 2357/6215
f 2815/3151 2357/3149 2814/3150
f 4363/7350 4365/7351 4367/7349
f 4363/5791 4352/5772 4353/5773
f 4363/5791 4353/5773 4365/5797
f 190/194 203/207 204/208
f 190/194 186/190 203/207
f 235/239 241/245 250/254
f 235/239 204/208 207/211
f 235/239 207/211 241/245
f 250/254 252/256 289/293
f 250/254 241/245 252/256
f 2717/3018 2718/3019 2224/3025
f 2154/2400 2146/2392 2145/2391
f 2154/2400 2197/2443 2146/2392
f 4891/7315 4892/7316 3110/7317
f 4891/7315 3110/7317 3154/7319
f 3143/3604 3142/3603 3141/3602
f 3143/7568 3141/7566 775/7567
f 2160/2406 2158/2404 2190/2436
f 2160/2406 2148/2394 2158/2404
f 3603/4238 3604/4241 3620/4266
f 3603/5070 3620/5071 4017/5066
f 3603/4238 2994/4240 3604/4241
f 3603/4238 3011/4239 2994/4240
f 3603/4238 3015/4242 3011/4239
f 3603/5070 4017/5066 3015/5069
f 2980/3381 2983/3384 2985/3386
f 2980/3381 2985/3386 2989/3391
f 3620/4266 3604/4241 3619/4265
f 3620/5071 3619/5110 3622/5109
f 3620/5071 3622/5109 3624/5108
f 3620/5071 3624/5108 4017/5066
f 2430/2694 2429/2693 2425/2689
f 2430/2694 2431/2695 2429/2693
f 4367/5802 2821/5799 2822/5803
f 4367/5802 4365/5797 2821/5799
f 4222/5462 4215/5455 4214/5454
f 4222/5462 4223/5463 4215/5455
f 2299/2553 2310/2568 2303/2557
f 2299/2553 2303/2557 2302/2556
f 2421/2685 2427/2691 2426/2690
f 2421/2685 2425/2689 2427/2691
f 2467/2735 2457/2725 2466/2734
f 2467/2735 2455/2723 2457/2725
f 4340/5781 4342/5752 4358/5782
f 795/828 796/829 794/827
f 4809/7065 193/7066 216/7064
f 4809/7407 2814/7406 291/7404
f 4809/7065 291/7067 193/7066
f 216/220 193/197 192/196
f 2721/3028 2228/3029 2718/3019
f 2190/3415 2185/3416 2986/3387
f 2190/2436 2158/2404 2185/2431
f 3013/3424 2998/3401 3011/3422
f 3013/3424 3011/3422 3015/3426
f 3013/5076 3015/5069 4021/5075
f 2983/3384 2986/3387 2987/3388
f 2983/3384 2987/3388 2985/3386
f 2304/5551 2302/5549 3755/5548
f 2304/8845 3755/8846 3757/8840
f 2304/2560 2321/2579 2320/2578
f 2304/8845 3757/8840 2321/8844
f 4258/5542 2966/5541 4257/5540
f 4258/5900 2970/5903 2966/5904
f 4258/5900 4257/5898 2468/5899
f 4258/5900 2468/5899 2461/5901
f 4258/5900 2461/5901 2460/5902
f 4258/5900 2460/5902 2970/5903
f 2433/2697 2434/2698 2431/2695
f 2433/2697 2437/2701 2434/2698
f 3611/4255 3618/4264 3610/4253
f 3611/4997 3992/4995 3618/4998
f 3611/4255 3610/4253 2153/4254
f 3611/4255 2153/4254 2147/4256
f 3611/4255 2147/4256 2157/4257
f 3611/4997 2157/4993 3992/4995
f 2986/3387 2185/3416 2987/3388
f 2426/2690 2370/2749 2369/2750
f 2426/2690 2427/2691 2370/2749
f 2966/5541 2958/5539 4257/5540
f 2966/3362 2957/3353 2958/3354
f 2966/3362 2969/3365 2957/3353
f 2966/3362 2970/3366 2969/3365
f 2360/2622 2362/2624 2356/2618
f 2360/2622 2356/2618 2357/2619
f 2145/2391 2147/2393 2148/2394
f 2145/2391 2146/2392 2147/2393
f 2989/3391 2985/3386 2990/3392
f 2989/3391 2990/3392 2991/3393
f 2310/2568 2369/2631 2311/2569
f 2310/2568 2311/2569 2303/2557
f 2363/3294 2361/3296 2362/3290
f 2363/2625 2358/2620 2361/2623
f 4352/5772 4349/5767 4348/5766
f 4352/5772 4348/5766 4353/5773
f 289/3592 2219/3589 3133/3593
f 289/3592 252/3588 2219/3589
f 2369/2631 2370/2632 2311/2569
f 2425/2689 2428/2692 2427/2691
f 2425/2689 2429/2693 2428/2692
f 2362/2624 2361/2623 2356/2618
f 774/807 771/804 769/802
f 774/807 775/808 771/804
f 3755/5548 2302/5549 2373/5547
f 3755/5548 2373/5547 3754/5546
f 3755/4540 3754/4539 3753/4538
f 3755/4540 3753/4538 3756/4541
f 3755/4540 3756/4541 3757/4542
f 2718/3019 2223/3026 2224/3025
f 2718/3019 2228/3029 2223/3026
f 2224/2476 2223/2475 2197/2443
f 3618/4264 3616/4262 3610/4253
f 3618/5514 1840/5515 3616/5516
f 3618/5514 1842/5512 1840/5515
f 3618/5514 3992/5513 1842/5512
f 3142/3603 3154/3617 3140/3601
f 3142/3603 3140/3601 3141/3602
f 2814/3150 2357/3149 2813/3148
f 2814/7406 2813/7403 291/7404
f 2822/3161 2453/3160 2456/3162
f 2822/3161 2821/3159 2453/3160
f 4358/6886 3438/6889 3442/6887
f 4358/6886 4342/6890 3438/6889
f 3442/4036 3438/4032 3441/4035
f 3442/4036 3441/4035 3443/4037
f 3133/6494 2220/6495 2228/6493
f 3133/6494 2219/6496 2220/6495
f 796/6048 3462/6047 794/6050
f 3462/6047 3458/6051 794/6050
f 3462/4056 3461/4055 3458/4052
f 3462/4056 3463/4057 3461/4055
f 4892/7316 4023/7321 3111/7318
f 4892/7316 3111/7318 3110/7317
f 2148/2394 2153/2399 2158/2404
f 2148/2394 2147/2393 2153/2399
f 2998/3401 2991/3393 2994/3396
f 2998/3401 2994/3396 3011/3422
f 2985/3386 2987/3388 2988/3390
f 2985/3386 2988/3390 2990/3392
f 2302/5549 2303/5550 2373/5547
f 2466/2734 2458/2726 2459/2727
f 2466/2734 2457/2725 2458/2726
f 3154/7319 3110/7317 3109/7320
f 3154/3617 3109/3546 3140/3601
f 3604/4241 3605/4244 3619/4265
f 3604/4241 2992/4243 3605/4244
f 3604/4241 2994/4240 2992/4243
f 2427/2691 2371/2747 2370/2749
f 2427/2691 2428/2692 2371/2747
f 2431/2695 2461/2729 2429/2693
f 2431/2695 2460/2728 2461/2729
f 2431/2695 2434/2698 2460/2728
f 2456/2724 2451/2718 2455/2723
f 2456/2724 2453/2720 2451/2718
f 204/208 203/207 207/211
f 2357/2619 2356/2618 2348/2609
f 2357/3149 2348/3146 2813/3148
f 170/174 168/172 163/167
f 170/174 160/164 171/175
f 170/174 163/167 157/161
f 170/174 157/161 160/164
f 3438/4032 3439/4033 3440/4034
f 3438/4032 3440/4034 3441/4035
f 3458/4052 3460/4054 3439/4033
f 3458/4052 3461/4055 3460/4054
f 2158/2404 2159/2405 2185/2431
f 2158/2404 2153/2399 2159/2405
f 2987/3388 2185/3416 2188/3417
f 2987/3388 2188/3417 2988/3390
f 3619/4265 3605/4244 3617/4263
f 3619/5110 3617/5119 3622/5109
f 168/172 169/173 167/171
f 168/172 167/171 163/167
f 4023/5078 3113/5086 3111/5088
f 4023/5078 4021/5075 3113/5086
f 2185/2431 2159/2405 2188/2434
f 2303/2557 2311/2569 2312/2570
f 2303/2557 2312/2570 2373/2635
f 2370/2632 2317/2575 2311/2569
f 2370/2632 2371/2633 2317/2575
f 192/196 193/197 174/178
f 2459/2727 2438/2702 2437/2701
f 2459/2727 2458/2726 2438/2702
f 171/175 184/188 186/190
f 171/175 160/164 184/188
f 4349/5767 4010/5768 4011/5758
f 4349/5767 4011/5758 4348/5766
f 2228/2481 2220/2472 2223/2475
f 3610/4253 3616/4262 3609/4251
f 3610/4253 3609/4251 2162/4252
f 3610/4253 2162/4252 2153/4254
f 4257/5540 2958/5539 4256/5538
f 4257/5898 4256/5896 2471/5897
f 4257/5898 2471/5897 2468/5899
f 2358/2620 2349/2611 2361/2623
f 2358/2620 2320/2578 2349/2611
f 769/802 771/804 770/803
f 2991/3393 2992/3394 2994/3396
f 2991/3393 2990/3392 2992/3394
f 3624/4282 3622/4280 3621/4279
f 3624/4282 3621/4279 3628/4288
f 3624/5108 3628/5116 4017/5066
f 2311/2569 2317/2575 2312/2570
f 2429/2693 2468/2736 2428/2692
f 2429/2693 2461/2729 2468/2736
f 2455/2723 2452/2719 2457/2725
f 2455/2723 2451/2718 2452/2719
f 207/211 240/244 241/245
f 207/211 203/207 206/210
f 207/211 206/210 240/244
f 241/245 249/253 252/256
f 241/245 240/244 249/253
f 2197/2443 2223/2475 2198/2444
f 2197/2443 2198/2444 2146/2392
f 2373/5547 4260/5545 3754/5546
f 2373/5910 2312/5908 4260/5909
f 2958/5539 2956/5537 4256/5538
f 2958/3354 2957/3353 2956/3352
f 2361/2623 2347/2608 2356/2618
f 2361/2623 2349/2611 2347/2608
f 2356/2618 2347/2608 2348/2609
f 169/173 174/178 173/177
f 169/173 173/177 167/171
f 3110/3547 3111/3548 3108/3545
f 3110/3547 3108/3545 3109/3546
f 3616/4262 3614/4260 3609/4251
f 3616/5516 1840/5515 3614/5517
f 3621/4279 3622/4280 3623/4281
f 3621/4279 3623/4281 3628/4288
f 3605/4244 3606/4246 3617/4263
f 3605/4244 2993/4245 3606/4246
f 3605/4244 2992/4243 2993/4245
f 4353/5773 4364/5796 4365/5797
f 4353/5773 4348/5766 4350/5770
f 4353/5773 4350/5770 4364/5796
f 2223/2475 2220/2472 2198/2444
f 291/295 290/294 193/197
f 291/7404 2813/7403 292/7401
f 291/295 292/296 290/294
f 193/197 290/294 174/178
f 4365/5797 2820/5798 2821/5799
f 4365/5797 4364/5796 2820/5798
f 186/190 205/209 203/207
f 186/190 184/188 205/209
f 3439/4033 3460/4054 3459/4053
f 3439/4033 3446/4040 3440/4034
f 3439/4033 3447/4041 3446/4040
f 3439/4033 3459/4053 3447/4041
f 775/7567 3141/7566 773/7565
f 775/808 773/806 771/804
f 3609/4251 3614/4260 3608/4249
f 3609/4251 3608/4249 2182/4250
f 3609/4251 2182/4250 2162/4252
f 2990/3392 2988/3390 2993/3395
f 2990/3392 2993/3395 2992/3394
f 2969/3365 2968/3364 2957/3353
f 2969/3365 2967/3363 2968/3364
f 2969/3365 2970/3366 2967/3363
f 406/5415 402/5419 400/5420
f 406/411 400/405 399/404
f 406/5415 642/5416 4183/5417
f 406/5415 404/5421 642/5416
f 406/5415 4183/5417 402/5419
f 406/411 399/404 404/409
f 252/3588 2203/3586 2219/3589
f 252/3588 249/3585 2203/3586
f 3141/3602 3140/3601 3139/3600
f 3141/7566 3139/7564 773/7565
f 3168/3638 3171/3643 3170/3642
f 3168/8552 5138/8554 3171/8555
f 3168/3638 3169/3639 685/3640
f 3168/3638 685/3640 697/3644
f 3168/3638 3170/3642 3169/3639
f 3168/8552 697/8553 5138/8554
f 3617/4263 3606/4246 3615/4261
f 3617/5119 3625/5120 3622/5109
f 3617/5528 3615/5523 3625/5526
f 3754/5546 4260/5545 3752/5544
f 3754/4539 3752/4537 3753/4538
f 4260/5545 4259/5543 3752/5544
f 4260/5909 2312/5908 4259/5895
f 3756/4541 3753/4538 3744/4525
f 3756/4541 3744/4525 3746/4527
f 3756/4541 3746/4527 3757/4542
f 4256/5538 2956/5537 4255/5533
f 4256/5896 4255/5890 2372/5892
f 4256/5896 2372/5892 2471/5897
f 2428/2692 2471/2739 2371/2747
f 2428/2692 2468/2736 2471/2739
f 400/405 402/407 401/406
f 400/405 401/406 388/393
f 400/405 398/403 399/404
f 400/405 388/393 398/403
f 1842/2002 1841/2001 1840/2000
f 1842/5512 4251/5510 1841/5511
f 1842/5512 3992/5513 4251/5510
f 3171/8507 4000/8510 3170/8513
f 3171/8507 4020/8509 4000/8510
f 3171/8507 3351/8508 4020/8509
f 3171/8507 5138/8515 3351/8508
f 3608/4249 3614/4260 3612/4258
f 3608/4249 3612/4258 3607/4247
f 3608/4249 3607/4247 2191/4248
f 3608/4249 2191/4248 2182/4250
f 3606/4246 3607/4247 3613/4259
f 3606/4246 2993/4245 3607/4247
f 3606/4246 3613/4259 3615/4261
f 3622/4280 3625/4283 3623/4281
f 3744/4525 3753/4538 3745/4526
f 3744/4525 3745/4526 3746/4527
f 2968/3364 2952/3348 2957/3353
f 2968/3364 2967/3363 2952/3348
f 2219/2471 2200/2446 2220/2472
f 2219/2471 2203/2449 2200/2446
f 1841/2001 1839/1999 1840/2000
f 1841/5511 4251/5510 1839/5509
f 3614/5517 1840/5515 1838/5518
f 3614/5517 1838/5518 3612/5519
f 2988/3390 2188/3417 2191/3399
f 2988/3390 2191/3399 2993/3395
f 3607/4247 3612/4258 3613/4259
f 3607/4247 2993/4245 2191/4248
f 4259/5543 4254/5532 2965/5535
f 4259/5895 4434/5894 4254/5893
f 4259/5543 2965/5535 3752/5544
f 4259/5895 2312/5908 4434/5894
f 2813/3148 2348/3146 2794/3126
f 2813/7403 2794/7400 292/7401
f 4010/5047 3443/5048 4011/5049
f 3443/4037 3441/4035 3444/4038
f 3443/5048 3444/5050 4011/5049
f 4725/6698 3464/6702 3463/6700
f 4725/6698 770/6697 3464/6702
f 3463/4057 3464/4058 3461/4055
f 2147/2393 2146/2392 2157/2403
f 685/3640 3169/3639 683/3641
f 685/704 683/702 684/703
f 685/704 684/703 686/705
f 685/704 686/705 697/716
f 4254/5532 4255/5533 2960/5534
f 4254/5893 2318/5891 4255/5890
f 4254/5532 2960/5534 2965/5535
f 4254/5893 4434/5894 2318/5891
f 4255/5533 2956/5537 2955/5536
f 4255/5533 2955/5536 2960/5534
f 4255/5890 2318/5891 2372/5892
f 2956/3352 2957/3353 2953/3349
f 2956/3352 2953/3349 2955/3351
f 2320/2578 2325/2583 2349/2611
f 2320/2578 2321/2579 2325/2583
f 2457/2725 2440/2705 2458/2726
f 2457/2725 2452/2719 2440/2705
f 642/5416 640/5418 4183/5417
f 642/655 641/654 640/653
f 642/655 404/656 641/654
f 2146/2392 2198/2444 2199/2445
f 2146/2392 2199/2445 2157/2403
f 3111/3548 3107/3544 3108/3545
f 3111/3548 3113/3550 3107/3544
f 2188/2434 2159/2405 2182/2428
f 2188/2434 2182/2428 2191/2437
f 3623/4281 3625/4283 3626/4284
f 3623/5530 3626/5527 4253/5529
f 3623/5530 4253/5529 3628/5531
f 2371/2633 2372/2634 2317/2575
f 2371/2747 2471/2739 2372/2748
f 2348/2609 2347/2608 2344/2604
f 2348/3146 2344/3125 2794/3126
f 2821/3159 2446/3158 2453/3160
f 2821/3159 2820/3157 2446/3158
f 4243/5497 3441/5494 4242/5496
f 4243/7899 3445/7900 3441/7901
f 4243/5763 4242/5762 4344/5756
f 4243/7899 4344/7902 3445/7900
f 3441/5494 3440/5495 4242/5496
f 3441/4035 3445/4039 3444/4038
f 2941/5372 3460/5373 2942/5374
f 2941/7285 3459/7287 3460/7288
f 2941/3336 2942/3337 2939/3334
f 2941/3336 2939/3334 2940/3335
f 2941/7285 2940/7286 3459/7287
f 3460/5373 3461/5375 2942/5374
f 2942/8124 3461/8125 2939/8126
f 3461/8125 3465/8127 2939/8126
f 3461/4055 3464/4058 3465/4059
f 3109/3546 3138/3599 3140/3601
f 3109/3546 3108/3545 3105/3542
f 3109/3546 3105/3542 3138/3599
f 3140/3601 3138/3599 3139/3600
f 1840/2000 1839/1999 1838/1998
f 2159/2405 2162/2408 2182/2428
f 4021/5075 3015/5069 4018/5068
f 4021/5075 4018/5068 3113/5086
f 3612/5519 1837/5520 3613/5521
f 3612/5519 1838/5518 1837/5520
f 3615/5523 3613/5521 1843/5522
f 3615/5523 1845/5524 3625/5526
f 3615/5523 1843/5522 1845/5524
f 3752/4537 3751/4535 3753/4538
f 3752/4537 2965/4536 3751/4535
f 3753/4538 3751/4535 3745/4526
f 2957/3353 2952/3348 2953/3349
f 2437/2701 2438/2702 2434/2698
f 2453/2720 2443/2708 2451/2718
f 2453/2720 2446/2711 2443/2708
f 4242/6409 3440/6406 4346/6408
f 4242/5762 4346/5761 4344/5756
f 3440/6406 3446/6407 4346/6408
f 3613/5521 1837/5520 1843/5522
f 2317/2575 2318/2576 2312/2570
f 2317/2575 2372/2634 2318/2576
f 1839/1999 1835/1995 1838/1998
f 1839/5509 4250/5508 1835/5507
f 1839/5509 4251/5510 4250/5508
f 3745/4526 3751/4535 3748/4529
f 3745/4526 3748/4529 3747/4528
f 3745/4526 3747/4528 3746/4527
f 2955/3351 2959/3355 2960/3356
f 2955/3351 2953/3349 2954/3350
f 2955/3351 2954/3350 2959/3355
f 2952/3348 2944/3340 2953/3349
f 2952/3348 2949/3345 2944/3340
f 2952/3348 2967/3363 2949/3345
f 2349/2611 2343/2603 2347/2608
f 2349/2611 2325/2583 2343/2603
f 2220/2472 2200/2446 2198/2444
f 2965/3361 2960/3356 2964/3360
f 2965/4536 2964/4534 3751/4535
f 2960/3356 2959/3355 2964/3360
f 2347/2608 2343/2603 2344/2604
f 2198/2444 2200/2446 2199/2445
f 3169/5045 3170/5046 4000/5020
f 3169/5045 4002/5022 683/5044
f 3169/5045 4000/5020 4002/5022
f 3625/4283 1845/4285 3626/4284
f 402/5976 4183/5972 401/5959
f 4183/5972 640/5971 4460/5958
f 4183/5972 4460/5958 401/5959
f 1838/1998 1835/1995 1837/1997
f 3673/4360 3676/4365 3675/4364
f 3673/4634 3795/4636 3676/4637
f 3673/4360 3674/4361 729/4362
f 3673/4634 729/4638 748/4635
f 3673/4360 3675/4364 3674/4361
f 3673/4634 748/4635 3795/4636
f 3676/8815 1180/8816 3675/8817
f 3676/8815 375/8818 1180/8816
f 3676/8815 5197/8819 375/8818
f 3676/8815 3795/8824 5197/8819
f 2451/2718 2441/2706 2452/2719
f 2451/2718 2443/2708 2441/2706
f 4348/5766 4347/5764 4350/5770
f 4348/5766 4011/5758 4347/5764
f 3331/3884 3286/3881 3330/3883
f 3331/3884 3332/3885 3286/3881
f 3331/3884 3330/3883 446/3886
f 3331/3884 446/3886 811/3887
f 3331/3884 811/3887 3333/3888
f 3331/3884 3333/3888 3332/3885
f 3286/3881 3288/3882 3330/3883
f 3286/3830 3287/3831 3288/3832
f 3286/3830 3290/3834 3287/3831
f 3286/3881 3332/3885 3290/3912
f 3108/3545 3107/3544 3104/3541
f 3108/3545 3104/3541 3105/3542
f 3015/5069 4017/5066 4018/5068
f 2312/8233 2318/8234 4434/8235
f 2458/2726 2440/2705 2438/2702
f 157/161 163/167 162/166
f 157/161 159/163 160/164
f 157/161 162/166 158/162
f 157/161 158/162 159/163
f 203/207 205/209 206/210
f 771/804 773/806 772/805
f 771/804 772/805 770/803
f 683/702 682/701 684/703
f 683/702 681/700 682/701
f 683/5044 4002/5022 681/5029
f 4017/8017 5056/8014 4019/8007
f 4017/5066 4019/5072 4000/5067
f 4017/8017 3628/8018 5056/8014
f 4017/5066 4000/5067 4018/5068
f 3626/4284 1845/4285 3627/4286
f 3626/5527 3627/5504 4252/5525
f 3626/5527 4252/5525 4253/5529
f 3751/4535 2964/4534 3748/4529
f 2953/3349 2944/3340 2954/3350
f 163/167 167/171 165/169
f 163/167 165/169 162/166
f 684/703 682/701 665/684
f 684/703 665/684 687/706
f 684/703 687/706 686/705
f 1835/1995 1836/1996 1837/1997
f 1835/5507 4249/5506 1836/5505
f 1835/5507 4250/5508 4249/5506
f 729/4362 3674/4361 727/4363
f 729/748 727/746 728/747
f 729/748 728/747 730/749
f 729/4638 730/4639 748/4635
f 174/178 290/294 173/177
f 640/653 641/654 639/652
f 640/653 639/652 636/649
f 640/5971 636/5960 4460/5958
f 641/654 652/666 639/652
f 641/654 634/647 652/666
f 641/654 644/658 634/647
f 641/654 643/657 644/658
f 641/654 404/656 643/657
f 160/164 183/187 184/188
f 160/164 159/163 183/187
f 206/210 239/243 240/244
f 206/210 205/209 208/212
f 206/210 208/212 239/243
f 240/244 248/252 249/253
f 240/244 239/243 248/252
f 665/684 682/701 664/683
f 665/684 664/683 663/682
f 665/684 663/682 687/706
f 1837/1997 1836/1996 1843/2003
f 1845/2005 1843/2003 1844/2004
f 1845/4285 1844/4287 3627/4286
f 3748/4529 2964/4534 2963/4531
f 3748/4529 2963/4531 3749/4530
f 3748/4529 3749/4530 3747/4528
f 3674/5974 3675/5975 1180/5956
f 3674/5974 4458/5955 727/5973
f 3674/5974 1180/5956 4458/5955
f 2460/5902 2439/5905 2970/5903
f 2460/2728 2434/2698 2439/2703
f 3330/5246 3288/5245 446/5232
f 3288/3832 3287/3831 3289/3833
f 3288/5245 3289/5244 4106/5233
f 3288/5245 4106/5233 446/5232
f 3113/3550 3112/3549 3107/3544
f 3113/5086 4018/5068 3112/5089
f 1843/2003 1836/1996 1844/2004
f 2964/3360 2959/3355 2963/3359
f 2944/3340 2946/3342 2954/3350
f 2944/3340 2945/3341 2946/3342
f 2944/3340 2949/3345 2945/3341
f 2970/5585 4274/5589 4273/5583
f 2970/7256 401/7257 4274/7258
f 2970/5585 4273/5583 2967/5584
f 2970/5903 2439/5905 401/5906
f 2434/2698 2438/2702 2439/2703
f 652/666 651/665 639/652
f 652/666 634/647 651/665
f 4344/7100 3444/7102 3445/7103
f 4344/5756 4346/5761 4345/5757
f 4344/5756 4345/5757 4011/5758
f 4344/7100 4011/7101 3444/7102
f 249/3585 2204/3584 2203/3586
f 249/3585 248/3583 2204/3584
f 3287/3831 3315/3859 3289/3833
f 3287/3831 3290/3834 3315/3859
f 2939/7329 3465/7330 770/7331
f 2939/3334 2937/3330 2940/3335
f 2939/3334 770/3333 2937/3330
f 2157/4993 2199/4996 2212/4994
f 2157/4993 2212/4994 3992/4995
f 1836/5505 4248/5502 1844/5503
f 1836/5505 4249/5506 4248/5502
f 4019/8007 5056/8014 5051/8006
f 4019/8007 5051/8006 4039/8005
f 4019/8007 4039/8005 4035/8008
f 4019/5072 4035/5096 4029/5087
f 4019/5072 4029/5087 4000/5067
f 2959/3355 2954/3350 2951/3347
f 2959/3355 2951/3347 2963/3359
f 2954/3350 2946/3342 2951/3347
f 292/296 293/297 290/294
f 292/7401 2794/7400 294/7396
f 292/296 294/298 293/297
f 290/294 293/297 173/177
f 167/171 173/177 172/176
f 167/171 172/176 165/169
f 2452/2719 2441/2706 2440/2705
f 2203/2449 2201/2447 2200/2446
f 2203/2449 2204/2450 2201/2447
f 3465/7330 3464/7332 770/7331
f 3627/5504 1844/5503 4245/5499
f 3627/5504 4247/5501 4252/5525
f 3627/5504 4245/5499 4247/5501
f 2963/3359 2951/3347 2962/3358
f 2963/4531 2962/4532 3749/4530
f 2325/2583 2321/2579 2326/2584
f 2325/2583 2337/2595 2343/2603
f 2325/2583 2326/2584 2337/2595
f 184/188 209/213 205/209
f 184/188 183/187 209/213
f 3107/3544 3112/3549 3106/3543
f 3107/3544 3106/3543 3104/3541
f 3628/8018 4253/7990 5056/8014
f 1844/5503 4248/5502 4245/5499
f 2951/3347 2946/3342 2950/3346
f 2951/3347 2950/3346 2962/3358
f 2946/3342 2945/3341 2947/3343
f 2946/3342 2947/3343 2950/3346
f 727/746 726/745 728/747
f 727/746 720/739 726/745
f 727/5973 4458/5955 720/5962
f 3757/8840 2327/8839 2321/8844
f 3757/8840 1183/8848 5204/8835
f 3757/5587 3995/5580 1183/5588
f 3757/5587 3746/5586 3995/5580
f 3757/8840 5204/8835 2327/8839
f 2794/3126 2344/3125 2783/3110
f 2794/7400 2783/7395 294/7396
f 2199/2445 2200/2446 2201/2447
f 2199/2445 2202/2448 2212/2461
f 2199/2445 2201/2447 2202/2448
f 3992/8864 2212/8863 4676/8859
f 3992/8864 4676/8859 447/8865
f 3992/8026 447/8027 5061/8024
f 3992/8026 5061/8024 4251/8025
f 664/683 682/701 680/699
f 664/683 662/681 663/682
f 664/683 680/699 662/681
f 682/701 681/700 680/699
f 4274/7258 4878/7262 4273/7278
f 4274/7258 4876/7260 4877/7261
f 4274/7258 4875/7259 4876/7260
f 4274/7258 4877/7261 4878/7262
f 4274/7258 401/7257 4875/7259
f 2344/2604 2343/2603 2338/2596
f 2344/3125 2338/3109 2783/3110
f 3289/3833 3315/3859 3314/3858
f 3289/3833 3314/3858 3313/3857
f 3289/5244 3313/5241 4106/5233
f 5056/8014 5053/8011 5051/8006
f 5056/8014 4253/7990 5053/8011
f 2321/2579 2327/2585 2326/2584
f 2438/2702 2440/2705 389/2704
f 2438/2702 389/2704 2439/2703
f 639/652 651/665 635/648
f 639/652 635/648 636/649
f 651/665 634/647 638/651
f 651/665 638/651 635/648
f 4350/5770 4366/5801 4364/5796
f 4350/5770 4347/5764 4366/5801
f 773/7565 3139/7564 772/7563
f 1183/8848 1181/8843 5204/8835
f 1183/5007 3995/5012 3994/5006
f 1183/1270 1182/1269 1181/1268
f 1183/5007 1178/5003 1182/5008
f 1183/5007 3994/5006 1178/5003
f 2967/5584 4273/5583 2949/5582
f 4364/5796 2819/5800 2820/5798
f 4364/5796 4366/5801 2819/5800
f 2212/8863 2211/8860 4676/8859
f 2212/2461 2202/2448 2211/2460
f 3139/3600 3138/3599 3137/3598
f 3139/7564 3137/7560 772/7563
f 3746/5586 3747/5579 3995/5580
f 2343/2603 2337/2595 2338/2596
f 2440/2705 2441/2706 389/2704
f 2446/3158 2820/3157 2447/3156
f 2446/2711 2444/2709 2443/2708
f 2446/2711 2447/2712 2444/2709
f 4346/6408 3446/6407 4345/6410
f 2940/7286 3453/7289 3459/7287
f 2940/7286 2937/7290 3453/7289
f 447/8865 4676/8859 449/8866
f 447/8027 444/8028 5061/8024
f 447/452 449/454 448/453
f 447/452 448/453 443/448
f 447/452 443/448 444/449
f 4251/8025 5061/8024 4250/8023
f 3105/3542 3135/3595 3138/3599
f 3105/3542 3104/3541 3102/3539
f 3105/3542 3102/3539 3135/3595
f 4018/5068 3103/5073 3112/5089
f 4018/5068 4000/5067 3103/5073
f 728/747 726/745 725/744
f 728/747 725/744 731/750
f 728/747 731/750 730/749
f 725/744 726/745 724/743
f 725/744 724/743 721/740
f 725/744 721/740 731/750
f 2820/3157 2819/3155 2447/3156
f 3446/4040 3447/4041 3448/4042
f 3446/6407 3448/6411 4345/6410
f 3459/4053 3453/4047 3447/4041
f 5051/8006 5049/8001 4039/8005
f 5051/8006 5053/8011 5049/8001
f 2327/8839 5204/8835 2328/8838
f 2327/2585 2328/2586 2326/2584
f 4273/7278 4878/7262 4272/7277
f 4273/5583 4272/5581 2949/5582
f 3315/3859 3312/3856 3314/3858
f 3315/3859 3307/3851 3312/3856
f 3315/3859 3317/3861 3307/3851
f 3315/3859 3316/3860 3317/3861
f 3315/3859 3290/3834 3316/3860
f 3312/3856 3311/3855 3314/3858
f 3312/3856 3307/3851 3311/3855
f 3138/3599 3135/3595 3137/3598
f 4035/8668 4039/8667 5160/8664
f 4035/8668 5160/8664 4029/8666
f 2443/2708 2442/2707 2441/2706
f 2443/2708 2444/2709 2442/2707
f 3112/3549 3103/3540 3106/3543
f 5160/8664 4039/8667 4036/8665
f 5160/8664 4036/8665 4029/8666
f 726/745 719/738 724/743
f 726/745 720/739 719/738
f 724/743 723/742 721/740
f 724/743 719/738 723/742
f 5204/8835 1181/8843 1180/8816
f 5204/8835 2329/8836 2328/8838
f 5204/8835 1180/8816 376/8834
f 5204/8835 376/8834 2329/8836
f 4876/7260 4884/7271 4877/7261
f 4876/7260 4875/7259 4884/7271
f 3447/4041 3449/4043 3448/4042
f 3447/4041 3453/4047 3449/4043
f 4676/8859 2211/8860 818/8861
f 4676/8867 446/8868 449/8869
f 4676/6548 815/6549 446/6550
f 4676/8859 818/8861 815/8862
f 2211/2460 2202/2448 818/2459
f 3104/3541 3106/3543 3100/3537
f 3104/3541 3100/3537 3102/3539
f 4253/7990 5044/7992 5053/8011
f 4253/7990 4252/7991 5044/7992
f 3995/5012 3996/5013 3994/5006
f 3995/5580 3747/5579 3996/5575
f 4884/7271 4882/7268 4877/7261
f 4884/7271 4875/7259 4882/7268
f 2439/5905 389/5907 401/5906
f 3311/3855 3309/3853 3314/3858
f 3311/3855 3307/3851 3310/3854
f 3311/3855 3310/3854 3309/3853
f 3314/3858 3309/3853 3313/3857
f 2202/2448 2201/2447 2205/2451
f 2202/2448 2205/2451 818/2459
f 770/3333 2938/3331 2937/3330
f 770/3333 772/3338 2938/3331
f 5061/8024 5060/8022 4250/8023
f 5061/8024 444/8028 5060/8022
f 4878/7262 4877/7261 4879/7263
f 4878/7262 4879/7263 4272/7277
f 4011/5758 4345/5757 2808/5759
f 4011/5758 2808/5759 4347/5764
f 4345/5842 3448/5839 2811/5841
f 4345/5757 2811/5760 2808/5759
f 2937/7232 3449/7234 3453/7235
f 2937/7232 2811/7233 3449/7234
f 2937/3330 2938/3331 2811/3332
f 4039/5121 4038/5117 4036/5111
f 4039/8005 5049/8001 4038/8003
f 5053/8011 5054/8012 5049/8001
f 5053/8011 5044/7992 5054/8012
f 1182/1269 1179/1266 1181/1268
f 1182/5008 1178/5003 1179/5009
f 1181/1268 1179/1266 1180/1267
f 2326/2584 2328/2586 2329/2587
f 2326/2584 2330/2588 2337/2595
f 2326/2584 2329/2587 2330/2588
f 2441/2706 2442/2707 389/2704
f 3448/5839 3449/5840 2811/5841
f 3994/5006 3993/5004 1178/5003
f 3994/5006 3996/5013 3993/5004
f 205/209 209/213 208/212
f 449/454 445/450 448/453
f 449/454 446/451 445/450
f 448/453 445/450 443/448
f 4250/8023 5060/8022 5048/8000
f 4250/8023 5048/8000 4249/8031
f 663/682 688/707 687/706
f 663/682 662/681 661/680
f 663/682 661/680 688/707
f 687/706 688/707 686/705
f 4000/5067 4029/5087 4001/5100
f 4000/5020 4001/5021 4002/5022
f 4000/5067 4020/5074 3103/5073
f 4036/5111 4001/5100 4029/5087
f 4036/5111 4038/5117 4037/5112
f 4036/5111 4037/5112 4001/5100
f 3747/5579 4268/5574 3996/5575
f 3747/5579 3749/5591 4268/5574
f 2949/5582 4272/5581 4271/5578
f 2949/5582 4271/5578 2945/5590
f 401/7257 4459/7267 4875/7259
f 401/5959 4460/5958 4459/5957
f 401/406 389/394 388/393
f 444/8028 439/8030 5060/8022
f 444/449 443/448 439/444
f 3106/3543 3103/3540 3101/3538
f 3106/3543 3101/3538 3100/3537
f 1179/1266 1178/1265 1177/1264
f 1179/1266 1177/1264 1180/1267
f 4877/7261 4882/7268 4880/7264
f 4877/7261 4880/7264 4879/7263
f 4875/7259 4459/7267 4882/7268
f 634/647 644/658 637/650
f 634/647 633/646 638/651
f 634/647 637/650 632/645
f 634/647 632/645 633/646
f 644/658 643/657 637/650
f 158/162 162/166 161/165
f 158/162 161/165 159/163
f 208/212 247/251 239/243
f 208/212 209/213 230/234
f 208/212 230/234 247/251
f 239/243 251/255 248/252
f 239/243 247/251 251/255
f 248/3583 2206/3582 2204/3584
f 248/3583 251/3581 2206/3582
f 2204/2450 2205/2451 2201/2447
f 2204/2450 2206/2452 2205/2451
f 445/450 446/451 442/447
f 445/450 442/447 443/448
f 4882/7268 4883/7269 4880/7264
f 4882/7268 4459/7267 4883/7269
f 173/177 293/297 172/176
f 162/166 165/169 164/168
f 162/166 164/168 161/165
f 4002/5022 4003/5023 681/5029
f 4002/5022 4001/5021 4003/5023
f 5049/8001 5050/8002 4038/8003
f 5049/8001 5054/8012 5050/8002
f 1178/1265 1175/1262 1177/1264
f 1178/5003 3993/5004 1175/5005
f 4272/7277 4879/7263 4270/7279
f 4272/5581 4270/5577 4271/5578
f 4460/5958 636/5960 4456/5952
f 4460/5958 4456/5952 4459/5957
f 159/163 176/180 183/187
f 159/163 161/165 176/180
f 446/451 441/446 442/447
f 446/5232 4106/5233 441/5234
f 446/852 815/848 811/844
f 5060/8022 5059/8021 5048/8000
f 5060/8022 439/8030 5059/8021
f 3996/5013 3997/5014 3993/5004
f 3996/5575 4268/5574 3997/5573
f 1180/1267 1177/1264 1176/1263
f 1180/5956 1176/5954 4458/5955
f 1180/8816 375/8818 376/8834
f 2783/7395 296/7388 294/7396
f 2783/3110 2338/3109 2782/3108
f 2783/7395 2782/7394 296/7388
f 294/298 295/299 293/297
f 294/298 296/300 295/299
f 293/297 295/299 172/176
f 2338/2596 2337/2595 2334/2592
f 2338/3109 2334/3105 2782/3108
f 443/448 442/447 438/443
f 443/448 438/443 439/444
f 681/700 679/698 680/699
f 681/5029 4003/5023 679/5040
f 2337/2595 2330/2588 2334/2592
f 165/169 172/176 166/170
f 165/169 166/170 164/168
f 662/681 680/699 678/697
f 662/681 657/676 661/680
f 662/681 678/697 657/676
f 680/699 679/698 678/697
f 5044/7992 4252/7991 4247/7993
f 5044/7992 5045/7994 5054/8012
f 5044/7992 4247/7993 5045/7994
f 1177/1264 1175/1262 1174/1261
f 1177/1264 1174/1261 1176/1263
f 636/649 635/648 631/644
f 636/5960 631/5965 4456/5952
f 183/187 185/189 209/213
f 183/187 176/180 185/189
f 818/851 817/850 815/848
f 818/2459 2205/2451 817/2458
f 4879/7263 4881/7265 4270/7279
f 4879/7263 4880/7264 4881/7265
f 635/648 638/651 630/643
f 635/648 630/643 631/644
f 638/651 633/646 630/643
f 442/447 423/428 438/443
f 442/447 441/446 423/428
f 5048/8000 4248/7999 4249/8031
f 5048/8000 5059/8021 5047/7998
f 5048/8000 5047/7998 4248/7999
f 4038/5117 451/5118 4037/5112
f 4038/8003 5050/8002 451/8004
f 5054/8012 5045/7994 5055/8013
f 5054/8012 5055/8013 5050/8002
f 4458/5955 4457/5953 720/5962
f 4458/5955 1176/5954 4457/5953
f 2329/8836 376/8834 2331/8837
f 2329/2587 2331/2589 2330/2588
f 4106/5233 3313/5241 4107/5235
f 4106/5233 4107/5235 441/5234
f 3993/5004 3997/5014 1171/5010
f 3993/5004 1171/5010 1175/5005
f 4268/5574 3749/5591 3750/5592
f 4268/5574 4267/5572 3997/5573
f 4268/5636 3750/5635 4267/5631
f 731/750 721/740 732/751
f 731/750 732/751 730/749
f 2945/8199 4271/8200 2948/8201
f 2945/3341 2948/3344 2947/3343
f 721/740 723/742 703/722
f 721/740 703/722 705/724
f 721/740 722/741 732/751
f 721/740 705/724 722/741
f 439/8030 435/8029 5059/8021
f 439/444 438/443 435/440
f 4037/5112 1374/5113 4001/5100
f 4037/5112 451/5118 450/5114
f 4037/5112 450/5114 1374/5113
f 720/739 718/737 719/738
f 720/5962 4457/5953 718/5961
f 4271/5578 4270/5577 4269/5576
f 4271/5634 4269/5630 2948/5633
f 398/403 397/402 399/404
f 398/403 388/393 396/401
f 398/403 396/401 397/402
f 399/404 397/402 404/409
f 2811/3145 2810/3144 2808/3142
f 2811/5560 3126/5562 2810/5564
f 2811/5560 2938/5561 3126/5562
f 2810/3144 2809/3143 2805/3139
f 2810/5564 3127/5566 2809/5567
f 2810/3144 2805/3139 2808/3142
f 2810/5564 3126/5562 3127/5566
f 3351/8508 3349/8511 4020/8509
f 3351/8508 5138/8515 3350/8516
f 3351/3918 3350/3917 3349/3915
f 3103/5073 4020/5074 3099/5101
f 3103/3540 3099/3536 3101/3538
f 4020/7252 4874/7250 3099/7251
f 4020/8509 3349/8511 4874/8512
f 3749/4530 2962/4532 3750/4533
f 389/394 387/392 388/393
f 389/2704 2442/2707 387/2717
f 404/656 645/659 643/657
f 404/409 397/402 403/408
f 404/656 403/671 645/659
f 3317/3861 3308/3852 3307/3851
f 3317/3861 3316/3860 3308/3852
f 3307/3851 3304/3848 3310/3854
f 3307/3851 3308/3852 3303/3847
f 3307/3851 3303/3847 3304/3848
f 3313/3857 3309/3853 3306/3850
f 3313/5241 3306/5242 4107/5235
f 5059/8021 5058/8020 5047/7998
f 5059/8021 435/8029 5058/8020
f 5045/7994 4247/7993 4244/7995
f 5045/7994 5046/7996 5055/8013
f 5045/7994 4244/7995 5046/7996
f 3997/5573 4267/5572 3998/5571
f 3997/5014 3998/5015 1171/5010
f 719/738 717/736 723/742
f 719/738 718/737 717/736
f 723/742 717/736 703/722
f 4270/5577 4266/5569 4269/5576
f 4270/7279 4881/7265 4266/7276
f 4880/7264 4883/7269 1173/7266
f 4880/7264 1173/7266 4881/7265
f 5047/7998 5058/8020 5046/7996
f 5047/7998 5046/7996 4246/7997
f 5047/7998 4246/7997 4248/7999
f 5050/8002 5055/8013 5052/8009
f 5050/8002 5052/8009 451/8004
f 1175/1262 1169/1256 1174/1261
f 1175/5005 1171/5010 1169/5011
f 4267/5572 4265/5568 3998/5571
f 4267/5631 2971/5628 4265/5627
f 4267/5631 3750/5635 2972/5632
f 4267/5631 2972/5632 2971/5628
f 4883/7269 4459/7267 2144/7270
f 4883/7269 1149/7272 1173/7266
f 4883/7269 2144/7270 1149/7272
f 388/393 387/392 386/391
f 388/393 386/391 396/401
f 815/848 810/843 811/844
f 815/848 817/850 810/843
f 3310/3854 3305/3849 3309/3853
f 3310/3854 3304/3848 3305/3849
f 438/443 423/428 434/439
f 438/443 434/439 435/440
f 4001/5021 1374/5024 4003/5023
f 4269/5576 4266/5569 4265/5568
f 4269/5630 4265/5627 2961/5629
f 4269/5630 2961/5629 2948/5633
f 811/3887 3334/3889 3333/3888
f 811/844 810/843 809/842
f 811/3887 809/3890 3334/3889
f 3309/3853 3305/3849 3306/3850
f 4247/5501 4245/5499 4244/5498
f 5046/7996 5057/8015 5055/8013
f 5046/7996 5058/8020 5057/8015
f 5046/7996 4244/7995 4246/7997
f 5055/8013 5057/8015 5052/8009
f 1174/1261 1169/1256 1170/1257
f 1174/1261 1170/1257 1172/1259
f 1174/1261 1172/1259 1176/1263
f 4265/5568 3999/5570 3998/5571
f 4265/5568 4266/5569 3999/5570
f 4265/5627 2971/5628 2961/5629
f 376/381 375/380 374/379
f 376/8855 374/8856 2331/8857
f 4459/5957 4456/5952 2144/5949
f 423/428 418/423 434/439
f 423/428 421/426 418/423
f 423/428 441/446 421/426
f 375/8818 5197/8819 5198/8820
f 375/380 373/378 374/379
f 375/8818 5198/8820 373/8821
f 2809/3143 2804/3138 2805/3139
f 2809/4593 3127/4590 3776/4592
f 2809/4593 3776/4592 3778/4597
f 2809/4593 3778/4597 2804/4598
f 2205/2451 2206/2452 2207/2453
f 2205/2451 2207/2453 817/2458
f 435/8029 433/8019 5058/8020
f 435/440 434/439 433/438
f 4248/5502 4246/5500 4245/5499
f 5058/8020 433/8019 5057/8015
f 1171/5010 3998/5015 1163/5016
f 1171/1258 1163/1250 1169/1256
f 3998/5015 3999/5017 1163/5016
f 4266/7276 4881/7265 1165/7274
f 4266/7276 1165/7274 3999/7280
f 4881/7265 1173/7266 1165/7274
f 637/650 643/657 632/645
f 643/657 646/660 632/645
f 643/657 645/659 646/660
f 2206/3582 251/3581 2208/3580
f 2206/2452 2208/2454 2207/2453
f 772/7563 3137/7560 2943/7562
f 772/3338 2943/3339 2938/3331
f 5138/8606 697/8607 3350/8608
f 4003/5023 4004/5025 679/5040
f 4003/5023 1374/5024 4004/5025
f 451/456 436/441 450/455
f 451/8004 5052/8009 436/8010
f 2947/3343 2961/3357 2950/3346
f 2947/3343 2948/3344 2961/3357
f 2442/2707 2444/2709 2445/2710
f 2442/2707 2445/2710 387/2717
f 4347/5764 2803/5805 4366/5801
f 4347/5764 2808/5759 2806/5765
f 4347/5764 2806/5765 2803/5805
f 209/213 231/235 230/234
f 209/213 185/189 231/235
f 251/255 247/251 255/259
f 251/3581 255/3579 2208/3580
f 697/716 686/705 689/708
f 697/716 689/708 694/713
f 697/3921 694/3914 3350/3917
f 661/680 659/678 688/707
f 661/680 657/676 659/678
f 688/707 689/708 686/705
f 688/707 659/678 690/709
f 688/707 690/709 689/708
f 5057/8015 432/8016 5052/8009
f 5057/8015 433/8019 432/8016
f 3999/5017 1162/5018 1163/5016
f 3999/5017 1165/5019 1162/5018
f 2962/4532 2972/4543 3750/4533
f 2962/3358 2950/3346 2972/3368
f 2334/3105 2781/3107 2782/3108
f 2334/2592 2330/2588 2333/2591
f 2334/3105 2333/3106 2781/3107
f 4456/5952 631/5965 4454/5948
f 4456/5952 4454/5948 2144/5949
f 2444/2709 2447/2712 2448/2713
f 2444/2709 2448/2713 2445/2710
f 3333/3888 3336/3893 3332/3885
f 3333/3888 3334/3889 3336/3893
f 3137/3598 3135/3595 3124/3563
f 3137/7560 3124/7561 2943/7562
f 3100/3537 3101/3538 3097/3534
f 3100/3537 3098/3535 3102/3539
f 3100/3537 3097/3534 3098/3535
f 3101/3538 3099/3536 3096/3533
f 3101/3538 3096/3533 3097/3534
f 450/455 436/441 428/433
f 450/455 428/433 440/445
f 450/5114 440/5115 1374/5113
f 2782/7394 4916/7380 296/7388
f 2782/7394 2781/7393 4916/7380
f 5197/8819 3795/8824 5201/8826
f 5197/8819 5201/8826 5198/8820
f 4366/5801 2800/5804 2819/5800
f 4366/5801 2803/5805 2800/5804
f 230/234 254/258 247/251
f 230/234 231/235 242/246
f 230/234 242/246 254/258
f 247/251 254/258 255/259
f 5052/8009 432/8016 436/8010
f 2950/3346 2971/3367 2972/3368
f 2950/3346 2961/3357 2971/3367
f 2330/2588 2331/2589 2332/2590
f 2330/2588 2332/2590 2333/2591
f 172/176 295/299 177/181
f 172/176 177/181 166/170
f 3102/3539 3122/3561 3135/3595
f 3102/3539 3098/3535 3122/3561
f 434/439 418/423 431/436
f 434/439 431/436 433/438
f 679/698 677/696 678/697
f 679/5040 4004/5025 677/5042
f 1169/1256 1163/1250 1161/1248
f 1169/1256 1161/1248 1170/1257
f 1173/7266 1164/7275 1165/7274
f 1173/1260 1149/1236 1164/1251
f 296/300 297/301 295/299
f 296/7388 4916/7380 297/7381
f 295/299 297/301 177/181
f 2447/3156 2819/3155 2449/3137
f 2447/2712 2449/2714 2448/2713
f 2808/3142 2805/3139 2806/3140
f 2938/5561 3124/5563 3126/5562
f 2938/5561 2943/5565 3124/5563
f 418/423 420/425 431/436
f 418/423 419/424 420/425
f 418/423 421/426 419/424
f 433/438 431/436 432/437
f 1163/1250 1162/1249 1161/1248
f 1170/1257 1161/1248 1158/1245
f 1170/1257 1158/1245 1166/1253
f 1170/1257 1166/1253 1172/1259
f 1165/1252 1164/1251 1162/1249
f 1149/1236 1151/1238 1164/1251
f 1149/1236 1150/1237 1151/1238
f 1149/7272 2144/7270 1150/7273
f 631/644 630/643 627/640
f 631/5965 627/5966 4454/5948
f 3332/3885 3336/3893 3290/3912
f 817/2458 2207/2453 806/2456
f 817/850 806/839 810/843
f 441/5234 4107/5235 421/5236
f 3135/3595 3122/3561 3124/3563
f 2819/3155 2800/3133 2449/3137
f 3290/3834 3318/3862 3316/3860
f 3290/3912 3336/3893 3326/3916
f 3290/3834 3326/3870 3318/3862
f 2805/3139 2804/3138 2803/3136
f 2805/3139 2803/3136 2806/3140
f 3126/3565 3125/3564 3127/3566
f 3126/3565 3124/3563 3125/3564
f 432/437 430/435 436/441
f 432/437 431/436 430/435
f 1162/1249 1159/1246 1161/1248
f 1162/1249 1164/1251 1159/1246
f 1176/5954 1172/5951 4457/5953
f 161/165 164/168 175/179
f 161/165 178/182 176/180
f 161/165 175/179 259/263
f 161/165 261/265 178/182
f 161/165 259/263 260/264
f 161/165 260/264 261/265
f 3776/4592 3127/4590 3771/4581
f 3776/4592 3777/4596 3778/4597
f 3776/4592 3771/4581 3766/4571
f 3776/4592 3768/4576 3777/4596
f 3776/4592 3766/4571 3768/4576
f 678/697 676/695 657/676
f 678/697 677/696 676/695
f 436/441 430/435 428/433
f 2331/2589 370/2599 2332/2590
f 2331/8857 374/8856 370/8858
f 3795/8824 748/8849 5201/8826
f 164/168 166/170 179/183
f 164/168 179/183 222/226
f 164/168 219/223 175/179
f 164/168 222/226 221/225
f 164/168 221/225 219/223
f 176/180 218/222 185/189
f 176/180 178/182 269/273
f 176/180 269/273 270/274
f 176/180 271/275 218/222
f 176/180 270/274 271/275
f 4107/5235 3306/5242 4108/5237
f 4107/5235 4108/5237 421/5236
f 431/436 420/425 430/435
f 657/676 676/695 658/677
f 657/676 658/677 659/678
f 428/433 430/435 424/429
f 428/433 424/429 427/432
f 428/433 427/432 440/445
f 748/769 730/749 733/752
f 748/8849 743/8850 5201/8826
f 748/769 733/752 743/762
f 630/643 633/646 626/639
f 630/643 626/639 627/640
f 420/425 424/429 430/435
f 420/425 422/427 424/429
f 420/425 419/424 422/427
f 1161/1248 1159/1246 1158/1245
f 4457/5953 4455/5950 718/5961
f 4457/5953 1172/5951 4455/5950
f 1164/1251 1151/1238 1159/1246
f 633/646 615/628 626/639
f 633/646 632/645 615/628
f 166/170 214/218 179/183
f 166/170 237/241 214/218
f 166/170 177/181 217/221
f 166/170 217/221 238/242
f 166/170 238/242 237/241
f 185/189 218/222 280/284
f 185/189 280/284 277/281
f 185/189 232/236 231/235
f 185/189 276/280 232/236
f 185/189 277/281 276/280
f 1374/5024 1373/5026 4004/5025
f 1374/1474 440/1473 1373/1472
f 1158/1245 1159/1246 1155/1242
f 1158/1245 1155/1242 1157/1244
f 1158/1245 1157/1244 1166/1253
f 1151/1238 1155/1242 1159/1246
f 1151/1238 1152/1239 1155/1242
f 1151/1238 1150/1237 1152/1239
f 3316/3860 3303/3847 3308/3852
f 3316/3860 3319/3863 3303/3847
f 3316/3860 3318/3862 3319/3863
f 424/429 425/430 427/432
f 424/429 422/427 425/430
f 730/749 732/751 733/752
f 2804/4598 3778/4597 3779/4599
f 2804/3138 2802/3135 2803/3136
f 2804/4598 3779/4599 2802/4611
f 3127/4590 3125/4582 3771/4581
f 3306/3850 3305/3849 3302/3846
f 3306/5242 3302/5243 4108/5237
f 3099/7251 4874/7250 3095/7249
f 3099/3536 3095/3532 3096/3533
f 718/737 715/734 717/736
f 718/5961 4455/5950 715/5969
f 1155/1242 1152/1239 1156/1243
f 1155/1242 1156/1243 1157/1244
f 717/736 713/732 703/722
f 717/736 715/734 713/732
f 703/722 713/732 704/723
f 703/722 704/723 705/724
f 732/751 722/741 705/724
f 732/751 705/724 734/753
f 732/751 734/753 733/752
f 2144/5949 4454/5948 2143/5947
f 2144/2390 2143/2388 1150/2389
f 387/392 385/390 386/391
f 387/2717 2445/2710 385/2716
f 179/183 215/219 222/226
f 179/183 214/218 215/219
f 175/179 219/223 220/224
f 175/179 220/224 259/263
f 178/182 261/265 268/272
f 178/182 268/272 269/273
f 2208/2454 2209/2455 2207/2453
f 2208/3580 255/3579 2210/3578
f 2208/2454 2210/2457 2209/2455
f 2207/2453 2209/2455 806/2456
f 3304/3848 3301/3845 3305/3849
f 3304/3848 3291/3835 3301/3845
f 3304/3848 3303/3847 3291/3835
f 3305/3849 3301/3845 3302/3846
f 4874/8512 3349/8511 3347/8514
f 4874/7250 4873/7248 3095/7249
f 4874/7250 3347/7254 4873/7248
f 4004/5025 4005/5027 677/5042
f 4004/5025 1373/5026 4005/5027
f 222/226 215/219 223/227
f 222/226 223/227 221/225
f 219/223 224/228 220/224
f 219/223 221/225 224/228
f 259/263 220/224 262/266
f 259/263 262/266 260/264
f 261/265 267/271 268/272
f 261/265 260/264 267/271
f 271/8494 282/8493 218/8495
f 271/8494 272/8490 282/8493
f 271/275 270/274 272/276
f 218/222 282/286 280/284
f 2333/2591 2332/2590 2335/2593
f 2333/3106 2784/3111 2781/3107
f 2333/3106 2335/3112 2784/3111
f 386/391 393/398 396/401
f 386/391 385/390 384/389
f 386/391 384/389 393/398
f 214/218 243/247 215/219
f 214/218 237/241 243/247
f 280/284 282/286 281/285
f 280/284 281/285 277/281
f 255/259 254/258 256/260
f 255/3579 256/3577 2210/3578
f 2332/2590 370/2599 2336/2594
f 2332/2590 2336/2594 2335/2593
f 4454/5948 627/5966 4453/5946
f 4454/5948 4453/5946 2143/5947
f 2781/7393 4915/7379 4916/7380
f 2781/7393 2784/7389 4915/7379
f 243/247 244/248 215/219
f 243/247 237/241 246/250
f 243/247 246/250 245/249
f 243/247 245/249 244/248
f 223/227 215/219 244/248
f 223/227 227/231 221/225
f 223/227 229/233 227/231
f 223/227 244/248 229/233
f 224/228 225/229 220/224
f 224/228 221/225 227/231
f 224/228 227/231 226/230
f 224/228 226/230 225/229
f 220/224 225/229 262/266
f 262/266 264/268 260/264
f 262/266 263/267 264/268
f 262/266 225/229 263/267
f 267/271 273/277 268/272
f 267/271 260/264 264/268
f 267/271 264/268 266/270
f 267/271 266/270 273/277
f 272/8490 283/8492 282/8493
f 272/8478 270/8479 5133/8480
f 272/8490 5133/8496 5137/8491
f 272/8490 5137/8491 283/8492
f 282/286 283/287 281/285
f 281/285 285/289 277/281
f 281/285 284/288 285/289
f 281/285 283/287 284/288
f 810/843 805/838 809/842
f 810/843 806/839 805/838
f 421/5236 4108/5237 1371/5238
f 421/1468 1371/1466 419/1467
f 3096/3533 3090/3527 3097/3534
f 3096/3533 3095/3532 3090/3527
f 227/231 229/233 228/232
f 227/231 228/232 226/230
f 264/268 263/267 265/269
f 264/268 265/269 266/270
f 3778/4597 3777/4596 3779/4599
f 3771/4581 3125/4582 3770/4580
f 3771/4581 3770/4580 3766/4571
f 677/696 675/694 676/695
f 677/5042 4005/5027 675/5041
f 1172/5951 4450/5942 4455/5950
f 1172/7068 1166/7069 4450/7070
f 177/181 308/312 217/221
f 177/181 297/301 308/312
f 217/7405 4919/7384 238/7402
f 217/7405 308/7397 4919/7384
f 238/7402 4919/7384 4920/7385
f 2445/2710 2448/2713 2450/2715
f 2445/2710 2450/2715 385/2716
f 232/236 309/313 231/235
f 232/236 310/314 309/313
f 231/235 309/313 242/246
f 242/246 258/262 254/258
f 242/7971 309/7981 5038/7973
f 242/7971 5038/7973 5037/7969
f 242/7971 5037/7969 258/7970
f 254/258 258/262 256/260
f 1373/1472 440/1473 437/1469
f 1373/5026 1372/5028 4005/5027
f 1373/1472 437/1469 1372/1470
f 374/379 373/378 369/374
f 374/379 369/374 370/375
f 4916/7380 4914/7378 297/7381
f 4916/7380 4915/7379 4914/7378
f 297/7381 4917/7382 308/7397
f 297/7381 4914/7378 4917/7382
f 308/7397 4917/7382 4919/7384
f 2803/3136 2802/3135 2800/3133
f 285/289 278/282 277/281
f 285/289 286/290 278/282
f 277/281 278/282 276/280
f 276/280 278/282 279/283
f 809/3890 3335/3891 3334/3889
f 809/842 805/838 807/840
f 809/3890 807/3892 3335/3891
f 3124/3563 3123/3562 3125/3564
f 3124/3563 3122/3561 3123/3562
f 3097/3534 3090/3527 3098/3535
f 4108/5237 3302/5243 4009/5239
f 4108/5237 4009/5239 1371/5238
f 440/445 427/432 437/442
f 627/640 626/639 625/638
f 627/5966 625/5964 4453/5946
f 4917/7382 4918/7383 4919/7384
f 4917/7382 4914/7378 4918/7383
f 4919/7384 4918/7383 4920/7385
f 4920/7385 4918/7383 4921/7386
f 2449/2714 2454/2721 2448/2713
f 2449/3137 2800/3133 2454/3132
f 286/290 302/306 278/282
f 286/290 303/307 302/306
f 278/282 302/306 279/283
f 279/283 302/306 304/308
f 5038/7973 5043/7980 5037/7969
f 3098/3535 3120/3559 3122/3561
f 3098/3535 3090/3527 3120/3559
f 4455/5950 741/5941 715/5969
f 4455/5950 4450/5942 741/5941
f 373/8821 5198/8820 5199/8822
f 373/378 372/377 369/374
f 373/8821 5199/8822 372/8829
f 2143/2388 1153/2385 1150/2389
f 2143/5947 4453/5946 2142/5945
f 2143/2388 2142/2386 1153/2385
f 2448/2713 2454/2721 2450/2715
f 676/695 670/689 658/677
f 676/695 675/694 670/689
f 658/677 660/679 659/678
f 658/677 670/689 666/685
f 658/677 666/685 660/679
f 4005/5027 1372/5028 4006/5030
f 4005/5027 4006/5030 675/5041
f 1150/1237 1153/1240 1152/1239
f 4918/7383 4914/7378 4922/7387
f 2802/3135 2801/3134 2800/3133
f 2802/4611 3779/4599 3781/4601
f 2802/4611 3781/4601 2801/4612
f 5043/7980 5040/7975 5037/7969
f 806/2456 2209/2455 2213/2462
f 806/2456 2213/2462 803/2464
f 806/839 803/836 805/838
f 3125/4582 3123/4583 3770/4580
f 3302/3846 3301/3845 3300/3844
f 3302/5038 3300/5037 4009/5035
f 370/2599 2340/2598 2336/2594
f 370/375 369/374 368/373
f 370/2599 368/2600 2340/2598
f 2800/3133 2801/3134 2799/3131
f 2800/3133 2799/3131 2454/3132
f 2210/2457 2213/2462 2209/2455
f 2210/3578 256/3577 2214/3576
f 2210/2457 2214/2463 2213/2462
f 3122/3561 3121/3560 3123/3562
f 3122/3561 3120/3559 3121/3560
f 1371/1466 1370/1465 419/1467
f 1371/5238 4009/5239 1366/5240
f 1371/1466 1366/1461 1370/1465
f 626/639 615/628 623/636
f 626/639 623/636 625/638
f 3768/4576 1313/4574 3777/4596
f 3768/4576 3766/4571 1313/4574
f 1372/5028 1367/5031 4006/5030
f 1372/1470 437/1469 1367/1462
f 715/734 714/733 713/732
f 715/734 741/760 714/733
f 2784/3111 2335/3112 2785/3113
f 2784/7389 4909/7373 4915/7379
f 2784/7389 2785/7390 4909/7373
f 615/628 632/645 616/629
f 615/628 617/630 623/636
f 615/628 616/629 617/630
f 2335/2593 2336/2594 2339/2597
f 2335/3112 2339/3114 2785/3113
f 256/260 258/262 274/278
f 256/3577 274/3575 2214/3576
f 3349/3915 3350/3917 3348/3910
f 3349/3915 3348/3910 3347/3909
f 4450/7070 1166/7069 1167/7071
f 4450/5942 4449/5940 741/5941
f 4450/7070 1167/7071 4449/7072
f 4453/5946 4452/5944 2142/5945
f 4453/5946 625/5964 4452/5944
f 396/401 395/400 397/402
f 396/401 393/398 395/400
f 5040/7975 5039/7974 5037/7969
f 419/8351 1370/8348 422/8350
f 5037/7969 275/7968 258/7970
f 5037/7969 5039/7974 5036/7967
f 5037/7969 5036/7967 275/7968
f 258/262 275/279 274/278
f 3301/3845 3291/3835 3298/3842
f 3301/3845 3298/3842 3300/3844
f 4009/5035 4008/5033 1366/5034
f 4009/5035 3300/5037 4008/5033
f 675/5041 4006/5030 674/5039
f 675/694 674/693 670/689
f 713/732 712/731 704/723
f 713/732 714/733 712/731
f 1166/1253 1157/1244 1167/1254
f 3779/4599 3780/4600 3781/4601
f 3779/4599 3777/4596 3780/4600
f 3770/4580 3123/4583 3772/4584
f 3770/4580 3763/4568 3766/4571
f 3770/4580 3772/4584 3763/4568
f 3291/3835 3303/3847 3292/3836
f 3291/3835 3293/3837 3298/3842
f 3291/3835 3292/3836 3293/3837
f 659/678 660/679 690/709
f 3095/7249 4873/7248 3087/7247
f 3095/3532 3087/3524 3090/3527
f 4006/5030 1367/5031 4007/5032
f 4006/5030 4007/5032 674/5039
f 704/723 706/725 705/724
f 704/723 712/731 707/726
f 704/723 707/726 706/725
f 2142/5945 4452/5944 2138/5936
f 2142/2386 2138/2381 1153/2385
f 2336/2594 2340/2598 2339/2597
f 385/390 383/388 384/389
f 385/2716 2450/2715 383/2722
f 632/645 646/660 616/629
f 2801/4612 3781/4601 2812/4602
f 2801/3134 2812/3147 2799/3131
f 3123/4583 3121/4585 3772/4584
f 4915/7379 4911/7375 4914/7378
f 4915/7379 4909/7373 4911/7375
f 4914/7378 4911/7375 4913/7377
f 3334/3889 3337/3894 3336/3893
f 3334/3889 3335/3891 3337/3894
f 1366/5034 4008/5033 1367/5031
f 1366/1461 1367/1462 1368/1463
f 1366/1461 1368/1463 1370/1465
f 1367/5031 4008/5033 4007/5032
f 1367/1462 437/1469 1369/1464
f 1367/1462 1369/1464 1368/1463
f 4913/7377 4911/7375 4912/7376
f 5039/7974 5041/7976 5036/7967
f 4873/7248 4872/7246 3087/7247
f 4873/7248 3347/7254 4872/7246
f 741/5941 4449/5940 742/5939
f 741/760 742/761 714/733
f 625/5964 624/5963 4452/5944
f 625/638 623/636 624/637
f 5198/8820 5201/8826 5200/8823
f 5198/8820 5200/8823 5199/8822
f 690/709 691/710 689/708
f 690/709 660/679 691/710
f 427/432 429/434 437/442
f 427/432 425/430 429/434
f 670/689 673/692 666/685
f 670/689 674/693 673/692
f 4449/5940 2139/5938 742/5939
f 4449/7072 1168/7073 2139/7074
f 4449/7072 1167/7071 1168/7073
f 384/389 383/388 382/387
f 384/389 382/387 393/398
f 646/660 645/659 647/661
f 646/660 647/661 616/629
f 3300/5037 3299/5036 4008/5033
f 3300/3844 3298/3842 3299/3843
f 4008/5033 3299/5036 4007/5032
f 4007/5032 698/5043 674/5039
f 4007/5032 3299/5036 698/5043
f 666/685 673/692 668/687
f 666/685 668/687 667/686
f 666/685 667/686 660/679
f 4452/5944 4451/5943 2138/5936
f 4452/5944 624/5963 4451/5943
f 2450/4385 2454/4384 3685/4382
f 2450/4385 3685/4382 383/4383
f 2214/2463 2215/2465 2213/2462
f 2214/3576 274/3575 2216/3574
f 2214/2463 2216/2466 2215/2465
f 3090/3527 3114/3553 3120/3559
f 3090/3527 3087/3524 3089/3526
f 3090/3527 3089/3526 3114/3553
f 437/1469 429/1471 1369/1464
f 2138/5936 4448/5937 2139/5938
f 2138/2381 2139/2382 2140/2383
f 2138/2381 2140/2383 1153/2385
f 2138/5936 4451/5943 4448/5937
f 2339/3114 2786/3115 2785/3113
f 2339/2597 2340/2598 2341/2601
f 2339/3114 2341/3116 2786/3115
f 3781/4601 3780/4600 2812/4602
f 3777/4596 1316/4633 3780/4600
f 3777/8517 1313/8518 1316/8519
f 3766/4571 3765/4570 1313/4574
f 3766/4571 3763/4568 3765/4570
f 2213/2462 2215/2465 803/2464
f 3772/4584 3121/4585 3773/4586
f 3772/4584 3773/4586 3763/4568
f 689/708 692/711 694/713
f 689/708 691/710 692/711
f 674/693 698/717 673/692
f 2139/5938 4448/5937 742/5939
f 2139/7074 1168/7073 2141/7075
f 2139/2382 2141/2384 2140/2383
f 2785/7390 4907/7370 4909/7373
f 2785/7390 2786/7391 4907/7370
f 397/402 395/400 403/408
f 274/278 275/279 299/303
f 274/3575 299/3573 2216/3574
f 714/733 742/761 716/735
f 714/733 716/735 712/731
f 623/636 617/630 622/635
f 623/636 622/635 624/637
f 1152/1239 1153/1240 1154/1241
f 1152/1239 1154/1241 1156/1243
f 1153/2385 2140/2383 1154/2387
f 403/671 648/662 645/659
f 403/408 395/400 407/412
f 403/671 407/669 648/662
f 805/838 803/836 802/835
f 805/838 802/835 807/840
f 803/2464 2215/2465 801/2467
f 803/836 801/834 802/835
f 742/5939 4448/5937 716/5970
f 369/374 367/372 368/373
f 369/374 372/377 367/372
f 617/630 619/632 622/635
f 617/630 618/631 619/632
f 617/630 616/629 618/631
f 2340/2598 368/2600 2342/2602
f 2340/2598 2342/2602 2341/2601
f 4912/7376 4911/7375 4910/7374
f 2454/3132 2799/3131 2798/3130
f 2454/4384 2798/4381 3685/4382
f 645/659 648/662 647/661
f 5041/7976 5042/7977 5036/7967
f 3303/3847 3319/3863 3292/3836
f 3120/3559 3119/3558 3121/3560
f 3120/3559 3114/3553 3119/3558
f 3350/3917 694/3914 3348/3910
f 3298/3842 3293/3837 3297/3841
f 3298/3842 3297/3841 3299/3843
f 4451/5943 744/5968 4448/5937
f 4451/5943 624/5963 628/5967
f 4451/5943 628/5967 744/5968
f 368/2600 366/2605 2342/2602
f 368/373 367/372 366/371
f 694/713 692/711 695/714
f 694/3914 695/3913 3348/3910
f 3087/7247 4872/7246 3088/7245
f 3087/3524 3088/3525 3089/3526
f 3293/3837 3295/3839 3297/3841
f 3293/3837 3294/3838 3295/3839
f 3293/3837 3292/3836 3294/3838
f 3299/3843 3297/3841 698/3871
f 698/717 699/718 673/692
f 698/3871 3297/3841 699/3872
f 4448/5937 744/5968 716/5970
f 624/637 622/635 628/641
f 705/724 706/725 734/753
f 673/692 699/718 668/687
f 712/731 711/730 707/726
f 712/731 716/735 711/730
f 383/4383 3685/4382 381/4380
f 383/388 381/386 382/387
f 5036/7967 300/7966 275/7968
f 5036/7967 5042/7977 5035/7965
f 5036/7967 5035/7965 300/7966
f 275/279 300/304 299/303
f 807/840 802/835 808/841
f 807/3892 808/3895 3335/3891
f 1370/8348 1368/8349 422/8350
f 422/8278 1368/8279 426/8280
f 422/427 426/431 425/430
f 668/687 699/718 672/691
f 668/687 672/691 671/690
f 668/687 671/690 667/686
f 707/726 711/730 709/728
f 707/726 709/728 708/727
f 707/726 708/727 706/725
f 4909/7373 4908/7371 4911/7375
f 4909/7373 4907/7370 4908/7371
f 4911/7375 4908/7371 4910/7374
f 2799/3131 2812/3147 2807/3141
f 2799/3131 2797/3129 2798/3130
f 2799/3131 2807/3141 2797/3129
f 1318/5626 1321/5617 1323/5625
f 1318/1411 1323/1416 1288/1381
f 1318/1411 1320/1413 1321/1414
f 1318/1411 1283/1376 1320/1413
f 1318/1411 1288/1381 1285/1378
f 1318/1411 1285/1378 1283/1376
f 1167/1254 1157/1244 1168/1255
f 1157/1244 1160/1247 1168/1255
f 1157/1244 1156/1243 1160/1247
f 372/377 371/376 367/372
f 372/8829 5199/8822 371/8841
f 2215/2465 2216/2466 2217/2468
f 2215/2465 2217/2468 801/2467
f 3121/4585 3119/4588 3773/4586
f 4872/7246 4871/7244 3088/7245
f 4872/7246 3344/7255 4871/7244
f 4872/7246 3347/7254 3344/7255
f 716/735 744/763 711/730
f 628/771 745/764 744/763
f 628/641 622/635 629/642
f 628/771 629/770 745/764
f 2341/2601 2342/2602 2346/2607
f 2341/3116 2787/3117 2786/3115
f 2341/3116 2346/3118 2787/3117
f 4910/7374 4674/7372 4675/7392
f 4910/7374 4908/7371 4674/7372
f 1323/5625 1321/5617 4295/5613
f 1323/5625 4295/5613 1327/5622
f 1323/1416 1327/1420 1293/1386
f 1323/1416 1293/1386 1288/1381
f 1320/4173 3557/4163 1321/4168
f 1320/4173 1326/4170 3557/4163
f 1320/1413 1283/1376 1326/1419
f 2216/3574 299/3573 2218/3572
f 2216/2466 2218/2469 2217/2468
f 3297/3841 3295/3839 699/3872
f 699/3872 3295/3839 672/3876
f 744/763 745/764 711/730
f 622/635 619/632 629/642
f 3685/4382 3684/4379 381/4380
f 3685/4382 2798/4381 3684/4379
f 5042/7977 4904/7979 4902/7978
f 5042/7977 4902/7978 5035/7965
f 801/834 800/833 802/835
f 801/2467 2217/2468 797/2470
f 801/834 797/830 800/833
f 3089/3526 3088/3525 3091/3528
f 3089/3526 3115/3554 3114/3553
f 3089/3526 3091/3528 3115/3554
f 3295/3839 3296/3840 672/3876
f 3295/3839 3294/3838 3296/3840
f 672/3876 3296/3840 671/3879
f 619/632 621/634 629/642
f 619/632 620/633 621/634
f 619/632 618/631 620/633
f 366/2605 2345/2606 2342/2602
f 366/371 367/372 365/370
f 366/2605 361/2610 2345/2606
f 366/371 365/370 361/366
f 2342/2602 2345/2606 2346/2607
f 382/387 381/386 380/385
f 382/387 392/397 393/398
f 382/387 380/385 392/397
f 3336/3893 3337/3894 3326/3916
f 1321/5617 4296/5614 4295/5613
f 1321/4168 3557/4163 3558/4164
f 1321/5617 3560/5618 4296/5614
f 1321/4168 3558/4164 3560/4166
f 3319/3863 3318/3862 3320/3864
f 3319/3863 3320/3864 3292/3836
f 2786/7391 4905/7366 4907/7370
f 2786/7391 2787/7398 4905/7366
f 5201/8826 743/8850 5200/8823
f 2812/4602 3780/4600 3782/4603
f 2812/4602 3782/4603 2807/4604
f 299/3573 305/3571 2218/3572
f 299/303 300/304 305/309
f 3773/4586 3119/4588 3774/4587
f 3773/4586 3767/4572 3763/4568
f 3773/4586 3774/4587 3767/4572
f 3088/7245 4871/7244 3092/7243
f 3088/3525 3092/3529 3091/3528
f 711/730 745/764 709/728
f 734/753 735/754 733/752
f 734/753 706/725 735/754
f 3780/4600 1316/4633 1315/4620
f 3780/4600 1315/4620 3782/4603
f 426/7578 1368/7574 425/7576
f 709/728 745/764 746/765
f 709/728 746/765 710/729
f 709/728 710/729 708/727
f 745/764 629/770 746/765
f 629/770 621/777 746/765
f 381/4380 3684/4379 379/4376
f 381/386 379/384 380/385
f 4675/6546 3793/6545 3794/6547
f 4675/6546 4674/6544 3793/6545
f 2798/4381 2796/4378 3684/4379
f 2798/3130 2797/3129 2796/3128
f 4295/5613 4288/5606 1327/5622
f 4295/5613 4283/5601 4288/5606
f 4295/5613 4296/5614 4283/5601
f 4904/7363 4903/7362 4902/7361
f 3326/3870 3321/3865 3318/3862
f 3326/3916 3337/3894 3327/3911
f 3326/3870 3327/3873 3321/3865
f 3557/4163 1326/4170 3548/4154
f 3557/4163 3548/4154 3538/4144
f 3557/4163 3538/4144 3558/4164
f 802/835 800/833 808/841
f 3114/3553 3116/3555 3119/3558
f 3114/3553 3115/3554 3116/3555
f 621/777 656/767 746/765
f 621/634 620/633 656/674
f 1160/7337 1156/7333 1168/7336
f 367/372 371/376 365/370
f 3318/3862 3321/3865 3320/3864
f 2217/2468 2218/2469 2221/2473
f 2217/2468 2221/2473 797/2470
f 1368/7574 1369/7575 425/7576
f 746/765 656/767 710/729
f 2218/2469 2222/2474 2221/2473
f 2218/3572 305/3571 2222/3570
f 797/2470 2221/2473 798/2480
f 797/830 798/831 799/832
f 797/830 799/832 800/833
f 425/7576 1369/7575 429/7577
f 361/4386 3683/4375 2345/4388
f 361/4386 363/4373 3683/4375
f 361/366 362/367 363/368
f 361/366 365/370 362/367
f 733/752 736/755 743/762
f 733/752 735/754 736/755
f 2346/4389 2345/4388 2789/4387
f 2346/3118 2788/3119 2787/3117
f 2346/3118 2789/3120 2788/3119
f 3794/4632 3793/4631 3791/4627
f 1327/5622 4288/5606 1332/5621
f 1327/1420 1332/1425 1293/1386
f 4903/7362 4901/7360 4902/7361
f 4903/7362 3792/7365 3787/7364
f 4903/7362 3787/7364 4901/7360
f 5035/7965 306/7964 300/7966
f 5035/7965 4902/7978 4897/7961
f 5035/7965 4897/7961 306/7964
f 300/304 306/310 305/309
f 1326/4170 1337/4169 3548/4154
f 1326/1419 1280/1373 1337/1430
f 1326/1419 1283/1376 1280/1373
f 3092/7243 4871/7244 3346/7242
f 3092/3529 3093/3530 3091/3528
f 3092/7243 3346/7242 3094/7240
f 3092/3529 3094/3531 3093/3530
f 4871/7244 3344/7255 3346/7242
f 1168/7336 1156/7333 2141/7335
f 2345/4388 3683/4375 2789/4387
f 743/8850 417/8847 5200/8823
f 743/762 736/755 417/776
f 4907/7370 4672/7369 4908/7371
f 4907/7370 4905/7366 4672/7369
f 3684/4379 3682/4374 379/4376
f 3684/4379 2796/4378 3682/4374
f 2797/3129 2807/3141 2793/3124
f 2797/3129 2792/3123 2796/3128
f 2797/3129 2793/3124 2792/3123
f 3119/4588 3116/4589 3774/4587
f 3347/3909 3345/3906 3344/3905
f 3347/3909 3348/3910 3345/3906
f 1156/7333 1154/7338 2140/7334
f 1156/7333 2140/7334 2141/7335
f 379/4376 3682/4374 363/4373
f 379/384 363/368 364/369
f 379/384 364/369 380/385
f 4908/7371 4672/7369 4674/7372
f 393/398 394/399 395/400
f 393/398 392/397 394/399
f 2221/2473 2229/2482 798/2480
f 2221/2473 2222/2474 2229/2482
f 808/841 800/833 812/845
f 808/3895 3338/3896 3335/3891
f 808/3895 812/3898 3338/3896
f 3091/3528 3118/3557 3115/3554
f 3091/3528 3093/3530 3118/3557
f 371/376 377/382 365/370
f 371/8841 5199/8822 5202/8827
f 371/8841 5202/8827 377/8831
f 363/4373 3682/4374 3683/4375
f 363/368 362/367 364/369
f 2787/7398 2788/7399 4906/7367
f 2787/7398 4906/7367 4905/7366
f 380/385 364/369 392/397
f 4902/7361 4901/7360 4897/7352
f 1313/1406 1287/1380 1316/1409
f 1313/4574 3765/4570 1284/4577
f 1313/1406 1286/1379 1287/1380
f 1313/1406 1284/1377 1286/1379
f 3763/4568 3764/4569 3765/4570
f 3763/4568 3767/4572 3764/4569
f 798/3552 2229/3551 3094/3531
f 798/7239 3094/7240 804/7241
f 798/831 804/837 799/832
f 3094/3531 2229/3551 3093/3530
f 3094/7240 3346/7242 804/7241
f 660/679 669/688 691/710
f 660/679 667/686 669/688
f 4674/6544 3790/6542 3793/6545
f 4674/6544 4672/6539 3790/6542
f 3791/4627 3793/4631 3789/4624
f 3791/4627 3789/4624 1338/4625
f 3791/4627 1338/4625 1344/4628
f 2807/4604 3782/4603 2793/4605
f 4288/5606 4286/5604 1332/5621
f 4288/5606 4275/5593 4286/5604
f 4288/5606 4283/5601 4275/5593
f 3792/4629 1341/4622 3787/4621
f 3792/4629 1343/4630 1341/4622
f 3548/4154 1337/4169 3549/4155
f 3548/4154 3549/4155 3539/4145
f 3548/4154 3539/4145 3538/4144
f 305/3571 3129/3569 2222/3570
f 305/3571 306/3615 3129/3569
f 800/833 799/832 812/845
f 3774/4587 3116/4589 3775/4591
f 3774/4587 3775/4591 3767/4572
f 365/370 377/382 362/367
f 3683/4375 2795/4377 2789/4387
f 3683/4375 3682/4374 2795/4377
f 2789/3120 2790/3121 2788/3119
f 2789/3120 2795/3127 2790/3121
f 2796/4378 2795/4377 3682/4374
f 2796/3128 2792/3123 2795/3127
f 616/629 647/661 650/664
f 616/629 650/664 618/631
f 2222/2474 2230/2483 2229/2482
f 2222/3570 3129/3569 2230/3568
f 2229/3551 2230/3568 3093/3530
f 3335/3891 3338/3896 3339/3897
f 3335/3891 3339/3897 3337/3894
f 3115/3554 3117/3556 3116/3555
f 3115/3554 3118/3557 3117/3556
f 3346/7242 816/7253 804/7241
f 3346/3907 3342/3902 816/3904
f 3346/3907 3344/3905 3342/3902
f 1316/1409 1292/1385 1315/1408
f 1316/1409 1287/1380 1292/1385
f 3560/5618 4297/5615 4296/5614
f 3560/4166 3558/4164 3559/4165
f 3560/5618 3561/5619 4297/5615
f 3560/4166 3559/4165 3561/4167
f 4901/7360 4898/7353 4897/7352
f 4901/7360 3787/7364 3786/7359
f 4901/7360 3786/7359 4898/7353
f 3765/4570 3764/4569 1279/4575
f 3765/4570 1279/4575 1284/4577
f 3093/3530 2230/3568 3128/3567
f 3093/3530 3128/3567 3118/3557
f 5199/8822 416/8825 5202/8827
f 5199/8822 5200/8823 416/8825
f 799/832 813/846 812/845
f 799/832 804/837 813/846
f 362/367 378/383 364/369
f 362/367 377/382 378/383
f 364/369 378/383 391/396
f 364/369 391/396 392/397
f 2788/3119 2790/3121 2791/3122
f 2788/7399 2791/7412 4906/7367
f 3793/4631 3790/4626 3789/4624
f 2792/3123 2790/3121 2795/3127
f 2792/3123 2793/3124 2791/3122
f 2792/3123 2791/3122 2790/3121
f 1332/5621 4286/5604 1339/5620
f 1332/1425 1339/1432 1294/1387
f 1332/1425 1294/1387 1293/1386
f 1337/4169 1342/4171 3549/4155
f 1337/1430 1273/1366 1342/1435
f 1337/1430 1280/1373 1273/1366
f 812/845 813/846 814/847
f 812/3898 814/3900 3340/3899
f 812/3898 3340/3899 3338/3896
f 3116/4589 3117/4594 3775/4591
f 804/837 816/849 813/846
f 377/382 390/395 378/383
f 377/8831 5203/8830 390/8832
f 377/8831 5202/8827 5203/8830
f 4905/7366 4673/7368 4672/7369
f 4905/7366 4906/7367 4673/7368
f 4672/6539 3788/6541 3790/6542
f 4672/6539 4673/6540 3788/6541
f 4897/7961 3134/7963 306/7964
f 4897/7352 4898/7353 4899/7354
f 4897/7961 4899/7962 3134/7963
f 306/3615 3134/3594 3129/3569
f 3129/3569 3128/3567 2230/3568
f 3129/3569 3134/3594 3128/3567
f 816/849 814/847 813/846
f 816/3904 3342/3902 814/3900
f 4296/5614 4284/5602 4283/5601
f 4296/5614 4297/5615 4284/5602
f 3787/4621 1334/4619 3786/4618
f 3787/4621 1341/4622 1334/4619
f 3558/4164 3538/4144 3541/4147
f 3558/4164 3541/4147 3559/4165
f 691/710 693/712 692/711
f 691/710 669/688 693/712
f 3789/4624 3790/4626 3785/4615
f 3789/4624 3785/4615 1333/4616
f 3789/4624 1333/4616 1338/4625
f 2793/4605 1314/4606 2791/4607
f 2793/4605 3782/4603 1314/4606
f 4286/5604 4287/5605 1339/5620
f 4286/5604 4278/5596 4287/5605
f 4286/5604 4275/5593 4278/5596
f 1285/1378 1287/1380 1286/1379
f 1285/1378 1286/1379 1284/1377
f 1285/1378 1288/1381 1287/1380
f 1285/1378 1284/1377 1283/1376
f 3549/4155 1342/4171 3550/4156
f 3549/4155 3550/4156 3543/4149
f 3549/4155 3543/4149 3539/4145
f 3118/3557 3128/3567 3130/3587
f 3118/3557 3130/3587 3117/3556
f 3775/4591 3117/4594 3131/4595
f 3775/4591 3131/4595 3767/4572
f 378/383 390/395 405/410
f 378/383 405/410 391/396
f 3292/3836 3320/3864 3323/3867
f 3292/3836 3323/3867 3294/3838
f 390/8832 5203/8830 405/8833
f 647/661 648/662 649/663
f 647/661 649/663 650/664
f 4898/7353 4900/7355 4899/7354
f 4898/7353 3786/7359 3784/7358
f 4898/7353 3784/7358 4900/7355
f 3128/3567 3134/3594 3130/3587
f 706/725 738/757 735/754
f 706/725 708/727 738/757
f 1315/4620 1304/4617 3782/4603
f 1315/1408 1292/1385 1304/1397
f 3764/4569 3767/4572 1289/4573
f 3764/4569 1289/4573 1279/4575
f 3117/3556 3130/3587 3131/3590
f 814/3900 3342/3902 3340/3899
f 3790/4626 3788/4623 3785/4615
f 4906/8650 2791/8651 4673/8652
f 4673/6540 2791/6543 3788/6541
f 4283/5601 4276/5594 4275/5593
f 4283/5601 4284/5602 4276/5594
f 1288/1381 1292/1385 1287/1380
f 1288/1381 1293/1386 1292/1385
f 3538/4144 3539/4145 3540/4146
f 3538/4144 3540/4146 3541/4147
f 1283/1376 1284/1377 1279/1372
f 1283/1376 1279/1372 1280/1373
f 4899/7962 3130/7972 3134/7963
f 4899/7354 4900/7355 3130/7356
f 3786/4618 1322/4610 3784/4614
f 3786/4618 1334/4619 1322/4610
f 692/711 693/712 695/714
f 2791/4607 3783/4613 3788/4623
f 2791/4607 1317/4609 3783/4613
f 2791/4607 1314/4606 1317/4609
f 3782/4603 1304/4617 1314/4606
f 395/400 394/399 407/412
f 1339/5620 4287/5605 1340/5623
f 1339/1432 1340/1433 1296/1389
f 1339/1432 1296/1389 1294/1387
f 3561/6851 4293/6853 4297/6854
f 3561/4167 3559/4165 3547/4153
f 3561/6851 4759/6852 4293/6853
f 3561/6851 3547/6856 4759/6852
f 1342/4171 1345/4172 3550/4156
f 1342/1435 1275/1368 1345/1438
f 1342/1435 1273/1366 1275/1368
f 3767/4572 3131/4595 3769/4578
f 3767/4572 3769/4578 1289/4573
f 3130/3587 3132/3591 3131/3590
f 3130/7356 4900/7355 3132/7357
f 3131/4595 3132/4608 3769/4578
f 3344/3905 3343/3903 3342/3902
f 3344/3905 3345/3906 3343/3903
f 3348/3910 695/3913 3345/3906
f 3785/4615 3788/4623 3783/4613
f 3785/4615 3783/4613 1317/4609
f 3785/4615 1317/4609 1333/4616
f 392/8853 391/8851 409/8852
f 392/8853 409/8852 394/8854
f 648/662 407/669 649/663
f 4287/5605 4289/5607 1340/5623
f 4287/5605 4280/5598 4289/5607
f 4287/5605 4278/5596 4280/5598
f 3550/4156 1345/4172 3553/4159
f 3550/4156 3553/4159 3552/4158
f 3550/4156 3552/4158 3543/4149
f 4900/7355 3784/7358 3132/7357
f 3338/3896 3340/3899 3341/3901
f 3338/3896 3341/3901 3339/3897
f 695/8560 696/8556 3345/8559
f 695/714 693/712 696/715
f 5202/8827 414/8828 5203/8830
f 5202/8827 416/8825 414/8828
f 4762/6859 4760/6857 3912/6870
f 4762/6859 4293/6853 4760/6857
f 4762/6859 3912/6870 3935/6861
f 4762/6859 3935/6861 4285/6860
f 4762/6859 4285/6860 4293/6853
f 4760/6857 4761/6858 4766/6874
f 4760/6857 4759/6852 4761/6858
f 4760/6857 3913/6871 3912/6870
f 4760/6857 4765/6872 3913/6871
f 4760/6857 4766/6874 4765/6872
f 4760/6857 4293/6853 4759/6852
f 4761/6858 4763/6867 4766/6874
f 4761/6858 4759/6852 3547/6856
f 4761/6858 3547/6856 4763/6867
f 3132/4608 3784/4614 1322/4610
f 3132/4608 1322/4610 3769/4578
f 407/412 394/399 408/413
f 407/669 408/670 649/663
f 4275/5593 4277/5595 4278/5596
f 4275/5593 4276/5594 4277/5595
f 1292/1385 1293/1386 1294/1387
f 1292/1385 1295/1388 1304/1397
f 1292/1385 1294/1387 1295/1388
f 3912/4872 3913/4873 3910/4870
f 3912/4872 3909/4869 3935/4897
f 3912/4872 3910/4870 3909/4869
f 4297/6854 4293/6853 4284/6855
f 3913/6871 4765/6872 3916/6873
f 3913/4873 3916/4876 3910/4870
f 3916/7155 4765/7154 4853/7153
f 3916/4876 3914/4874 3910/4870
f 3916/7155 4853/7153 3914/7152
f 3559/4165 3541/4147 3547/4153
f 4765/7154 4766/7107 4853/7153
f 3539/4145 3543/4149 3542/4148
f 3539/4145 3542/4148 3540/4146
f 4766/7107 4763/7104 4823/7106
f 4766/7107 4823/7106 4853/7153
f 1279/1372 1273/1366 1280/1373
f 1279/1372 1289/1382 1274/1367
f 1279/1372 1274/1367 1273/1366
f 3320/3864 3321/3865 3322/3866
f 3320/3864 3322/3866 3323/3867
f 735/754 737/756 736/755
f 735/754 738/757 737/756
f 3337/3894 3339/3897 3327/3911
f 667/686 671/690 701/720
f 667/686 701/720 669/688
f 1340/5623 4289/5607 1331/5624
f 1340/1433 1331/1424 1298/1391
f 1340/1433 1298/1391 1296/1389
f 1345/4172 1336/4174 3553/4159
f 1345/1438 1277/1370 1336/1429
f 1345/1438 1275/1368 1277/1370
f 5200/8823 417/8847 416/8825
f 391/8851 405/8833 411/8842
f 391/8851 411/8842 409/8852
f 618/631 653/667 620/633
f 618/631 650/664 653/667
f 4289/5607 4292/5610 1331/5624
f 4289/5607 4290/5608 4292/5610
f 4289/5607 4280/5598 4290/5608
f 3935/4897 3909/4869 3921/4882
f 3935/6861 4282/6862 4285/6860
f 3935/6861 3921/6863 4282/6862
f 4293/5611 4285/5603 4284/5602
f 3553/4159 1336/4174 3556/4162
f 3553/4159 3556/4162 3555/4161
f 3553/4159 3555/4161 3552/4158
f 3547/6856 4764/6868 4763/6867
f 3547/4153 3541/4147 3545/4151
f 3547/6856 3545/6869 4764/6868
f 4763/7104 4764/7105 4823/7106
f 3342/3902 3341/3901 3340/3899
f 3342/3902 3343/3903 3341/3901
f 1343/1436 1346/1439 1311/1404
f 1343/1436 1306/1399 1341/1434
f 1343/1436 1311/1404 1312/1405
f 1343/1436 1312/1405 1306/1399
f 4284/5602 4285/5603 4276/5594
f 3321/3865 3327/3873 3322/3866
f 3541/4147 3540/4146 3545/4151
f 5203/8830 411/8842 405/8833
f 5203/8830 414/8828 411/8842
f 1346/1439 1344/1437 1309/1402
f 1346/1439 1309/1402 1311/1404
f 4278/5596 4279/5597 4280/5598
f 4278/5596 4277/5595 4279/5597
f 3327/3911 3339/3897 3328/3908
f 3327/3873 3328/3874 3322/3866
f 3543/4149 3552/4158 3551/4157
f 3543/4149 3551/4157 3542/4148
f 736/755 737/756 417/776
f 708/727 710/729 740/759
f 708/727 740/759 738/757
f 417/422 415/420 416/421
f 417/776 737/756 415/774
f 1344/1437 1338/1431 1305/1398
f 1344/1437 1305/1398 1309/1402
f 1304/1397 1297/1390 1314/1407
f 1304/1397 1295/1388 1297/1390
f 1289/4573 3769/4578 1276/4579
f 1289/1382 1276/1369 1274/1367
f 1331/6288 4292/6278 1330/6282
f 1331/1424 1330/1423 1299/1392
f 1331/1424 1299/1392 1298/1391
f 1341/1434 1290/1383 1334/1427
f 1341/1434 1306/1399 1290/1383
f 1336/4174 1335/4175 3556/4162
f 1336/1429 1278/1371 1335/1428
f 1336/1429 1277/1370 1278/1371
f 1314/1407 1297/1390 1317/1410
f 1338/1431 1333/1426 1302/1395
f 1338/1431 1302/1395 1305/1398
f 4292/6278 4564/6275 1330/6282
f 4292/6278 4565/6276 4564/6275
f 4292/6278 4290/6279 4565/6276
f 1295/1388 1294/1387 1296/1389
f 1295/1388 1296/1389 1297/1390
f 3909/4869 3907/4867 3921/4882
f 3909/4869 3910/4870 3908/4868
f 3909/4869 3908/4868 3907/4867
f 4285/5603 4282/5600 4276/5594
f 3556/8228 1335/8231 4567/8223
f 3556/8228 4567/8223 5093/8221
f 3556/8228 5093/8221 3555/8229
f 3545/7114 4825/7109 4764/7105
f 3545/4151 3540/4146 3544/4150
f 3545/7114 3544/7113 4825/7109
f 4764/7105 4824/7108 4823/7106
f 4764/7105 4825/7109 4824/7108
f 4823/7106 4828/7117 4853/7153
f 4823/7106 4824/7108 4828/7117
f 1273/1366 1274/1367 1275/1368
f 3294/3838 3325/3869 3296/3840
f 3294/3838 3323/3867 3325/3869
f 3769/4578 1322/4610 1276/4579
f 1274/1367 1276/1369 1275/1368
f 620/773 747/768 656/767
f 620/773 653/772 747/768
f 1333/1426 1317/1410 1300/1393
f 1333/1426 1300/1393 1302/1395
f 1330/6282 4564/6275 1329/6281
f 1330/1423 1329/1422 1301/1394
f 1330/1423 1301/1394 1299/1392
f 4280/5598 4291/5609 4290/5608
f 4280/5598 4279/5597 4291/5609
f 4276/5594 4282/5600 4277/5595
f 1335/8231 1328/8232 4567/8223
f 1335/1428 1282/1375 1328/1421
f 1335/1428 1278/1371 1282/1375
f 1334/1427 1281/1374 1322/1415
f 1334/1427 1290/1383 1281/1374
f 3552/4158 3555/4161 3554/4160
f 3552/4158 3554/4160 3551/4157
f 3540/4146 3542/4148 3544/4150
f 1317/1410 1297/1390 1300/1393
f 4564/6275 4561/6272 1329/6281
f 4564/6275 4562/6273 4561/6272
f 4564/6275 4565/6276 4562/6273
f 4567/6287 1328/6286 4566/6285
f 4567/8223 4566/8224 5094/8222
f 4567/8223 5094/8222 5093/8221
f 1322/1415 1281/1374 1276/1369
f 710/729 656/767 747/768
f 710/729 747/768 740/759
f 671/3879 3296/3840 701/3878
f 1329/6281 4561/6272 1324/6280
f 1329/1422 1324/1417 1303/1396
f 1329/1422 1303/1396 1301/1394
f 4561/6272 4552/6263 1324/6280
f 4561/6272 4553/6264 4552/6263
f 4561/6272 4562/6273 4553/6264
f 3921/6863 4281/6864 4282/6862
f 3921/4882 3907/4867 3919/4879
f 3921/6863 3919/6865 4281/6864
f 1328/6286 1325/6284 4566/6285
f 1328/1421 1291/1384 1325/1418
f 1328/1421 1282/1375 1291/1384
f 4566/6285 1325/6284 4558/6269
f 4566/8224 4558/8227 4559/8225
f 4566/8224 4559/8225 5094/8222
f 1296/1389 1298/1391 1297/1390
f 1324/6280 4552/6263 1319/6283
f 1324/1417 1319/1412 1308/1401
f 1324/1417 1308/1401 1303/1396
f 4552/6263 4555/6266 1319/6283
f 4552/6263 4554/6265 4555/6266
f 4552/6263 4553/6264 4554/6265
f 1319/6283 4555/6266 1325/6284
f 1319/1412 1325/1418 1307/1400
f 1319/1412 1310/1403 1308/1401
f 1319/1412 1307/1400 1310/1403
f 4555/6266 4558/6269 1325/6284
f 4555/6266 4554/6265 4558/6269
f 4282/5600 4281/5599 4277/5595
f 1325/1418 1291/1384 1307/1400
f 4558/6269 4554/6265 4559/6270
f 3910/4870 3914/4874 3911/4871
f 3910/4870 3911/4871 3908/4868
f 3914/7152 4853/7153 4852/7147
f 3914/4874 3915/4875 3911/4871
f 3914/7152 4852/7147 3915/7151
f 4853/7153 4828/7117 4852/7147
f 3544/4150 3542/4148 3546/4152
f 3544/7113 3546/7112 4825/7109
f 1275/1368 1276/1369 1277/1370
f 3296/3840 3325/3869 701/3878
f 4290/6279 4294/6277 4565/6276
f 4290/5608 4291/5609 4294/5612
f 2616/6582 3475/6583 2615/6584
f 2616/6582 3478/6581 3475/6583
f 2616/2917 2615/2916 2614/2915
f 2616/2917 2614/2915 2617/2918
f 2616/6582 2617/6580 3478/6581
f 3475/6583 3480/6585 2615/6584
f 3475/4079 3477/4081 3480/4084
f 3475/4079 3478/4082 3476/4080
f 3475/4079 3476/4080 3477/4081
f 3555/8229 5093/8221 5021/8218
f 3555/8229 5021/8218 3554/8230
f 3961/6578 4685/6560 2780/6561
f 3961/6578 3963/6577 4685/6560
f 3961/6578 2780/6561 3960/6586
f 3961/4952 3960/4951 3959/4950
f 3961/4952 3962/4953 3963/4954
f 3961/4952 3959/4950 3962/4953
f 4685/6560 4684/6559 2780/6561
f 4685/6560 4683/6558 4684/6559
f 4685/6560 3963/6577 4683/6558
f 4277/5595 4281/5599 4279/5597
f 3542/4148 3551/4157 3546/4152
f 4825/7109 4826/7110 4824/7108
f 4825/7109 3962/7111 4826/7110
f 4825/7109 3546/7112 3962/7111
f 669/688 700/719 693/712
f 669/688 701/720 700/719
f 3907/4867 3477/4849 3919/4879
f 3907/4867 3908/4868 3906/4866
f 3907/4867 3906/4866 3905/4865
f 3907/4867 3905/4865 3477/4849
f 4824/7108 4826/7110 3959/7115
f 4824/7108 4829/7118 4828/7117
f 4824/7108 4827/7116 4829/7118
f 4824/7108 3959/7115 4827/7116
f 4565/6276 4563/6274 4562/6273
f 4565/6276 4294/6277 4563/6274
f 5093/8221 5094/8222 4689/8219
f 5093/8221 4689/8219 5021/8218
f 1298/1391 1299/1392 1297/1390
f 2614/2915 2615/2916 2613/2914
f 2614/2915 2618/2919 2617/2918
f 2614/2915 2613/2914 2611/2912
f 2614/2915 2611/2912 2618/2919
f 1277/1370 1276/1369 1278/1371
f 4684/6559 2771/6562 2780/6561
f 4684/6559 4683/6558 4682/6557
f 4684/7595 2772/7594 2771/7596
f 4684/7595 4682/7593 2772/7594
f 3345/8559 696/8556 3343/8558
f 650/664 649/663 654/668
f 650/664 654/668 653/667
f 1297/1390 1299/1392 1300/1393
f 394/399 409/414 408/413
f 4562/6273 4557/6268 4553/6264
f 4562/6273 4563/6274 4557/6268
f 2615/6311 3480/6310 4573/6303
f 2615/2916 2621/2922 2613/2914
f 2615/6311 4573/6303 2621/6312
f 3480/6310 3477/6309 4573/6303
f 5094/8222 4559/8225 4560/8226
f 5094/8222 4560/8226 4689/8219
f 3960/8640 2780/8641 3945/8642
f 3960/4951 3945/4945 3959/4950
f 2780/3104 2771/3092 2778/3102
f 2780/8641 2778/8643 3945/8642
f 1276/1369 1281/1374 1278/1371
f 2617/6580 4688/6571 3478/6581
f 2617/2918 2618/2919 2619/2920
f 2617/6580 2619/6579 4688/6571
f 3478/4082 3481/4085 3479/4083
f 3478/6581 4688/6571 3481/6587
f 3478/4082 3479/4083 3476/4080
f 4553/6264 4556/6267 4554/6265
f 4553/6264 4557/6268 4556/6267
f 2611/2912 2613/2914 2612/2913
f 2611/2912 2612/2913 2607/2908
f 2611/2912 2605/2906 2618/2919
f 2611/2912 2607/2908 2605/2906
f 4554/6265 4556/6267 4559/6270
f 4559/6270 4556/6267 4560/6271
f 3963/6577 4691/6575 4683/6558
f 3963/6577 3962/6593 3546/6592
f 3963/6577 3546/6592 4692/6591
f 3963/6577 4692/6591 4691/6575
f 3339/3897 3341/3901 3328/3908
f 4683/6558 4681/6556 4682/6557
f 4683/6558 4691/6575 4681/6556
f 2772/7594 2770/7597 2771/7596
f 2772/3093 2766/3087 2770/3091
f 2772/7594 4682/7593 2764/7592
f 2772/3093 2764/3085 2766/3087
f 4279/5597 4281/5599 3920/5616
f 4279/5597 3920/5616 4291/5609
f 3919/6865 3920/6866 4281/6864
f 3919/4879 3476/4880 3920/4881
f 3919/4879 3477/4849 3476/4880
f 3908/4868 3900/4860 3906/4866
f 3908/4868 3917/4877 3900/4860
f 3908/4868 3911/4871 3917/4877
f 3551/7870 4692/7869 3546/7871
f 3551/7870 3554/7866 4692/7869
f 3962/7111 3959/7115 4826/7110
f 4828/7117 4850/7145 4852/7147
f 4828/7117 4829/7118 4850/7145
f 693/712 700/719 696/715
f 416/421 415/420 414/419
f 3481/6587 4294/6576 4291/6588
f 3481/6587 4291/6588 3479/6589
f 3481/6587 4688/6571 4294/6576
f 3900/4860 3898/4858 3906/4866
f 3900/4860 3896/4856 3898/4858
f 3900/4860 3917/4877 3896/4856
f 4850/7145 4851/7146 4852/7147
f 4850/7145 4829/7118 4845/7140
f 4850/7145 4845/7140 4849/7144
f 4850/7145 4849/7144 4851/7146
f 1299/1392 1301/1394 1300/1393
f 4291/6588 3920/6590 3479/6589
f 2613/2914 2610/2911 2612/2913
f 2613/2914 2621/2922 2610/2911
f 3554/7866 5021/7867 4691/7868
f 3554/7866 4691/7868 4692/7869
f 1278/1371 1281/1374 1282/1375
f 2771/3092 2770/3091 2769/3090
f 2771/3092 2769/3090 2778/3102
f 1300/1393 1301/1394 1302/1395
f 649/663 408/670 654/668
f 2612/2913 2610/2911 2607/2908
f 1281/1374 1290/1383 1282/1375
f 2770/3091 2766/3087 2769/3090
f 696/8556 702/8557 3343/8558
f 696/715 700/719 702/721
f 738/757 739/758 737/756
f 738/757 740/759 739/758
f 408/413 409/414 410/415
f 408/670 410/672 654/668
f 4294/6576 4688/6571 4563/6570
f 3920/4881 3476/4880 3479/4883
f 3906/4866 3904/4864 3905/4865
f 3906/4866 3898/4858 3904/4864
f 3911/8481 3915/8482 3918/8483
f 3911/4871 3918/4878 3917/4877
f 5021/8218 4689/8219 4691/8220
f 4852/7147 4851/7146 3915/7151
f 4829/7118 4830/7119 4845/7140
f 4829/7118 4827/7116 4830/7119
f 3323/3867 3322/3866 3324/3868
f 3323/3867 3324/3868 3325/3869
f 1302/1395 1303/1396 1305/1398
f 1302/1395 1301/1394 1303/1396
f 1305/1398 1308/1401 1309/1402
f 1305/1398 1303/1396 1308/1401
f 1309/1402 1310/1403 1311/1404
f 1309/1402 1308/1401 1310/1403
f 2618/2919 2605/2906 2606/2907
f 2618/2919 2606/2907 2619/2920
f 1311/1404 1307/1400 1312/1405
f 1311/1404 1310/1403 1307/1400
f 1312/1405 1307/1400 1306/1399
f 3905/4865 3889/4848 3477/4849
f 3905/4865 3903/4863 3889/4848
f 3905/4865 3904/4864 3903/4863
f 3898/4858 3896/4856 3895/4855
f 3898/4858 3899/4859 3904/4864
f 3898/4858 3895/4855 3899/4859
f 1306/1399 1291/1384 1290/1383
f 1306/1399 1307/1400 1291/1384
f 1290/1383 1291/1384 1282/1375
f 3915/8482 4851/8484 3918/8483
f 4845/7140 4846/7141 4849/7144
f 4845/7140 4830/7119 4844/7139
f 4845/7140 4844/7139 4846/7141
f 4827/7116 3959/7115 4831/7120
f 4827/7116 4831/7120 4830/7119
f 4682/7593 4680/7591 2764/7592
f 4682/6557 4681/6556 4680/6555
f 4688/6571 4687/6569 4563/6570
f 4688/6571 2619/6579 4687/6569
f 4563/6570 4687/6569 4557/6566
f 4687/6569 4686/6567 4557/6566
f 4687/6569 2620/6563 4686/6567
f 4687/6569 2619/6579 2620/6563
f 4557/6566 4686/6567 4556/6568
f 4556/6568 4686/6567 4560/6572
f 4686/6567 4689/6573 4560/6572
f 4686/6567 4690/6574 4689/6573
f 4686/6567 4679/6554 4690/6574
f 4686/6567 2620/6563 4677/6551
f 4686/6567 4677/6551 4679/6554
f 4689/6573 4690/6574 4691/6575
f 4690/6574 4681/6556 4691/6575
f 4690/6574 4679/6554 4681/6556
f 3917/4877 3918/4878 3897/4857
f 3917/4877 3897/4857 3896/4856
f 3918/7157 4851/7146 3897/7149
f 4851/7146 4849/7144 3897/7149
f 2605/2906 2597/2898 2606/2907
f 2605/2906 2603/2904 2597/2898
f 2605/2906 2607/2908 2603/2904
f 2764/7592 4680/7591 2762/7590
f 2764/3085 2762/3080 2763/3084
f 2764/3085 2763/3084 2766/3087
f 737/756 739/758 415/774
f 415/420 413/418 414/419
f 415/774 739/758 413/775
f 3889/4848 3888/4847 3477/4849
f 3889/4848 3903/4863 3887/4846
f 3889/4848 3887/4846 3888/4847
f 4831/7120 3959/7115 3956/7133
f 4831/7120 4832/7121 4830/7119
f 4831/7120 3956/7133 4832/7121
f 3328/3874 3324/3868 3322/3866
f 3328/3908 3341/3901 3329/3919
f 3328/3874 3329/3875 3324/3868
f 2619/2920 2606/2907 2620/2921
f 2620/6563 2601/6564 4677/6551
f 2620/6563 2606/6565 2601/6564
f 4677/6551 4678/6553 4679/6554
f 4677/6551 2601/6564 2602/6552
f 4677/6551 2602/6552 4678/6553
f 4679/6554 4680/6555 4681/6556
f 4679/6554 4678/6553 4680/6555
f 409/414 411/416 410/415
f 3477/6309 3888/6304 4573/6303
f 3896/4856 3897/4857 3894/4854
f 3896/4856 3894/4854 3895/4855
f 4849/7144 3894/7148 3897/7149
f 4849/7144 4846/7141 3894/7148
f 3959/4950 3945/4945 3956/4944
f 653/772 655/766 747/768
f 653/667 654/668 655/673
f 3899/4859 3902/4862 3904/4864
f 3899/4859 3895/4855 3901/4861
f 3899/4859 3901/4861 3902/4862
f 4844/7139 4830/7119 4843/7138
f 4844/7139 4847/7142 4846/7141
f 4844/7139 4843/7138 4847/7142
f 3343/3903 702/3920 3341/3901
f 414/419 413/418 411/416
f 3904/4864 3902/4862 3903/4863
f 4830/7119 4832/7121 4843/7138
f 3341/3901 702/3920 3329/3919
f 701/3878 3325/3869 700/3877
f 740/759 747/768 655/766
f 740/759 655/766 739/758
f 411/416 412/417 410/415
f 411/416 413/418 412/417
f 2606/2907 2597/2898 2601/2902
f 2601/2902 2600/2901 2602/2903
f 2601/2902 2597/2898 2594/2895
f 2601/2902 2594/2895 2600/2901
f 2602/7598 2600/7586 4678/7589
f 4678/7589 2762/7590 4680/7591
f 4678/7589 2759/7588 2762/7590
f 4678/7589 2600/7586 2759/7588
f 4832/7121 4834/7123 4843/7138
f 4832/7121 3956/7133 4833/7122
f 4832/7121 4833/7122 4834/7123
f 3901/4861 3895/4855 3891/4851
f 3901/4861 3891/4851 3902/4862
f 4847/7142 4848/7143 4846/7141
f 4847/7142 4843/7138 4848/7143
f 654/668 410/672 655/673
f 2597/2898 2592/2893 2594/2895
f 2597/2898 2603/2904 2595/2896
f 2597/2898 2595/2896 2592/2893
f 3903/4863 3890/4850 3887/4846
f 3903/4863 3902/4862 3890/4850
f 3895/4855 3894/4854 3891/4851
f 3894/7148 4846/7141 4848/7143
f 3894/4854 3892/4852 3891/4851
f 3894/7148 4848/7143 3892/7156
f 2762/3080 2759/3077 2757/3075
f 2762/3080 2760/3078 2763/3084
f 2762/3080 2757/3075 2760/3078
f 3325/3869 3324/3868 700/3877
f 410/672 412/675 655/673
f 2610/2911 2609/2910 2607/2908
f 2610/2911 2621/2922 2609/2910
f 3887/4846 3879/4838 3888/4847
f 3887/4846 3890/4850 3877/4836
f 3887/4846 3877/4836 3879/4838
f 3902/4862 3891/4851 3890/4850
f 4843/7138 4834/7123 4848/7143
f 2769/3090 2766/3087 2768/3089
f 2769/3090 2768/3089 2778/3102
f 700/3877 3324/3868 702/3880
f 739/758 655/766 413/775
f 2594/6882 2593/6883 2600/6884
f 2594/2895 2592/2893 2593/2894
f 2607/2908 2604/2905 2603/2904
f 2607/2908 2608/2909 2604/2905
f 2607/2908 2609/2910 2608/2909
f 2621/6312 4573/6303 3942/6307
f 2621/2922 2622/2923 2609/2910
f 2621/6312 3942/6307 2622/6313
f 4573/6303 3888/6304 3883/6305
f 4573/6303 3883/6305 3880/6306
f 4573/6303 3880/6306 3942/6307
f 2593/2894 2598/2899 2600/2901
f 2593/2894 2592/2893 2589/2890
f 2593/2894 2589/2890 2598/2899
f 2600/7586 2758/7587 2759/7588
f 2600/3083 2598/3081 2758/3076
f 3888/4847 3879/4838 3883/4842
f 2758/3076 2757/3075 2759/3077
f 2758/3076 2598/3081 2754/3072
f 2758/3076 2754/3072 2757/3075
f 3956/4944 3945/4945 3957/4946
f 3956/7133 3957/7132 4833/7122
f 3945/4923 2778/4922 3943/4914
f 3945/4945 3958/4947 3957/4946
f 3945/4945 3943/4948 3958/4947
f 2766/3087 2763/3084 2765/3086
f 2766/3087 2765/3086 2767/3088
f 2766/3087 2767/3088 2768/3089
f 2778/4922 2779/4915 3943/4914
f 2778/3102 2768/3089 2779/3103
f 413/775 655/766 412/778
f 4834/7123 4838/7127 4848/7143
f 4834/7123 4835/7124 4838/7127
f 4834/7123 4833/7122 4835/7124
f 3324/3868 3329/3875 702/3880
f 3890/4850 3891/4851 3886/4845
f 3890/4850 3886/4845 3877/4836
f 3891/4851 3892/4852 3886/4845
f 3892/7156 4848/7143 4838/7127
f 3892/7156 4838/7127 3893/7128
f 3892/4852 3893/4853 3886/4845
f 3877/4836 3878/4837 3879/4838
f 3877/4836 3886/4845 3884/4843
f 3877/4836 3884/4843 3878/4837
f 3893/7128 4838/7127 4835/7124
f 3893/7872 5022/7873 3922/7874
f 3893/7872 4835/7878 5022/7873
f 3893/7872 3922/7874 3886/7875
f 5022/7873 4841/7876 3922/7874
f 5022/7873 4835/7878 4841/7876
f 3879/4838 3880/4839 3883/4842
f 3879/4838 3878/4837 3880/4839
f 3886/4845 3922/4884 3884/4843
f 4841/7876 3934/7877 3922/7874
f 4841/7135 4835/7124 4840/7134
f 4841/7135 4840/7134 3934/7136
f 4833/7122 4836/7125 4835/7124
f 4833/7122 3957/7132 3958/7129
f 4833/7122 3958/7129 4836/7125
f 3922/4884 3885/4844 3884/4843
f 3922/4884 3934/4896 3933/4895
f 3922/4884 3933/4895 3885/4844
f 4835/7124 4837/7126 4840/7134
f 4835/7124 4836/7125 4837/7126
f 3884/4843 3885/4844 3878/4837
f 2603/2904 2604/2905 2595/2896
f 3934/7136 4840/7134 4842/7137
f 3934/4896 3926/4888 3933/4895
f 3934/7136 4842/7137 3926/7150
f 4840/7134 4837/7126 4842/7137
f 2763/3084 2760/3078 2765/3086
f 2595/2896 2590/2891 2592/2893
f 2595/2896 2604/2905 2596/2897
f 2595/2896 2596/2897 2590/2891
f 2592/2893 2590/2891 2589/2890
f 2589/2890 2591/2892 2598/2899
f 2589/2890 2590/2891 2591/2892
f 2598/3081 2755/3073 2754/3072
f 2598/2899 2591/2892 2599/2900
f 2598/3081 2599/3082 2755/3073
f 2754/3072 2756/3074 2757/3075
f 2754/3072 2755/3073 2756/3074
f 2757/3075 2756/3074 2760/3078
f 2760/3078 2756/3074 2761/3079
f 2760/3078 2761/3079 2765/3086
f 3878/4837 3881/4840 3880/4839
f 3878/4837 3885/4844 3881/4840
f 4836/7125 3958/7129 4839/7130
f 4836/7125 4839/7130 4837/7126
f 3880/4839 3881/4840 3882/4841
f 3880/6306 3882/6308 3942/6307
f 3958/7129 3944/7131 4839/7130
f 3958/4947 3943/4948 3944/4949
f 3885/4844 3933/4895 3881/4840
f 4837/7126 4839/7130 4842/7137
f 3881/4840 3933/4895 3923/4885
f 3881/4840 3923/4885 3882/4841
f 4839/7130 4854/7158 4842/7137
f 4839/7130 3944/7131 4854/7158
f 3933/4895 3926/4888 3923/4885
f 4842/7137 4854/7158 3926/7150
f 3926/4888 3925/4887 3923/4885
f 3926/7150 4854/7158 4855/7159
f 3926/4888 3927/4889 3925/4887
f 3926/7150 4855/7159 3927/7160
f 3923/4885 3924/4886 3882/4841
f 3923/4885 3925/4887 3924/4886
f 4854/7158 3941/7164 4855/7159
f 4854/7158 3944/7131 3941/7164
f 3927/4889 3928/4890 3925/4887
f 3927/7160 4855/7159 4856/7161
f 3927/4889 3931/4893 3928/4890
f 3927/7160 4856/7161 3931/7165
f 2596/7637 2604/7643 3948/7638
f 2596/7637 4858/7639 2590/7640
f 2596/7637 3948/7638 4858/7639
f 2604/7643 2608/7645 3946/7644
f 2604/7643 3946/7644 3948/7638
f 2590/7640 4858/7639 2591/7641
f 2608/7645 2609/7646 3946/7644
f 2591/7641 4858/7639 2599/7642
f 2755/3073 2776/3099 2756/3074
f 2755/3073 2599/3082 2776/3099
f 2756/3074 2776/3099 2761/3079
f 2761/3079 2775/3097 2765/3086
f 2761/3079 2776/3099 2775/3097
f 2765/3086 2773/3094 2767/3088
f 2765/3086 2775/3097 2773/3094
f 2767/3088 2773/3094 2768/3089
f 3948/4926 3946/4924 3947/4925
f 3948/7206 3947/7197 4858/7205
f 3946/4924 2609/4920 1216/4921
f 3946/4924 1216/4921 3947/4925
f 4858/7205 4857/7192 2599/7207
f 4858/7205 3947/7197 4857/7192
f 2609/4920 2622/4912 1215/4919
f 2609/4920 1215/4919 1216/4921
f 2622/4912 3942/4911 1213/4908
f 2622/4912 1213/4908 1215/4919
f 3942/4911 3882/4913 3924/4910
f 3942/4911 3924/4910 1213/4908
f 3925/4887 3928/4890 3929/4891
f 3925/4887 3929/4891 3924/4886
f 2776/3099 2774/3096 2775/3097
f 2776/3099 2599/3082 2777/3100
f 2776/3099 2777/3100 2774/3096
f 2775/3097 2774/3096 2773/3094
f 4855/7159 3940/7162 4856/7161
f 4855/7159 3941/7164 3940/7162
f 3944/4916 3943/4914 3941/4907
f 3943/4914 2779/4915 1941/4905
f 3943/4914 1941/4905 3941/4907
f 2773/3094 1943/3095 2768/3089
f 2773/3094 2774/3096 1943/3095
f 2779/4915 2768/4918 1942/4917
f 2779/4915 1942/4917 1941/4905
f 2768/3089 1943/3095 1942/3098
f 2599/7207 4857/7192 1226/7194
f 2599/3082 1226/3101 2777/3100
f 3931/4893 3930/4892 3928/4890
f 3931/7165 4856/7161 3939/7163
f 3931/4893 3932/4894 3930/4892
f 3931/7165 3939/7163 3932/7166
f 1215/1302 1213/1300 1214/1301
f 1215/1302 1214/1301 1216/1303
f 3928/4890 3930/4892 3929/4891
f 4856/7161 3940/7162 3939/7163
f 1942/2132 1940/2130 1941/2131
f 1942/2132 1943/2133 1940/2130
f 3924/4910 3929/4909 1213/4908
f 1213/4908 3929/4909 3930/4904
f 1213/4908 3930/4904 1212/4901
f 1213/1300 1212/1299 1211/1298
f 1213/1300 1211/1298 1214/1301
f 3941/4907 1941/4905 3940/4906
f 1941/4905 1212/4901 3939/4903
f 1941/2131 1939/2129 1212/2134
f 1941/4905 3939/4903 3940/4906
f 1941/2131 1940/2130 1939/2129
f 1212/4901 3930/4904 3932/4902
f 1212/4901 3932/4902 3939/4903
f 1212/1299 1210/1297 1211/1298
f 1212/2134 1939/2129 1210/2128
f 1214/7201 1185/7200 1216/7199
f 1214/7201 1211/7203 1197/7202
f 1214/7201 1197/7202 1185/7200
f 1940/2130 1929/2114 1939/2129
f 1940/7781 1943/7779 1919/7780
f 1940/7781 1919/7780 1929/7782
f 3947/7197 1216/7199 1184/7198
f 3947/7197 1192/7196 4857/7192
f 3947/7197 1184/7198 1192/7196
f 1216/7199 1185/7200 1184/7198
f 4857/7192 1192/7196 1227/7195
f 4857/7192 1225/7193 1226/7194
f 4857/7192 1227/7195 1225/7193
f 1211/1298 1210/1297 1209/1296
f 1211/7203 1209/7204 1197/7202
f 2777/7772 1925/7776 2774/7777
f 2777/7772 1226/7773 1950/7774
f 2777/7772 1947/7775 1925/7776
f 2777/7772 1950/7774 1947/7775
f 2774/7777 1917/7778 1943/7779
f 2774/7777 1925/7776 1917/7778
f 1939/2129 1938/2127 1210/2128
f 1939/2129 1929/2114 1938/2127
f 1943/7779 1917/7778 1919/7780
f 1192/1279 1184/1271 1191/1278
f 1192/1279 1191/1278 1227/1314
f 1184/1271 1185/1272 1186/1273
f 1184/1271 1186/1273 1191/1278
f 1185/1272 1197/1284 1187/1274
f 1185/1272 1187/1274 1186/1273
f 1226/1313 1225/1312 1223/1310
f 1226/2145 1223/2143 1950/2144
f 1210/1297 1208/1295 1209/1296
f 1210/2128 1938/2127 1208/2126
f 1925/2110 1924/2109 1917/2102
f 1925/2110 1947/2140 1924/2109
f 1917/2102 1918/2103 1919/2104
f 1917/2102 1924/2109 1918/2103
f 1919/2104 1920/2105 1929/2114
f 1919/2104 1918/2103 1920/2105
f 1227/1314 1222/1309 1225/1312
f 1227/1314 1191/1278 1224/1311
f 1227/1314 1224/1311 1222/1309
f 1225/1312 1222/1309 1223/1310
f 1950/2144 1949/2142 1947/2140
f 1950/2144 1223/2143 1949/2142
f 1197/1284 1209/1296 1207/1294
f 1197/1284 1207/1294 1198/1285
f 1197/1284 1198/1285 1187/1274
f 1947/2140 1949/2142 1948/2141
f 1947/2140 1948/2141 1924/2109
f 1929/2114 1937/2125 1938/2127
f 1929/2114 1930/2115 1937/2125
f 1929/2114 1920/2105 1930/2115
f 1209/1296 1208/1295 1207/1294
f 1938/2127 1937/2125 1208/2126
f 1207/1294 1205/1292 1198/1285
f 1207/1294 1208/1295 1206/1293
f 1207/1294 1206/1293 1205/1292
f 1937/2125 1930/2115 1936/2123
f 1937/2125 1206/2124 1208/2126
f 1937/2125 1936/2123 1206/2124
f 1198/1285 1189/1276 1187/1274
f 1198/1285 1196/1283 1189/1276
f 1198/1285 1205/1292 1196/1283
f 1930/2115 1920/2105 1922/2107
f 1930/2115 1922/2107 1931/2116
f 1930/2115 1931/2116 1936/2123
f 1187/1274 1188/1275 1186/1273
f 1187/1274 1189/1276 1188/1275
f 1920/2105 1918/2103 1921/2106
f 1920/2105 1921/2106 1922/2107
f 1186/1273 1190/1277 1191/1278
f 1186/1273 1188/1275 1190/1277
f 1918/2103 1924/2109 1923/2108
f 1918/2103 1923/2108 1921/2106
f 1191/1278 1190/1277 1224/1311
f 1224/1311 1219/1306 1222/1309
f 1224/1311 1190/1277 1221/1308
f 1224/1311 1221/1308 1219/1306
f 1222/1309 1220/1307 1223/1310
f 1222/1309 1219/1306 1220/1307
f 1223/2143 1220/2138 1949/2142
f 1949/2142 1945/2137 1948/2141
f 1949/2142 1220/2138 1945/2137
f 1948/2141 1923/2108 1924/2109
f 1948/2141 1946/2139 1923/2108
f 1948/2141 1945/2137 1946/2139
f 1189/1276 1193/1280 1188/1275
f 1189/1276 1196/1283 1194/1281
f 1189/1276 1194/1281 1193/1280
f 1922/2107 1927/2112 1931/2116
f 1922/2107 1921/2106 1926/2111
f 1922/2107 1926/2111 1927/2112
f 1188/1275 1195/1282 1190/1277
f 1188/1275 1193/1280 1195/1282
f 1196/1283 1205/1292 1201/1288
f 1196/1283 1199/1286 1194/1281
f 1196/1283 1201/1288 1199/1286
f 1931/2116 1935/2120 1936/2123
f 1931/2116 1927/2112 1932/2117
f 1931/2116 1932/2117 1935/2120
f 1921/2106 1923/2108 1928/2113
f 1921/2106 1928/2113 1926/2111
f 1190/1277 1195/1282 1221/1308
f 1221/1308 1217/1304 1219/1306
f 1221/1308 1195/1282 1217/1304
f 1946/2139 1928/2113 1923/2108
f 1946/2139 1945/2137 1944/2135
f 1946/2139 1944/2135 1928/2113
f 1219/1306 1218/1305 1220/1307
f 1219/1306 1217/1304 1218/1305
f 1945/2137 1220/2138 1218/2136
f 1945/2137 1218/2136 1944/2135
f 1205/1292 1206/1293 1204/1291
f 1205/1292 1204/1291 1201/1288
f 1936/2123 1204/2122 1206/2124
f 1936/2123 1935/2120 1204/2122
f 1194/1281 1199/1286 1200/1287
f 1194/1281 1200/1287 1193/1280
f 1927/2112 1933/2118 1932/2117
f 1927/2112 1926/2111 1933/2118
f 1195/1282 1193/1280 1200/1287
f 1195/1282 1200/1287 1217/1304
f 1928/2113 1933/2118 1926/2111
f 1928/2113 1944/2135 1933/2118
f 1199/1286 1202/1289 1200/1287
f 1199/1286 1201/1288 1202/1289
f 1932/2117 1934/2119 1935/2120
f 1932/2117 1933/2118 1934/2119
f 1200/1287 1202/1289 1217/1304
f 1217/1304 1203/1290 1218/1305
f 1217/1304 1202/1289 1203/1290
f 1944/2135 1934/2119 1933/2118
f 1944/2135 1218/2136 1203/2121
f 1944/2135 1203/2121 1934/2119
f 1201/1288 1204/1291 1203/1290
f 1201/1288 1203/1290 1202/1289
f 1935/2120 1203/2121 1204/2122
f 1935/2120 1934/2119 1203/2121
f 9/1480 1375/1475 1233/1479
f 7/7 8/8 9/9
f 3650/4320 3652/4322 3651/4321
f 2976/3373 2975/3372 2506/3369
f 2516/2800 2520/2804 2518/2802
f 3650/4320 3651/4321 3649/4318
f 3648/4317 3650/4320 3649/4318
f 3647/4316 3648/4317 3649/4318
f 2516/2800 2518/2802 2517/2801
f 2509/2793 2516/2800 2517/2801
f 2509/2793 2517/2801 2507/2791
f 2498/2782 2509/2793 2507/2791
f 2499/2783 2498/2782 2507/2791
f 2505/2789 2499/2783 2507/2791
f 3647/4316 3649/4318 1066/4319
f 1070/3374 2976/3373 2506/3369
f 2505/4962 2507/4957 3647/4956
f 1066/1145 1072/1151 1071/1150
f 1066/1145 1071/1150 1067/1146
f 1066/1145 1067/1146 1068/1147
f 1066/1145 1068/1147 1069/1148
f 1066/1145 1069/1148 1070/1149
f 4693/6595 4694/6598 2382/6602
f 3866/6596 4693/6595 2382/6602
f 21/22 22/23 23/24
f 23/6843 2392/6844 3081/6845
f 23/4807 3081/4808 3866/4809
f 23/4807 3866/4809 2382/4810
f 3226/5637 4144/5638 4147/5639
f 3227/5640 3226/5637 4147/5639
f 2930/4815 2929/4822 2936/4820
f 2930/4815 2936/4820 3872/4819
f 3868/4813 18/4814 2930/4815
f 2930/4815 3872/4819 3868/4813
f 2075/2290 2077/2292 2076/2291
f 2076/2291 2082/2298 2018/2293
f 2064/2278 2075/2290 2076/2291
f 2064/2278 2076/2291 2018/2293
f 2058/2270 2057/2269 2064/2278
f 2058/2270 2064/2278 2018/2293
f 12/8920 11/8921 13/8922
f 14/8916 546/8917 12/8918
f 14/8916 12/8918 13/8919
f 13/13 10/14 14/15
f 2176/2422 2174/2420 2178/2424
f 2170/6243 2176/6244 2178/6245
f 2680/6216 2685/6217 2682/6218
f 3017/8088 4191/8101 4200/8087
f 4199/8084 4212/8083 2534/8082
f 4199/8084 2534/8082 2539/8085
f 4199/8084 2539/8085 2543/8086
f 2543/3630 2546/3628 3017/3629
f 4200/8087 4199/8084 2543/8086
f 4200/8087 2543/8086 3017/8088
f 777/810 776/809 769/802
f 768/801 777/810 769/802
f 768/801 769/802 770/803
f 770/6697 4725/6698 4476/6699
f 768/7514 770/7515 4476/7516
f 2162/2408 2159/2405 2153/2399
f 4244/5498 4245/5499 4246/5500
f 5248/9018 5252/9017 5249/9016
f 5248/8988 5250/8989 5252/8990
f 5248/8978 5249/8979 5250/8980
f 5252/9017 5251/9015 5249/9016
f 5252/8986 5250/8984 5251/8983
f 5249/9016 5251/9015 5243/9014
f 5249/8979 5243/8982 5244/8981
f 5249/8979 5244/8981 5250/8980
f 5251/9015 5227/9013 5243/9014
f 5251/8983 5228/8985 5227/8987
f 5251/8983 5250/8984 5228/8985
f 5243/9014 5227/9013 5240/9012
f 5243/8971 5240/8967 5241/8968
f 5243/8971 5241/8968 5244/8972
f 5213/8991 5232/8992 5234/8993
f 5213/8991 5234/8993 5214/8996
f 5213/8991 5217/8994 5232/8992
f 5213/8938 5215/8940 5217/8942
f 5213/8938 5214/8939 5215/8940
f 5234/8960 5232/8957 5216/8959
f 5234/8993 5235/8999 5214/8996
f 5234/8960 5216/8959 5235/8961
f 5217/8994 5233/8995 5232/8992
f 5217/8994 5218/8997 5233/8995
f 5217/8942 5215/8940 5218/8943
f 5232/8957 5233/8958 5216/8959
f 5227/9013 5224/9004 5240/9012
f 5227/8952 5225/8950 5224/8949
f 5227/8952 5228/8953 5225/8950
f 5240/9012 5224/9004 5238/9003
f 5240/8967 5238/8965 5239/8966
f 5240/8967 5239/8966 5241/8968
f 5224/9004 5221/9002 5238/9003
f 5224/8949 5223/8948 5221/8946
f 5224/8949 5225/8950 5223/8948
f 5238/9003 5221/9002 5237/9001
f 5238/8965 5237/8964 5216/8959
f 5238/8965 5216/8959 5239/8966
f 5233/8995 5218/8997 5236/8998
f 5233/8958 5236/8962 5216/8959
f 5221/9002 5220/9000 5237/9001
f 5221/8946 5216/8941 5220/8945
f 5221/8946 5223/8948 5216/8941
f 5218/8997 5219/9005 5236/8998
f 5218/8943 5215/8940 5219/8944
f 5235/8999 5237/9001 5220/9000
f 5235/8961 5216/8959 5237/8964
f 5235/8999 5220/9000 5214/8996
f 5214/8939 5220/8945 5216/8941
f 5214/8939 5216/8941 5215/8940
f 5236/8998 5219/9005 5242/9006
f 5236/8962 5242/8969 5215/8963
f 5236/8962 5215/8963 5216/8959
f 5219/9005 5226/9007 5242/9006
f 5219/8944 5222/8947 5226/8951
f 5219/8944 5215/8940 5222/8947
f 5242/9006 5226/9007 5245/9008
f 5242/8969 5245/8973 5222/8970
f 5242/8969 5222/8970 5215/8963
f 5226/9007 5229/9009 5245/9008
f 5226/8951 5222/8947 5229/8954
f 5245/9008 5229/9009 5246/9010
f 5245/8973 5246/8974 5222/8970
f 5229/9009 5230/9011 5246/9010
f 5229/8954 5222/8947 5230/8955
f 5246/8974 5230/8976 5247/8975
f 5246/8974 5247/8975 5222/8970
f 5230/8976 5231/8977 5247/8975
f 5230/8955 5222/8947 5231/8956
f 5239/9019 5216/9026 5223/9023
f 5239/9019 5223/9023 5225/9022
f 5239/9019 5225/9022 5228/9020
f 5228/9020 5250/9025 5244/9024
f 5228/9020 5244/9024 5241/9021
f 5239/9019 5228/9020 5241/9021
f 5222/9027 5247/9028 5231/9029
f 4739/9030 1462/9031 4737/9032
f 4739/9030 4737/9032 4740/9033
f 4737/9037 4740/9038 4741/9039
f 4741/9034 4739/9035 1462/9036
f 4737/9037 4741/9039 1462/9040
f 5259/9061 5253/9063 5263/9064
f 5259/9061 5254/9062 5253/9063
f 5259/9047 5263/9051 5260/9048
f 5259/9061 5261/9066 5254/9062
f 5259/9047 5260/9048 5261/9049
f 5253/9063 5257/9065 5263/9064
f 5253/9041 5255/9043 5257/9045
f 5253/9041 5254/9042 5255/9043
f 5263/9057 5257/9058 5264/9059
f 5263/9051 5264/9052 5260/9048
f 5257/9058 5258/9060 5264/9059
f 5257/9045 5255/9043 5258/9046
f 5254/9053 5261/9054 5256/9055
f 5254/9042 5256/9044 5255/9043
f 5261/9054 5262/9056 5256/9055
f 5261/9049 5260/9048 5262/9050
f 5264/9068 5258/9072 5255/9069
f 5260/9067 5264/9068 5255/9069
f 5262/9070 5260/9067 5255/9069
f 5262/9070 5255/9069 5256/9071
f 5294/9120 5278/9119 5291/9108
f 5294/9120 5276/9114 5278/9119
f 5294/9120 5291/9108 5293/9112
f 5294/9120 5293/9112 5276/9114
f 5278/9119 5281/9118 5291/9108
f 5278/9086 5276/9084 5277/9085
f 5278/9099 5284/9096 5281/9093
f 5278/9099 5277/9100 5284/9096
f 5291/9108 5290/9107 5293/9112
f 5291/9108 5285/9101 5290/9107
f 5291/9108 5281/9118 5285/9101
f 5276/9114 5293/9112 5271/9113
f 5276/9084 5271/9079 5275/9083
f 5276/9084 5275/9083 5277/9085
f 5293/9112 5290/9107 5271/9113
f 5271/9113 5290/9107 5272/9109
f 5271/9079 5272/9080 5273/9081
f 5271/9079 5273/9081 5275/9083
f 5290/9107 5285/9101 5287/9103
f 5290/9107 5287/9103 5272/9109
f 5285/9101 5281/9118 5283/9117
f 5285/9101 5286/9102 5287/9103
f 5285/9101 5283/9117 5286/9102
f 5272/9109 5287/9103 5279/9106
f 5272/9087 5279/9088 5274/9089
f 5272/9080 5274/9082 5273/9081
f 5281/9093 5282/9094 5283/9095
f 5281/9093 5284/9096 5282/9094
f 5286/9102 5288/9104 5287/9103
f 5286/9102 5283/9117 5269/9116
f 5286/9102 5289/9105 5288/9104
f 5286/9102 5269/9116 5289/9105
f 5287/9103 5288/9104 5279/9106
f 5279/9106 5288/9104 5265/9110
f 5279/9088 5265/9091 5280/9090
f 5279/9088 5280/9090 5274/9089
f 5283/9095 5270/9097 5269/9098
f 5283/9095 5282/9094 5270/9097
f 5289/9105 5292/9111 5288/9104
f 5289/9105 5269/9116 5266/9115
f 5289/9105 5266/9115 5292/9111
f 5288/9104 5292/9111 5265/9110
f 5265/9110 5292/9111 5266/9115
f 5265/9073 5266/9074 5267/9075
f 5265/9091 5267/9092 5280/9090
f 5269/9077 5268/9076 5266/9074
f 5269/9077 5270/9078 5268/9076
f 5266/9074 5268/9076 5267/9075
f 5277/9121 5275/9129 5273/9128
f 5277/9121 5273/9128 5274/9125
f 5277/9121 5274/9125 5280/9124
f 5277/9121 5280/9124 5267/9122
f 5277/9121 5267/9122 5268/9123
f 5284/9126 5277/9121 5268/9123
f 5282/9127 5284/9126 5268/9123
f 5270/9130 5282/9127 5268/9123
f 5443/9279 5400/9282 5445/9283
f 5443/9279 5412/9281 5400/9282
f 5443/9457 5445/9451 5537/9456
f 5443/9279 5444/9280 5412/9281
f 5443/9279 5450/9292 5444/9280
f 5443/9457 5537/9456 5450/9458
f 5400/9282 5398/9284 5445/9283
f 5400/9236 5346/9182 5398/9234
f 5400/9236 5412/9248 5348/9184
f 5400/9236 5348/9184 5346/9182
f 5445/9451 5398/9450 5532/9449
f 5445/9451 5535/9454 5537/9456
f 5445/9451 5532/9449 5535/9454
f 5398/9234 5346/9182 5344/9180
f 5398/9234 5344/9180 5399/9235
f 5398/9450 5399/9448 5532/9449
f 5444/9280 5403/9285 5412/9281
f 5444/9280 5450/9292 5449/9291
f 5444/9280 5449/9291 5446/9286
f 5444/9280 5446/9286 5403/9285
f 5450/9828 5537/9827 5722/9784
f 5450/9867 5744/9868 5449/9869
f 5450/9828 5722/9784 5744/9851
f 5412/9248 5354/9190 5348/9184
f 5412/9248 5403/9239 5354/9190
f 5537/9827 5535/9836 5704/9755
f 5537/9827 5704/9755 5722/9784
f 5346/9182 5345/9181 5344/9180
f 5346/9182 5348/9184 5347/9183
f 5346/9182 5347/9183 5345/9181
f 5344/9180 5342/9178 5399/9235
f 5344/9180 5343/9179 5342/9178
f 5344/9180 5345/9181 5343/9179
f 5532/9449 5399/9448 5531/9447
f 5532/9449 5534/9453 5535/9454
f 5532/9449 5531/9447 5534/9453
f 5399/9235 5342/9178 5406/9242
f 5399/9448 5406/9446 5531/9447
f 5449/9291 5451/9293 5446/9286
f 5449/9794 5701/9749 5451/9793
f 5449/9794 5744/9851 5701/9749
f 5348/9184 5354/9190 5349/9185
f 5348/9184 5349/9185 5347/9183
f 5535/9836 5534/9839 5728/9790
f 5535/9836 5728/9790 5704/9755
f 5342/9178 5339/9175 5406/9242
f 5342/9178 5341/9177 5339/9175
f 5342/9178 5343/9179 5341/9177
f 5446/9286 5401/9287 5403/9285
f 5446/9286 5451/9293 5447/9288
f 5446/9286 5447/9288 5401/9287
f 5403/9239 5356/9192 5354/9190
f 5403/9239 5401/9237 5356/9192
f 5531/9447 5406/9446 5530/9445
f 5531/9447 5533/9452 5534/9453
f 5531/9447 5530/9445 5533/9452
f 5406/9242 5339/9175 5405/9241
f 5406/9446 5405/9442 5530/9445
f 5451/9293 5452/9294 5447/9288
f 5451/9793 5721/9783 5452/9795
f 5451/9793 5701/9749 5721/9783
f 5354/9190 5356/9192 5355/9191
f 5354/9190 5355/9191 5349/9185
f 5534/9839 5533/9832 5724/9786
f 5534/9839 5724/9786 5728/9790
f 5339/9175 5338/9174 5405/9241
f 5339/9175 5340/9176 5338/9174
f 5339/9175 5341/9177 5340/9176
f 5447/9288 5402/9289 5401/9287
f 5447/9288 5452/9294 5448/9290
f 5447/9288 5448/9290 5402/9289
f 5401/9237 5358/9194 5356/9192
f 5401/9237 5402/9238 5358/9194
f 5452/9294 5453/9295 5448/9290
f 5452/9864 5743/9865 5453/9866
f 5452/9795 5721/9783 5743/9850
f 5356/9192 5357/9193 5355/9191
f 5356/9192 5358/9194 5357/9193
f 5530/9445 5405/9442 5492/9444
f 5530/9445 5536/9455 5533/9452
f 5530/9445 5492/9444 5536/9455
f 5405/9241 5338/9174 5407/9243
f 5405/9442 5407/9443 5492/9444
f 5347/9183 5299/9135 5345/9181
f 5347/9183 5349/9185 5300/9136
f 5347/9183 5300/9136 5299/9135
f 5533/9832 5726/9788 5724/9786
f 5533/9832 5536/9826 5726/9788
f 5338/9174 5337/9173 5407/9243
f 5338/9174 5335/9171 5337/9173
f 5338/9174 5340/9176 5335/9171
f 5722/9784 5704/9755 5702/9751
f 5722/9784 5700/9747 5744/9851
f 5722/9784 5702/9751 5700/9747
f 5704/9755 5703/9754 5702/9751
f 5704/9755 5728/9790 5703/9754
f 5345/9181 5299/9135 5295/9131
f 5345/9181 5295/9131 5343/9179
f 5744/9851 5700/9747 5699/9746
f 5744/9851 5699/9746 5701/9749
f 5349/9185 5313/9149 5300/9136
f 5349/9185 5355/9191 5313/9149
f 5700/9747 5702/9751 5587/9750
f 5700/9747 5591/9732 5699/9746
f 5700/9747 5587/9750 5589/9748
f 5700/9747 5589/9748 5591/9732
f 5299/9135 5296/9132 5295/9131
f 5299/9135 5300/9136 5296/9132
f 5702/9751 5703/9754 5594/9753
f 5702/9751 5594/9753 5585/9752
f 5702/9751 5585/9752 5587/9750
f 5728/9790 5705/9756 5703/9754
f 5728/9790 5724/9786 5705/9756
f 5343/9179 5295/9131 5298/9134
f 5343/9179 5298/9134 5341/9177
f 5295/9131 5297/9133 5298/9134
f 5295/9131 5296/9132 5297/9133
f 5699/9746 5698/9745 5701/9749
f 5699/9746 5591/9732 5698/9745
f 5300/9136 5313/9149 5296/9132
f 5448/9316 5404/9313 5402/9317
f 5448/9290 5453/9295 5454/9296
f 5448/9316 5454/9312 5404/9313
f 5402/9238 5360/9196 5358/9194
f 5402/9238 5404/9240 5360/9196
f 5703/9754 5705/9756 5594/9753
f 5298/9134 5301/9137 5341/9177
f 5298/9134 5297/9133 5301/9137
f 5701/9749 5698/9745 5721/9783
f 5355/9191 5314/9150 5313/9149
f 5355/9191 5357/9193 5314/9150
f 5453/9295 5455/9297 5454/9296
f 5453/9846 5693/9736 5455/9742
f 5453/9846 5743/9850 5693/9736
f 5358/9194 5359/9195 5357/9193
f 5358/9194 5360/9196 5359/9195
f 5724/9786 5706/9757 5705/9756
f 5724/9786 5726/9788 5706/9757
f 5341/9177 5301/9137 5340/9176
f 5492/9377 5407/9376 5491/9375
f 5492/9444 5496/9459 5536/9455
f 5492/9377 5491/9375 5496/9382
f 5407/9243 5337/9173 5408/9244
f 5407/9376 5408/9374 5491/9375
f 5698/9745 5697/9744 5721/9783
f 5698/9745 5591/9732 5697/9744
f 5313/9149 5314/9150 5296/9132
f 5705/9756 5706/9757 5594/9753
f 5536/9826 5709/9760 5726/9788
f 5536/9826 5496/9841 5709/9760
f 5337/9173 5350/9186 5408/9244
f 5337/9173 5336/9172 5350/9186
f 5337/9173 5335/9171 5336/9172
f 5301/9137 5302/9138 5340/9176
f 5301/9137 5297/9133 5302/9138
f 5721/9783 5697/9744 5743/9850
f 5357/9193 5315/9151 5314/9150
f 5357/9193 5359/9195 5315/9151
f 5697/9744 5696/9743 5743/9850
f 5697/9744 5591/9732 5696/9743
f 5726/9788 5707/9758 5706/9757
f 5726/9788 5709/9760 5707/9758
f 5340/9176 5302/9138 5335/9171
f 5314/9150 5315/9151 5296/9132
f 5454/9312 5411/9311 5404/9313
f 5454/9296 5455/9297 5456/9298
f 5454/9312 5456/9310 5411/9311
f 5404/9240 5362/9198 5360/9196
f 5404/9240 5411/9247 5362/9198
f 5706/9757 5707/9758 5594/9753
f 5455/9297 5457/9299 5456/9298
f 5455/9742 5692/9735 5457/9738
f 5455/9742 5693/9736 5692/9735
f 5360/9196 5361/9197 5359/9195
f 5360/9196 5362/9198 5361/9197
f 5302/9138 5303/9139 5335/9171
f 5302/9138 5297/9133 5303/9139
f 5491/9375 5408/9374 5490/9373
f 5491/9375 5495/9381 5496/9382
f 5491/9375 5490/9373 5495/9381
f 5408/9244 5350/9186 5409/9245
f 5408/9374 5409/9372 5490/9373
f 5743/9850 5696/9743 5693/9736
f 5350/9186 5352/9188 5409/9245
f 5350/9186 5351/9187 5352/9188
f 5350/9186 5336/9172 5351/9187
f 5496/9841 5727/9789 5709/9760
f 5496/9841 5495/9833 5727/9789
f 5696/9743 5691/9734 5693/9736
f 5696/9743 5591/9732 5691/9734
f 5359/9195 5317/9153 5315/9151
f 5359/9195 5361/9197 5317/9153
f 5709/9760 5708/9759 5707/9758
f 5709/9760 5727/9789 5708/9759
f 5335/9171 5303/9139 5336/9172
f 5315/9151 5317/9153 5296/9132
f 5707/9758 5708/9759 5594/9753
f 5303/9139 5304/9140 5336/9172
f 5303/9139 5297/9133 5304/9140
f 5456/9310 5465/9308 5411/9311
f 5456/9298 5457/9299 5458/9300
f 5456/9310 5458/9306 5465/9308
f 5411/9311 5364/9322 5362/9323
f 5411/9311 5465/9308 5364/9322
f 5362/9198 5363/9199 5361/9197
f 5362/9198 5364/9200 5363/9199
f 5457/9299 5459/9301 5458/9300
f 5457/9738 5694/9737 5459/9739
f 5457/9738 5692/9735 5694/9737
f 5693/9736 5691/9734 5692/9735
f 5490/9373 5409/9372 5488/9368
f 5490/9373 5494/9380 5495/9381
f 5490/9373 5488/9368 5494/9380
f 5409/9245 5352/9188 5410/9246
f 5409/9372 5410/9369 5488/9368
f 5352/9188 5375/9211 5410/9246
f 5352/9188 5353/9189 5375/9211
f 5352/9188 5351/9187 5353/9189
f 5691/9734 5690/9733 5692/9735
f 5691/9734 5591/9732 5690/9733
f 5495/9833 5723/9785 5727/9789
f 5495/9833 5494/9845 5723/9785
f 5361/9197 5318/9154 5317/9153
f 5361/9197 5363/9199 5318/9154
f 5317/9153 5318/9154 5296/9132
f 5727/9789 5710/9761 5708/9759
f 5727/9789 5723/9785 5710/9761
f 5336/9172 5304/9140 5351/9187
f 5708/9759 5710/9761 5594/9753
f 5304/9140 5305/9141 5351/9187
f 5304/9140 5297/9133 5305/9141
f 5458/9306 5464/9307 5465/9308
f 5458/9300 5459/9301 5460/9302
f 5458/9306 5460/9309 5464/9307
f 5465/9308 5366/9318 5364/9322
f 5465/9308 5464/9307 5366/9318
f 5364/9200 5365/9201 5363/9199
f 5364/9200 5366/9202 5365/9201
f 5459/9301 5461/9303 5460/9302
f 5459/9739 5695/9740 5461/9741
f 5459/9739 5694/9737 5695/9740
f 5692/9735 5690/9733 5694/9737
f 5690/9733 5729/9791 5694/9737
f 5690/9733 5689/9731 5729/9791
f 5690/9733 5591/9732 5689/9731
f 5488/9368 5410/9369 5489/9370
f 5488/9433 5526/9432 5494/9434
f 5488/9433 5489/9427 5526/9432
f 5410/9246 5375/9211 5414/9250
f 5410/9369 5414/9371 5489/9370
f 5375/9211 5377/9213 5414/9250
f 5375/9211 5376/9212 5377/9213
f 5375/9211 5353/9189 5376/9212
f 5494/9845 5725/9787 5723/9785
f 5494/9845 5526/9842 5725/9787
f 5363/9199 5319/9155 5318/9154
f 5363/9199 5365/9201 5319/9155
f 5723/9785 5711/9766 5710/9761
f 5723/9785 5725/9787 5711/9766
f 5318/9154 5319/9155 5296/9132
f 5710/9761 5711/9766 5551/9765
f 5710/9761 5648/9762 5594/9753
f 5710/9761 5647/9763 5648/9762
f 5710/9761 5553/9764 5647/9763
f 5710/9761 5551/9765 5553/9764
f 5351/9187 5305/9141 5353/9189
f 5305/9141 5306/9142 5353/9189
f 5305/9141 5297/9133 5306/9142
f 5460/9309 5466/9314 5464/9307
f 5460/9302 5461/9303 5462/9304
f 5460/9309 5462/9315 5466/9314
f 5464/9307 5368/9320 5366/9318
f 5464/9307 5466/9314 5368/9320
f 5461/9303 5463/9305 5462/9304
f 5461/9861 5739/9862 5463/9863
f 5461/9741 5695/9740 5739/9834
f 5366/9202 5367/9203 5365/9201
f 5366/9202 5368/9204 5367/9203
f 5694/9737 5729/9791 5695/9740
f 5729/9791 5742/9848 5695/9740
f 5729/9791 5689/9731 5742/9848
f 5489/9370 5414/9371 5493/9378
f 5489/9427 5519/9424 5526/9432
f 5489/9427 5493/9421 5519/9424
f 5414/9250 5377/9213 5415/9251
f 5414/9371 5415/9379 5493/9378
f 5377/9213 5416/9252 5415/9251
f 5377/9366 5413/9362 5416/9365
f 5377/9366 5376/9367 5413/9362
f 5526/9842 5714/9770 5725/9787
f 5526/9842 5519/9837 5714/9770
f 5365/9201 5320/9156 5319/9155
f 5365/9201 5367/9203 5320/9156
f 5725/9787 5712/9768 5711/9766
f 5725/9787 5714/9770 5712/9768
f 5319/9155 5320/9156 5296/9132
f 5711/9766 5712/9768 5547/9767
f 5711/9766 5547/9767 5551/9765
f 5353/9189 5306/9142 5376/9212
f 5306/9142 5307/9143 5376/9212
f 5306/9142 5297/9133 5307/9143
f 5594/9516 5593/9515 5585/9507
f 5594/9611 5638/9610 5593/9612
f 5594/9611 5648/9609 5638/9610
f 5593/9515 5586/9508 5585/9507
f 5593/9579 5637/9577 5586/9580
f 5593/9579 5638/9578 5637/9577
f 5585/9507 5586/9508 5587/9509
f 5586/9508 5588/9510 5587/9509
f 5586/9580 5639/9584 5588/9587
f 5586/9580 5637/9577 5639/9584
f 5638/9610 5648/9609 5635/9607
f 5638/9578 5635/9575 5637/9577
f 5648/9609 5647/9605 5635/9607
f 5462/9315 5467/9319 5466/9314
f 5462/9715 5463/9714 5509/9713
f 5462/9715 5509/9713 5467/9716
f 5466/9314 5370/9321 5368/9320
f 5466/9314 5467/9319 5370/9321
f 5463/9714 5681/9712 5509/9713
f 5463/9714 5682/9717 5681/9712
f 5463/9714 5739/9834 5682/9717
f 5368/9204 5369/9205 5367/9203
f 5368/9204 5370/9206 5369/9205
f 5695/9740 5742/9848 5739/9834
f 5647/9605 5554/9606 5635/9607
f 5647/9605 5553/9608 5554/9606
f 5742/9848 5740/9835 5739/9834
f 5742/9879 5689/9878 5740/9875
f 5587/9509 5588/9510 5589/9511
f 5635/9575 5554/9581 5636/9576
f 5635/9575 5636/9576 5637/9577
f 5588/9510 5590/9512 5589/9511
f 5588/9587 5639/9584 5590/9588
f 5493/9421 5415/9420 5516/9419
f 5493/9421 5518/9423 5519/9424
f 5493/9421 5516/9419 5518/9423
f 5415/9251 5416/9252 5419/9255
f 5415/9420 5419/9418 5516/9419
f 5519/9837 5719/9781 5714/9770
f 5519/9837 5518/9829 5719/9781
f 5416/9252 5420/9256 5419/9255
f 5416/9365 5413/9362 5420/9364
f 5714/9770 5713/9769 5712/9768
f 5714/9770 5719/9781 5713/9769
f 5712/9768 5713/9769 5547/9767
f 5367/9203 5321/9157 5320/9156
f 5367/9203 5369/9205 5321/9157
f 5320/9156 5321/9157 5296/9132
f 5553/9475 5552/9474 5554/9476
f 5553/9475 5551/9473 5552/9474
f 5554/9581 5560/9582 5636/9576
f 5554/9581 5552/9583 5560/9582
f 5637/9668 5665/9670 5666/9672
f 5637/9668 5666/9672 5652/9674
f 5637/9668 5636/9669 5665/9670
f 5637/9624 5652/9625 5639/9626
f 5589/9511 5590/9512 5591/9513
f 5376/9212 5307/9143 5413/9249
f 5590/9588 5639/9584 5640/9589
f 5590/9512 5592/9514 5591/9513
f 5590/9588 5640/9589 5592/9568
f 5307/9143 5308/9144 5413/9249
f 5307/9143 5297/9133 5308/9144
f 5666/9672 5665/9670 5568/9671
f 5666/9672 5575/9673 5652/9674
f 5666/9672 5568/9671 5575/9673
f 5665/9670 5636/9669 5568/9671
f 5652/9625 5640/9627 5639/9626
f 5652/9657 5575/9658 5661/9654
f 5652/9657 5661/9654 5653/9655
f 5652/9625 5653/9628 5640/9627
f 5636/9669 5563/9675 5568/9671
f 5636/9669 5560/9676 5563/9675
f 5568/9490 5566/9488 5575/9497
f 5568/9490 5563/9485 5566/9488
f 5575/9658 5571/9656 5661/9654
f 5575/9497 5566/9488 5571/9493
f 5509/9398 5504/9390 5467/9399
f 5509/9713 5681/9712 5503/9711
f 5509/9398 5503/9389 5504/9390
f 5467/9399 5372/9400 5370/9401
f 5467/9399 5504/9390 5372/9400
f 5681/9712 5680/9710 5503/9711
f 5681/9712 5682/9717 5680/9710
f 5370/9206 5371/9207 5369/9205
f 5370/9206 5372/9208 5371/9207
f 5591/9571 5592/9568 5633/9570
f 5591/9732 5633/9728 5689/9731
f 5592/9568 5640/9589 5632/9569
f 5592/9568 5632/9569 5633/9570
f 5552/9474 5551/9473 5549/9471
f 5552/9583 5561/9585 5560/9582
f 5552/9583 5549/9586 5561/9585
f 5551/9473 5547/9469 5549/9471
f 5739/9834 5740/9835 5682/9717
f 5740/9875 5689/9878 5688/9876
f 5740/9875 5688/9876 5682/9877
f 5661/9654 5660/9653 5653/9655
f 5661/9654 5571/9656 5658/9648
f 5661/9654 5658/9648 5660/9653
f 5563/9485 5560/9482 5562/9484
f 5563/9485 5565/9487 5566/9488
f 5563/9485 5562/9484 5565/9487
f 5560/9482 5561/9483 5562/9484
f 5566/9488 5569/9491 5571/9493
f 5566/9488 5565/9487 5569/9491
f 5653/9628 5646/9629 5640/9627
f 5653/9655 5660/9653 5654/9644
f 5653/9628 5654/9630 5646/9629
f 5640/9589 5646/9604 5632/9569
f 5518/9423 5516/9419 5517/9422
f 5518/9829 5717/9773 5719/9781
f 5518/9829 5517/9830 5717/9773
f 5516/9419 5419/9418 5515/9417
f 5516/9419 5515/9417 5517/9422
f 5420/9256 5421/9257 5419/9255
f 5420/9364 5413/9362 5422/9363
f 5420/9256 5422/9258 5421/9257
f 5419/9418 5421/9416 5515/9417
f 5571/9656 5573/9649 5658/9648
f 5571/9493 5569/9491 5573/9495
f 5719/9781 5715/9771 5713/9769
f 5719/9781 5717/9773 5715/9771
f 5713/9769 5715/9771 5547/9767
f 5369/9205 5322/9158 5321/9157
f 5369/9205 5371/9207 5322/9158
f 5321/9157 5322/9158 5296/9132
f 5658/9648 5573/9649 5659/9650
f 5658/9648 5659/9650 5660/9653
f 5573/9495 5569/9491 5574/9496
f 5573/9649 5574/9651 5659/9650
f 5632/9569 5634/9572 5633/9570
f 5632/9569 5646/9604 5631/9573
f 5632/9569 5631/9573 5634/9572
f 5689/9731 5633/9728 5686/9724
f 5689/9731 5686/9724 5688/9730
f 5633/9728 5634/9726 5686/9724
f 5547/9469 5548/9470 5549/9471
f 5547/9767 5715/9771 5716/9772
f 5547/9469 5550/9472 5548/9470
f 5547/9767 5716/9772 5550/9774
f 5569/9491 5565/9487 5570/9492
f 5569/9491 5570/9492 5574/9496
f 5549/9586 5577/9590 5561/9585
f 5549/9586 5548/9591 5577/9590
f 5562/9484 5561/9483 5564/9486
f 5562/9484 5564/9486 5565/9487
f 5561/9483 5577/9499 5564/9486
f 5660/9653 5659/9650 5657/9645
f 5660/9653 5656/9640 5654/9644
f 5660/9653 5657/9645 5656/9640
f 5565/9487 5567/9489 5570/9492
f 5565/9487 5564/9486 5567/9489
f 5680/9710 5501/9709 5503/9711
f 5680/9710 5682/9717 5679/9708
f 5680/9710 5679/9708 5501/9709
f 5503/9389 5502/9388 5504/9390
f 5503/9389 5501/9387 5502/9388
f 5504/9390 5373/9396 5372/9400
f 5504/9390 5502/9388 5373/9396
f 5659/9650 5574/9651 5583/9652
f 5659/9650 5583/9652 5657/9645
f 5646/9629 5654/9630 5645/9631
f 5646/9604 5645/9603 5631/9573
f 5372/9208 5373/9209 5371/9207
f 5654/9644 5656/9640 5645/9642
f 5413/9249 5308/9144 5428/9264
f 5413/9362 5424/9361 5422/9363
f 5413/9362 5428/9360 5424/9361
f 5308/9144 5309/9145 5428/9264
f 5308/9144 5297/9133 5309/9145
f 5517/9422 5515/9417 5520/9425
f 5517/9830 5520/9831 5717/9773
f 5515/9417 5421/9416 5514/9415
f 5515/9417 5514/9415 5520/9425
f 5422/9258 5423/9259 5421/9257
f 5422/9258 5424/9260 5423/9259
f 5421/9416 5423/9414 5514/9415
f 5682/9859 5688/9860 5745/9855
f 5682/9859 5745/9855 5679/9857
f 5688/9730 5686/9724 5687/9729
f 5688/9860 5687/9858 5745/9855
f 5574/9496 5570/9492 5580/9502
f 5574/9496 5580/9502 5583/9505
f 5717/9773 5716/9772 5715/9771
f 5717/9773 5520/9831 5521/9838
f 5717/9773 5720/9782 5716/9772
f 5717/9773 5521/9838 5720/9782
f 5570/9492 5567/9489 5572/9494
f 5570/9492 5572/9494 5580/9502
f 5583/9652 5582/9646 5657/9645
f 5583/9505 5580/9502 5579/9501
f 5583/9505 5579/9501 5582/9504
f 5567/9489 5564/9486 5576/9498
f 5567/9489 5576/9498 5572/9494
f 5564/9486 5577/9499 5576/9498
f 5322/9158 5371/9207 5323/9159
f 5322/9158 5323/9159 5296/9132
f 5371/9207 5373/9209 5374/9210
f 5371/9207 5374/9210 5323/9159
f 5657/9645 5651/9643 5656/9640
f 5657/9645 5582/9646 5651/9643
f 5656/9640 5644/9641 5645/9642
f 5656/9640 5651/9643 5644/9641
f 5645/9603 5626/9602 5631/9573
f 5645/9603 5644/9601 5626/9602
f 5580/9502 5572/9494 5579/9501
f 5631/9573 5624/9574 5634/9572
f 5631/9567 5626/9558 5624/9554
f 5634/9726 5628/9725 5686/9724
f 5634/9726 5624/9727 5628/9725
f 5577/9590 5548/9591 5641/9592
f 5577/9499 5584/9506 5576/9498
f 5577/9590 5641/9592 5584/9593
f 5550/9638 5641/9637 5548/9639
f 5550/9638 5655/9632 5641/9637
f 5550/9774 5664/9776 5655/9777
f 5550/9774 5716/9772 5718/9775
f 5550/9774 5718/9775 5664/9776
f 5686/9724 5685/9720 5687/9729
f 5686/9724 5628/9725 5662/9723
f 5686/9724 5662/9723 5685/9720
f 5309/9145 5426/9262 5428/9264
f 5309/9145 5310/9146 5426/9262
f 5309/9145 5297/9133 5310/9146
f 5572/9494 5578/9500 5579/9501
f 5572/9494 5576/9498 5578/9500
f 5428/9360 5432/9359 5424/9361
f 5428/9360 5426/9358 5432/9359
f 5582/9646 5581/9647 5651/9643
f 5582/9504 5579/9501 5581/9503
f 5745/9855 5687/9858 5741/9856
f 5745/9855 5741/9856 5679/9857
f 5687/9729 5685/9720 5741/9840
f 5520/9425 5514/9415 5521/9426
f 5514/9415 5423/9414 5513/9413
f 5514/9415 5513/9413 5521/9426
f 5423/9259 5424/9260 5425/9261
f 5423/9414 5425/9412 5513/9413
f 5424/9260 5432/9268 5425/9261
f 5679/9708 5497/9707 5501/9709
f 5679/9708 5741/9840 5678/9706
f 5679/9708 5678/9706 5497/9707
f 5501/9387 5500/9386 5502/9388
f 5501/9387 5497/9383 5500/9386
f 5502/9388 5379/9395 5373/9396
f 5502/9388 5500/9386 5379/9395
f 5373/9209 5378/9214 5374/9210
f 5373/9209 5379/9215 5378/9214
f 5651/9617 5643/9619 5644/9620
f 5651/9617 5581/9618 5643/9619
f 5644/9601 5643/9598 5627/9600
f 5644/9601 5627/9600 5626/9602
f 5579/9501 5578/9500 5581/9503
f 5576/9498 5584/9506 5578/9500
f 5584/9593 5641/9592 5545/9594
f 5584/9623 5642/9621 5578/9622
f 5584/9593 5541/9595 5642/9596
f 5584/9593 5545/9594 5541/9595
f 5323/9159 5374/9210 5324/9160
f 5323/9159 5324/9160 5296/9132
f 5628/9662 5616/9659 5662/9661
f 5628/9560 5624/9554 5616/9553
f 5616/9553 5624/9554 5615/9555
f 5616/9543 5615/9542 5614/9541
f 5616/9659 5614/9660 5662/9661
f 5641/9637 5655/9632 5545/9634
f 5655/9664 5619/9666 5620/9667
f 5655/9632 5620/9635 5544/9633
f 5655/9664 5664/9665 5619/9666
f 5655/9632 5544/9633 5545/9634
f 5620/9549 5619/9548 5546/9547
f 5620/9635 5546/9636 5544/9633
f 5374/9210 5378/9214 5324/9160
f 5720/9782 5718/9775 5716/9772
f 5720/9782 5521/9838 5730/9796
f 5720/9782 5730/9796 5718/9775
f 5581/9618 5642/9621 5643/9619
f 5581/9618 5578/9622 5642/9621
f 5643/9598 5642/9596 5540/9597
f 5643/9598 5630/9599 5627/9600
f 5643/9598 5540/9597 5630/9599
f 5626/9558 5625/9557 5624/9554
f 5626/9558 5627/9559 5625/9557
f 5624/9554 5613/9556 5615/9555
f 5624/9554 5625/9557 5613/9556
f 5615/9542 5613/9540 5614/9541
f 5642/9596 5541/9595 5540/9597
f 5662/9661 5614/9660 5663/9663
f 5662/9723 5663/9721 5685/9720
f 5614/9541 5613/9540 5559/9539
f 5614/9677 5559/9678 5663/9679
f 5664/9685 5618/9683 5619/9686
f 5664/9685 5667/9681 5618/9683
f 5664/9776 5718/9775 5667/9778
f 5619/9548 5618/9546 5546/9547
f 5310/9146 5427/9263 5426/9262
f 5310/9146 5311/9147 5427/9263
f 5310/9146 5297/9133 5311/9147
f 5426/9358 5434/9357 5432/9359
f 5426/9358 5427/9355 5434/9357
f 5545/9467 5544/9466 5541/9463
f 5544/9466 5546/9468 5538/9460
f 5544/9466 5538/9460 5541/9463
f 5546/9468 5542/9464 5538/9460
f 5546/9547 5618/9546 5542/9545
f 5627/9559 5629/9562 5625/9557
f 5627/9559 5630/9563 5629/9562
f 5625/9557 5612/9561 5613/9556
f 5625/9557 5629/9562 5612/9561
f 5613/9540 5612/9536 5559/9539
f 5521/9426 5513/9413 5522/9428
f 5521/9838 5522/9801 5730/9796
f 5513/9413 5425/9412 5512/9411
f 5513/9413 5512/9411 5522/9428
f 5425/9261 5432/9268 5433/9269
f 5425/9412 5433/9408 5512/9411
f 5432/9268 5434/9270 5433/9269
f 5741/9840 5685/9720 5676/9704
f 5741/9840 5675/9702 5678/9706
f 5741/9840 5676/9704 5675/9702
f 5685/9720 5663/9721 5684/9719
f 5685/9720 5684/9719 5676/9704
f 5541/9463 5538/9460 5540/9462
f 5538/9460 5542/9464 5539/9461
f 5538/9460 5539/9461 5540/9462
f 5542/9545 5618/9546 5617/9544
f 5542/9464 5543/9465 5539/9461
f 5542/9545 5617/9544 5543/9537
f 5667/9681 5617/9682 5618/9683
f 5667/9778 5718/9775 5649/9779
f 5667/9681 5649/9684 5617/9682
f 5678/9706 5498/9703 5497/9707
f 5678/9706 5675/9702 5498/9703
f 5379/9395 5500/9386 5380/9397
f 5379/9215 5380/9216 5378/9214
f 5497/9383 5499/9385 5500/9386
f 5497/9383 5498/9384 5499/9385
f 5500/9386 5499/9385 5380/9397
f 5663/9679 5559/9678 5555/9680
f 5663/9721 5555/9722 5684/9719
f 5559/9539 5612/9536 5556/9538
f 5559/9481 5556/9478 5555/9477
f 5630/9563 5539/9564 5629/9562
f 5630/9563 5540/9565 5539/9564
f 5629/9562 5543/9566 5612/9561
f 5629/9562 5539/9564 5543/9566
f 5612/9536 5543/9537 5607/9531
f 5612/9536 5607/9531 5556/9538
f 5324/9160 5378/9214 5325/9161
f 5324/9160 5325/9161 5296/9132
f 5543/9537 5617/9544 5605/9529
f 5543/9537 5605/9529 5607/9531
f 5730/9796 5650/9780 5718/9775
f 5730/9796 5522/9801 5523/9800
f 5730/9796 5523/9800 5524/9798
f 5730/9796 5731/9797 5650/9780
f 5730/9796 5524/9798 5731/9797
f 5718/9775 5650/9780 5649/9779
f 5378/9214 5380/9216 5381/9217
f 5378/9214 5381/9217 5325/9161
f 5649/9613 5621/9614 5617/9615
f 5649/9613 5650/9616 5621/9614
f 5617/9544 5621/9550 5605/9529
f 5555/9477 5556/9478 5557/9479
f 5555/9722 5557/9792 5684/9719
f 5556/9478 5558/9480 5557/9479
f 5556/9538 5607/9531 5558/9525
f 5311/9147 5429/9265 5427/9263
f 5311/9147 5312/9148 5429/9265
f 5311/9147 5297/9133 5312/9148
f 5427/9355 5436/9356 5434/9357
f 5427/9355 5429/9354 5438/9353
f 5427/9355 5438/9353 5436/9356
f 5522/9428 5512/9411 5523/9429
f 5434/9270 5435/9271 5433/9269
f 5434/9270 5436/9272 5435/9271
f 5512/9411 5433/9408 5511/9410
f 5512/9411 5511/9410 5523/9429
f 5433/9408 5435/9409 5511/9410
f 5676/9704 5684/9719 5683/9718
f 5676/9704 5674/9700 5675/9702
f 5676/9704 5671/9696 5674/9700
f 5676/9704 5683/9718 5671/9696
f 5684/9719 5557/9792 5683/9718
f 5675/9702 5506/9701 5498/9703
f 5675/9702 5674/9700 5506/9701
f 5380/9397 5499/9385 5382/9402
f 5380/9216 5382/9218 5381/9217
f 5498/9384 5505/9391 5499/9385
f 5498/9384 5506/9392 5505/9391
f 5499/9385 5505/9391 5382/9402
f 5325/9161 5381/9217 5326/9162
f 5325/9161 5326/9162 5296/9132
f 5381/9217 5382/9218 5383/9219
f 5381/9217 5383/9219 5326/9162
f 5312/9148 5439/9275 5429/9265
f 5312/9148 5316/9152 5439/9275
f 5312/9148 5297/9133 5316/9152
f 5523/9429 5511/9410 5524/9430
f 5429/9354 5439/9351 5438/9353
f 5436/9272 5437/9273 5435/9271
f 5436/9272 5438/9274 5437/9273
f 5511/9410 5435/9409 5525/9431
f 5511/9410 5525/9431 5524/9430
f 5435/9409 5437/9441 5525/9431
f 5674/9700 5508/9695 5506/9701
f 5674/9700 5671/9696 5508/9695
f 5382/9402 5505/9391 5384/9403
f 5382/9218 5384/9220 5383/9219
f 5506/9392 5507/9393 5505/9391
f 5506/9392 5508/9394 5507/9393
f 5505/9391 5507/9393 5384/9403
f 5731/9797 5622/9808 5650/9780
f 5731/9797 5524/9798 5732/9799
f 5731/9797 5732/9799 5622/9808
f 5650/9780 5622/9808 5621/9843
f 5621/9550 5622/9551 5605/9529
f 5326/9162 5383/9219 5327/9163
f 5326/9162 5327/9163 5296/9132
f 5383/9219 5384/9220 5385/9221
f 5383/9219 5385/9221 5327/9163
f 5683/9852 5557/9853 5602/9854
f 5683/9718 5602/9849 5671/9696
f 5557/9526 5558/9525 5602/9524
f 5558/9525 5601/9523 5602/9524
f 5558/9525 5607/9531 5601/9523
f 5316/9152 5442/9278 5439/9275
f 5316/9152 5329/9165 5442/9278
f 5316/9152 5297/9133 5329/9165
f 5439/9351 5487/9352 5438/9353
f 5439/9351 5442/9349 5486/9350
f 5439/9351 5486/9350 5487/9352
f 5438/9353 5481/9339 5437/9343
f 5438/9353 5487/9352 5481/9339
f 5437/9441 5482/9436 5525/9431
f 5437/9343 5481/9339 5482/9340
f 5524/9430 5525/9431 5527/9435
f 5524/9798 5527/9802 5732/9799
f 5525/9431 5482/9436 5527/9435
f 5384/9403 5507/9393 5386/9404
f 5384/9220 5386/9222 5385/9221
f 5671/9696 5670/9693 5508/9695
f 5671/9696 5602/9849 5673/9699
f 5671/9696 5673/9699 5670/9693
f 5508/9695 5510/9694 5507/9697
f 5508/9695 5670/9693 5510/9694
f 5507/9393 5510/9405 5386/9404
f 5327/9163 5385/9221 5328/9164
f 5327/9163 5328/9164 5296/9132
f 5385/9221 5387/9223 5328/9164
f 5385/9221 5386/9222 5387/9223
f 5732/9799 5623/9805 5622/9808
f 5732/9799 5527/9802 5528/9803
f 5732/9799 5611/9804 5623/9805
f 5732/9799 5528/9803 5611/9804
f 5622/9551 5623/9552 5605/9529
f 5329/9165 5440/9276 5442/9278
f 5329/9165 5330/9166 5440/9276
f 5329/9165 5297/9133 5330/9166
f 5442/9349 5440/9347 5485/9348
f 5442/9349 5485/9348 5486/9350
f 5602/9524 5601/9523 5600/9522
f 5602/9849 5672/9698 5673/9699
f 5602/9849 5600/9825 5672/9698
f 5601/9523 5595/9517 5600/9522
f 5601/9523 5607/9531 5595/9517
f 5527/9435 5482/9436 5528/9437
f 5487/9352 5479/9337 5481/9339
f 5487/9352 5486/9350 5479/9337
f 5481/9339 5480/9338 5482/9340
f 5481/9339 5479/9337 5480/9338
f 5482/9436 5480/9438 5528/9437
f 5328/9164 5387/9223 5331/9167
f 5328/9164 5331/9167 5296/9132
f 5387/9223 5386/9222 5388/9224
f 5387/9223 5389/9225 5331/9167
f 5387/9223 5388/9224 5389/9225
f 5673/9699 5668/9687 5670/9693
f 5673/9699 5672/9698 5668/9687
f 5386/9404 5510/9405 5388/9406
f 5330/9166 5441/9277 5440/9276
f 5330/9166 5333/9169 5441/9277
f 5330/9166 5297/9133 5333/9169
f 5670/9693 5430/9689 5510/9694
f 5670/9693 5668/9687 5430/9689
f 5510/9405 5430/9407 5388/9406
f 5623/9805 5611/9804 5606/9806
f 5623/9552 5606/9530 5605/9529
f 5611/9804 5528/9803 5529/9807
f 5611/9535 5603/9527 5606/9530
f 5611/9870 5529/9871 5603/9872
f 5440/9347 5441/9345 5484/9346
f 5440/9347 5484/9346 5485/9348
f 5600/9522 5595/9517 5597/9519
f 5600/9825 5677/9705 5672/9698
f 5600/9825 5597/9810 5677/9705
f 5595/9517 5596/9518 5597/9519
f 5595/9517 5607/9531 5596/9518
f 5331/9167 5389/9225 5332/9168
f 5331/9167 5332/9168 5296/9132
f 5528/9437 5480/9438 5529/9439
f 5486/9350 5477/9335 5479/9337
f 5486/9350 5485/9348 5477/9335
f 5389/9225 5388/9224 5390/9226
f 5389/9225 5391/9227 5332/9168
f 5389/9225 5390/9226 5391/9227
f 5333/9169 5397/9233 5441/9277
f 5333/9169 5334/9170 5397/9233
f 5333/9169 5297/9133 5334/9170
f 5480/9338 5479/9337 5478/9336
f 5480/9438 5478/9440 5529/9439
f 5479/9337 5477/9335 5478/9336
f 5596/9518 5598/9520 5597/9519
f 5596/9518 5607/9531 5599/9521
f 5596/9518 5599/9521 5598/9520
f 5606/9530 5603/9527 5605/9529
f 5441/9345 5397/9344 5483/9342
f 5441/9345 5483/9342 5484/9346
f 5672/9698 5669/9690 5668/9687
f 5672/9698 5677/9705 5669/9690
f 5597/9810 5598/9812 5734/9811
f 5597/9810 5733/9809 5677/9705
f 5597/9810 5734/9811 5733/9809
f 5603/9527 5604/9528 5605/9529
f 5603/9847 5737/9819 5604/9820
f 5603/9872 5529/9871 5738/9873
f 5603/9847 5738/9823 5737/9819
f 5388/9224 5430/9266 5390/9226
f 5332/9168 5391/9227 5296/9132
f 5668/9687 5431/9688 5430/9689
f 5668/9687 5669/9690 5431/9688
f 5430/9266 5431/9267 5390/9226
f 5391/9227 5393/9229 5296/9132
f 5391/9227 5392/9228 5393/9229
f 5391/9227 5390/9226 5392/9228
f 5334/9170 5395/9231 5397/9233
f 5334/9170 5297/9133 5395/9231
f 5599/9521 5607/9531 5609/9533
f 5599/9521 5610/9534 5598/9520
f 5599/9521 5609/9533 5610/9534
f 5296/9132 5393/9229 5297/9133
f 5607/9531 5605/9529 5604/9528
f 5607/9531 5604/9528 5608/9532
f 5607/9531 5608/9532 5609/9533
f 5598/9812 5610/9814 5735/9813
f 5598/9812 5735/9813 5734/9811
f 5608/9815 5604/9820 5736/9816
f 5608/9532 5610/9534 5609/9533
f 5608/9815 5735/9813 5610/9814
f 5608/9815 5736/9816 5735/9813
f 5604/9820 5737/9819 5736/9816
f 5397/9233 5395/9231 5396/9232
f 5397/9344 5396/9341 5483/9342
f 5297/9133 5393/9229 5395/9231
f 5393/9229 5394/9230 5395/9231
f 5393/9229 5392/9228 5394/9230
f 5529/9871 5478/9874 5738/9873
f 5485/9348 5474/9331 5477/9335
f 5485/9348 5484/9346 5474/9331
f 5395/9231 5394/9230 5396/9232
f 5478/9336 5477/9335 5475/9332
f 5478/9824 5475/9822 5738/9823
f 5477/9335 5474/9331 5475/9332
f 5677/9705 5476/9692 5669/9690
f 5677/9705 5733/9809 5476/9692
f 5390/9226 5431/9267 5392/9228
f 5669/9690 5418/9691 5431/9688
f 5669/9690 5476/9692 5418/9691
f 5431/9267 5418/9254 5392/9228
f 5738/9823 5475/9822 5737/9819
f 5484/9346 5472/9329 5474/9331
f 5484/9346 5483/9342 5472/9329
f 5475/9332 5474/9331 5473/9330
f 5475/9822 5473/9818 5737/9819
f 5474/9331 5472/9329 5473/9330
f 5733/9809 5471/9821 5476/9692
f 5733/9809 5734/9811 5471/9821
f 5737/9819 5473/9818 5736/9816
f 5392/9228 5418/9254 5394/9230
f 5476/9333 5417/9328 5418/9334
f 5476/9333 5471/9327 5417/9328
f 5483/9342 5470/9326 5472/9329
f 5483/9342 5396/9341 5470/9326
f 5418/9254 5417/9253 5394/9230
f 5473/9818 5469/9817 5736/9816
f 5473/9330 5472/9329 5469/9325
f 5734/9811 5735/9813 5468/9844
f 5734/9811 5468/9844 5471/9821
f 5394/9230 5417/9253 5396/9232
f 5736/9816 5469/9817 5735/9813
f 5472/9329 5470/9326 5469/9325
f 5735/9813 5469/9817 5468/9844
f 5396/9341 5417/9328 5470/9326
f 5471/9327 5470/9326 5417/9328
f 5471/9327 5468/9324 5470/9326
f 5468/9324 5469/9325 5470/9326
f 5753/9913 5748/9915 5759/9914
f 5753/9913 5761/9910 5752/9912
f 5753/9913 5759/9914 5761/9910
f 5748/9904 5754/9905 5759/9906
f 5748/9904 5747/9907 5754/9905
f 5761/9910 5758/9911 5752/9912
f 5761/9895 5759/9893 5758/9892
f 5752/9912 5758/9911 5749/9916
f 5759/9893 5754/9888 5758/9892
f 5758/9892 5754/9888 5756/9890
f 5758/9911 5756/9917 5749/9916
f 5747/9907 5755/9908 5754/9905
f 5747/9907 5751/9909 5755/9908
f 5754/9888 5755/9889 5756/9890
f 5756/9900 5746/9899 5749/9901
f 5756/9890 5755/9889 5757/9891
f 5756/9900 5757/9896 5746/9899
f 5755/9889 5760/9894 5757/9891
f 5755/9903 5751/9902 5760/9897
f 5757/9896 5760/9897 5750/9898
f 5757/9896 5750/9898 5746/9899
f 5751/9902 5750/9898 5760/9897
f 5750/9884 5751/9885 5747/9881
f 5746/9880 5750/9884 5747/9881
f 5746/9880 5747/9881 5748/9882
f 5749/9883 5746/9880 5748/9882
f 5752/9886 5749/9883 5748/9882
f 5752/9886 5748/9882 5753/9887
f 5762/9944 5768/9946 5771/9948
f 5762/9944 5765/9945 5768/9946
f 5762/9944 5771/9948 5767/9949
f 5762/9918 5767/9923 5763/9919
f 5762/9918 5764/9920 5765/9921
f 5762/9918 5763/9919 5764/9920
f 5768/9924 5770/9926 5771/9927
f 5768/9946 5765/9945 5772/9947
f 5768/9924 5772/9928 5769/9925
f 5768/9924 5769/9925 5770/9926
f 5767/9934 5771/9937 5770/9935
f 5767/9934 5770/9935 5763/9936
f 5765/9933 5766/9931 5772/9930
f 5765/9921 5764/9920 5766/9922
f 5772/9928 5773/9929 5769/9925
f 5772/9930 5766/9931 5773/9932
f 5763/9942 5770/9943 5769/9939
f 5764/9938 5763/9942 5769/9939
f 5764/9938 5769/9939 5773/9940
f 5764/9938 5773/9940 5766/9941
f 5781/9958 5779/9961 5782/9959
f 5781/9958 5783/9960 5780/9962
f 5781/9958 5782/9959 5783/9960
f 5779/9980 5789/9979 5782/9981
f 5779/9980 5776/9976 5789/9979
f 5780/9962 5783/9960 5784/9963
f 5780/9964 5784/9965 5774/9966
f 5783/9975 5782/9974 5784/9965
f 5782/9974 5789/9973 5784/9965
f 5784/9965 5789/9973 5785/9967
f 5784/9965 5785/9967 5774/9966
f 5776/9976 5788/9978 5789/9979
f 5776/9976 5777/9977 5788/9978
f 5789/9973 5788/9972 5785/9967
f 5785/9967 5775/9968 5774/9966
f 5785/9967 5788/9972 5786/9969
f 5785/9967 5786/9969 5775/9968
f 5788/9978 5777/9977 5787/9982
f 5788/9972 5787/9971 5786/9969
f 5777/9977 5778/9983 5787/9982
f 5786/9969 5787/9971 5778/9970
f 5786/9969 5778/9970 5775/9968
f 5775/9951 5778/9954 5777/9953
f 5775/9951 5777/9953 5776/9952
f 5774/9950 5775/9951 5776/9952
f 5774/9950 5776/9952 5779/9955
f 5780/9956 5774/9950 5779/9955
f 5781/9957 5780/9956 5779/9955
f 5797/9998 5794/9996 5800/9997
f 5797/9998 5801/9999 5790/10004
f 5797/9998 5800/9997 5801/9999
f 5794/9996 5799/9994 5800/9997
f 5794/9996 5793/9992 5799/9994
f 5801/9999 5805/10003 5790/10004
f 5801/9999 5800/9997 5805/10003
f 5790/10004 5805/10003 5795/10005
f 5800/9997 5799/9994 5805/10003
f 5805/10003 5799/9994 5802/10000
f 5805/10003 5802/10000 5795/10005
f 5793/9992 5798/9993 5799/9994
f 5793/9992 5792/9995 5798/9993
f 5799/9994 5798/9993 5802/10000
f 5802/10000 5796/10006 5795/10005
f 5802/10000 5798/9993 5803/10001
f 5802/10000 5803/10001 5796/10006
f 5798/10007 5792/10008 5804/10009
f 5798/9993 5804/10002 5803/10001
f 5792/10008 5791/10010 5804/10009
f 5803/10011 5804/10009 5791/10010
f 5803/10011 5791/10010 5796/10012
f 5795/9989 5796/9990 5791/9985
f 5790/9984 5795/9989 5791/9985
f 5790/9984 5791/9985 5792/9986
f 5790/9984 5792/9986 5793/9987
f 5790/9984 5793/9987 5794/9988
f 5797/9991 5790/9984 5794/9988
f 5813/10026 5810/10028 5817/10027
f 5813/10026 5816/10025 5809/10024
f 5813/10026 5817/10027 5816/10025
f 5810/10041 5821/10042 5817/10043
f 5810/10041 5808/10044 5821/10042
f 5809/10024 5816/10025 5814/10021
f 5809/10024 5814/10021 5806/10023
f 5816/10040 5817/10039 5814/10038
f 5817/10039 5821/10037 5814/10038
f 5814/10038 5821/10037 5815/10033
f 5814/10021 5815/10022 5806/10023
f 5808/10044 5820/10045 5821/10042
f 5808/10044 5811/10046 5820/10045
f 5821/10037 5820/10036 5815/10033
f 5806/10034 5815/10033 5807/10032
f 5815/10033 5820/10036 5818/10029
f 5815/10033 5818/10029 5807/10032
f 5820/10036 5811/10035 5819/10030
f 5820/10036 5819/10030 5818/10029
f 5811/10035 5812/10031 5819/10030
f 5818/10029 5812/10031 5807/10032
f 5818/10029 5819/10030 5812/10031
f 5807/10014 5812/10019 5811/10018
f 5807/10014 5811/10018 5808/10015
f 5806/10013 5807/10014 5808/10015
f 5809/10016 5806/10013 5808/10015
f 5809/10016 5808/10015 5810/10017
f 5813/10020 5809/10016 5810/10017
f 5822/10047 5823/10048 5824/10049
f 5822/10054 5824/10055 5826/10056
f 5822/10050 5825/10051 5823/10052
f 5822/10050 5826/10053 5825/10051
f 5824/10057 5823/10058 5825/10059
f 5824/10057 5825/10059 5826/10060
f 5827/10061 5828/10062 5829/10063
f 5827/10073 5829/10074 5832/10075
f 5827/10072 5832/10070 5828/10069
f 5829/10063 5828/10062 5830/10064
f 5829/10065 5830/10068 5831/10066
f 5829/10065 5831/10066 5832/10067
f 5828/10076 5831/10077 5830/10078
f 5828/10069 5832/10070 5831/10071
f 5833/10079 5834/10080 5835/10081
f 5833/10089 5837/10090 5834/10091
f 5833/10086 5835/10087 5836/10088
f 5833/10089 5836/10092 5837/10090
f 5834/10082 5836/10083 5835/10084
f 5834/10082 5837/10085 5836/10083
f 5838/10093 5839/10094 5840/10095
f 5838/10097 5841/10098 5839/10099
f 5838/10097 5840/10100 5841/10098
f 5839/10094 5841/10096 5840/10095
f 5842/10101 5843/10102 5844/10103
f 5842/10122 5846/10123 5843/10124
f 5842/10111 5844/10112 5845/10113
f 5842/10122 5850/10119 5846/10123
f 5842/10111 5845/10113 5850/10114
f 5843/10104 5845/10105 5844/10106
f 5843/10104 5846/10107 5845/10105
f 5850/10119 5848/10121 5846/10123
f 5850/10114 5845/10113 5851/10115
f 5850/10119 5851/10120 5848/10121
f 5846/10107 5847/10108 5845/10105
f 5846/10107 5848/10109 5847/10108
f 5845/10113 5847/10116 5851/10115
f 5851/10120 5849/10125 5848/10121
f 5851/10115 5847/10116 5852/10117
f 5851/10120 5852/10126 5849/10125
f 5848/10109 5849/10110 5847/10108
f 5847/10116 5849/10118 5852/10117
f 5853/10127 5854/10128 5855/10129
f 5853/10148 5857/10149 5854/10150
f 5853/10137 5855/10138 5856/10139
f 5853/10148 5861/10145 5857/10149
f 5853/10137 5856/10139 5861/10140
f 5854/10130 5856/10131 5855/10132
f 5854/10130 5857/10133 5856/10131
f 5861/10145 5859/10147 5857/10149
f 5861/10140 5856/10139 5862/10141
f 5861/10145 5862/10146 5859/10147
f 5857/10133 5858/10134 5856/10131
f 5857/10133 5859/10135 5858/10134
f 5856/10139 5858/10142 5862/10141
f 5862/10146 5860/10151 5859/10147
f 5862/10141 5858/10142 5863/10143
f 5862/10146 5863/10152 5860/10151
f 5859/10135 5860/10136 5858/10134
f 5858/10142 5860/10144 5863/10143
f 5832/10153 5831/10154 5864/10155
f 5837/10156 5836/10157 5865/10158
f 5837/10164 5866/10165 5836/10166
f 5837/10160 5865/10163 5866/10161
f 5836/10157 5866/10159 5865/10158
f 5837/10160 5866/10161 5836/10162
f 5837/10156 5836/10157 5865/10158
f 5840/10170 5841/10171 5869/10172
f 5840/10176 5867/10177 5841/10178
f 5840/10176 5869/10179 5867/10177
f 5841/10171 5867/10173 5869/10172
f 5869/10172 5867/10173 5870/10174
f 5869/10180 5868/10181 5867/10182
f 5869/10180 5870/10183 5868/10181
f 5867/10173 5868/10175 5870/10174
f 5868/10184 5869/10185 5841/10186
f 5841/10167 5867/10168 5868/10169
f 5871/10187 5872/10188 5873/10189
f 5871/10196 5873/10197 5874/10198
f 5871/10190 5874/10191 5872/10192
f 5873/10193 5872/10194 5874/10195
f 5873/10199 5875/10200 5874/10201
f 5874/10201 5875/10200 5876/10202
f 5874/10204 5877/10205 5875/10206
f 5874/10204 5876/10207 5877/10205
f 5875/10200 5877/10203 5876/10202
f 5871/10208 5873/10209 5875/10210
f 5865/10211 5878/10212 5866/10213
f 5879/10214 5880/10215 5881/10216
f 5879/10221 5881/10222 5883/10223
f 5879/10217 5882/10218 5880/10219
f 5879/10217 5883/10220 5882/10218
f 5881/10224 5880/10225 5882/10226
f 5881/10224 5882/10226 5883/10227
f 5870/10228 5884/10229 5868/10230
f 5885/10231 5886/10232 5887/10233
f 5885/10253 5887/10254 5905/10255
f 5885/10231 5888/10234 5886/10232
f 5885/10271 5913/10273 5888/10274
f 5885/10271 5905/10272 5913/10273
f 5887/10235 5886/10236 5889/10237
f 5887/10254 5889/10256 5905/10255
f 5888/10289 5890/10291 5886/10292
f 5888/10289 5913/10290 5890/10291
f 5886/10236 5890/10238 5889/10237
f 5905/10255 5889/10256 5906/10257
f 5905/10272 5914/10275 5913/10273
f 5905/10272 5906/10276 5914/10275
f 5889/10237 5890/10238 5891/10239
f 5889/10256 5891/10258 5906/10257
f 5913/10290 5892/10293 5890/10291
f 5913/10290 5914/10294 5892/10293
f 5890/10238 5892/10240 5891/10239
f 5906/10257 5891/10258 5907/10259
f 5906/10276 5915/10277 5914/10275
f 5906/10276 5907/10278 5915/10277
f 5891/10239 5892/10240 5893/10241
f 5891/10258 5893/10260 5907/10259
f 5914/10294 5894/10295 5892/10293
f 5914/10294 5915/10296 5894/10295
f 5892/10240 5894/10242 5893/10241
f 5907/10259 5893/10260 5908/10261
f 5907/10278 5916/10279 5915/10277
f 5907/10278 5908/10280 5916/10279
f 5893/10241 5894/10242 5895/10243
f 5893/10260 5895/10262 5908/10261
f 5915/10296 5896/10297 5894/10295
f 5915/10296 5916/10298 5896/10297
f 5894/10242 5896/10244 5895/10243
f 5908/10261 5895/10262 5909/10263
f 5908/10280 5917/10281 5916/10279
f 5908/10280 5909/10282 5917/10281
f 5895/10243 5896/10244 5897/10245
f 5895/10262 5897/10264 5909/10263
f 5916/10298 5898/10299 5896/10297
f 5916/10298 5917/10300 5898/10299
f 5896/10244 5898/10246 5897/10245
f 5909/10263 5897/10264 5910/10265
f 5909/10282 5918/10283 5917/10281
f 5909/10282 5910/10284 5918/10283
f 5897/10245 5898/10246 5899/10247
f 5897/10264 5899/10266 5910/10265
f 5917/10300 5900/10301 5898/10299
f 5917/10300 5918/10302 5900/10301
f 5898/10246 5900/10248 5899/10247
f 5910/10265 5899/10266 5911/10267
f 5910/10284 5919/10285 5918/10283
f 5910/10284 5911/10286 5919/10285
f 5899/10247 5900/10248 5901/10249
f 5899/10266 5901/10268 5911/10267
f 5918/10302 5902/10303 5900/10301
f 5918/10302 5919/10304 5902/10303
f 5900/10248 5902/10250 5901/10249
f 5911/10267 5901/10268 5912/10269
f 5911/10286 5920/10287 5919/10285
f 5911/10286 5912/10288 5920/10287
f 5901/10249 5902/10250 5903/10251
f 5901/10268 5903/10270 5912/10269
f 5919/10304 5904/10305 5902/10303
f 5919/10304 5920/10306 5904/10305
f 5902/10250 5904/10252 5903/10251
f 5912/10310 5903/10307 5920/10309
f 5903/10307 5904/10308 5920/10309
f 5883/10314 5882/10315 5921/10316
f 5883/10318 5922/10319 5882/10320
f 5883/10318 5921/10321 5922/10319
f 5882/10315 5922/10317 5921/10316
f 5921/10322 5882/10323 5879/10324
f 5883/10311 5921/10312 5879/10313
f 5863/10328 5860/10329 5924/10330
f 5863/10332 5923/10333 5860/10334
f 5863/10332 5924/10335 5923/10333
f 5860/10329 5923/10331 5924/10330
f 5858/10325 5860/10326 5923/10327
f 5876/10336 5877/10337 5925/10338
f 5876/10340 5926/10341 5877/10342
f 5876/10340 5925/10343 5926/10341
f 5877/10337 5926/10339 5925/10338
f 5932/10378 5942/10380 5927/10382
f 5932/10378 5941/10379 5942/10380
f 5932/10378 5931/10381 5941/10379
f 5927/10382 5942/10380 5940/10383
f 5927/10363 5940/10360 5928/10362
f 5942/10359 5941/10358 5940/10357
f 5931/10376 5936/10374 5941/10377
f 5931/10376 5929/10372 5936/10374
f 5940/10357 5941/10358 5936/10353
f 5940/10360 5935/10361 5928/10362
f 5940/10357 5936/10353 5935/10352
f 5928/10362 5935/10361 5934/10364
f 5935/10352 5936/10353 5937/10354
f 5935/10352 5937/10354 5938/10355
f 5935/10361 5938/10365 5934/10364
f 5929/10372 5937/10373 5936/10374
f 5929/10372 5930/10375 5937/10373
f 5938/10355 5937/10354 5939/10356
f 5938/10366 5933/10368 5934/10369
f 5938/10366 5939/10367 5933/10368
f 5937/10371 5930/10370 5939/10367
f 5939/10367 5930/10370 5933/10368
f 5928/10345 5934/10351 5933/10350
f 5928/10345 5933/10350 5930/10347
f 5928/10345 5930/10347 5929/10346
f 5927/10344 5928/10345 5929/10346
f 5927/10344 5929/10346 5931/10348
f 5927/10344 5931/10348 5932/10349
f 5943/10384 5944/10385 5945/10386
f 5943/10388 5946/10389 5944/10390
f 5943/10388 5945/10391 5946/10389
f 5944/10385 5946/10387 5945/10386
f 5921/10392 5922/10393 5947/10394
f 5921/10400 5948/10401 5922/10402
f 5921/10396 5947/10399 5948/10397
f 5922/10393 5948/10395 5947/10394
f 5921/10396 5948/10397 5922/10398
f 5921/10392 5922/10393 5947/10394
f 5925/10403 5926/10404 5949/10405
f 5925/10411 5950/10412 5926/10413
f 5925/10407 5949/10410 5950/10408
f 5926/10404 5950/10406 5949/10405
f 5925/10407 5950/10408 5926/10409
f 5926/10404 5949/10405 5925/10403
f 5951/10414 5952/10415 5953/10416
f 5951/10432 5953/10433 5967/10434
f 5951/10414 5954/10417 5952/10415
f 5951/10446 5973/10448 5954/10449
f 5951/10446 5967/10447 5973/10448
f 5953/10418 5952/10419 5955/10420
f 5953/10433 5955/10435 5967/10434
f 5954/10460 5956/10462 5952/10463
f 5954/10460 5973/10461 5956/10462
f 5952/10419 5956/10421 5955/10420
f 5967/10434 5955/10435 5968/10436
f 5967/10447 5974/10450 5973/10448
f 5967/10447 5968/10451 5974/10450
f 5955/10420 5956/10421 5957/10422
f 5955/10435 5957/10437 5968/10436
f 5973/10461 5958/10464 5956/10462
f 5973/10461 5974/10465 5958/10464
f 5956/10421 5958/10423 5957/10422
f 5968/10436 5957/10437 5969/10438
f 5968/10451 5975/10452 5974/10450
f 5968/10451 5969/10453 5975/10452
f 5957/10422 5958/10423 5959/10424
f 5957/10437 5959/10439 5969/10438
f 5974/10465 5960/10466 5958/10464
f 5974/10465 5975/10467 5960/10466
f 5958/10423 5960/10425 5959/10424
f 5969/10438 5959/10439 5970/10440
f 5969/10453 5976/10454 5975/10452
f 5969/10453 5970/10455 5976/10454
f 5959/10424 5960/10425 5961/10426
f 5959/10439 5961/10441 5970/10440
f 5975/10467 5962/10468 5960/10466
f 5975/10467 5976/10469 5962/10468
f 5960/10425 5962/10427 5961/10426
f 5970/10440 5961/10441 5971/10442
f 5970/10455 5977/10456 5976/10454
f 5970/10455 5971/10457 5977/10456
f 5961/10426 5962/10427 5963/10428
f 5961/10441 5963/10443 5971/10442
f 5976/10469 5964/10470 5962/10468
f 5976/10469 5977/10471 5964/10470
f 5962/10427 5964/10429 5963/10428
f 5971/10442 5963/10443 5972/10444
f 5971/10457 5978/10458 5977/10456
f 5971/10457 5972/10459 5978/10458
f 5963/10428 5964/10429 5965/10430
f 5963/10443 5965/10445 5972/10444
f 5977/10471 5966/10472 5964/10470
f 5977/10471 5978/10473 5966/10472
f 5964/10429 5966/10431 5965/10430
f 5972/10477 5965/10474 5978/10476
f 5965/10474 5966/10475 5978/10476
f 5945/10478 5946/10479 5979/10480
f 5945/10482 5980/10483 5946/10484
f 5945/10482 5979/10485 5980/10483
f 5946/10479 5980/10481 5979/10480
f 5947/10486 5948/10487 5981/10488
f 5947/10490 5982/10491 5948/10492
f 5947/10490 5981/10493 5982/10491
f 5948/10487 5982/10489 5981/10488
f 5979/10494 5980/10495 5983/10496
f 5979/10502 5984/10503 5980/10504
f 5979/10498 5983/10501 5984/10499
f 5980/10495 5984/10497 5983/10496
f 5979/10498 5984/10499 5980/10500
f 5979/10494 5980/10495 5983/10496
f 5981/10505 5982/10506 5985/10507
f 5981/10511 5987/10512 5982/10513
f 5981/10511 5985/10514 5987/10512
f 5982/10520 5987/10521 5985/10522
f 5985/10517 5987/10518 5986/10519
f 5985/10514 5988/10515 5987/10512
f 5985/10514 5986/10516 5988/10515
f 5987/10509 5988/10510 5986/10508
f 5986/10508 5985/10507 5982/10506
f 5987/10509 5986/10508 5982/10506
f 5983/10523 5984/10524 5989/10525
f 5983/10531 5990/10532 5984/10533
f 5983/10527 5989/10530 5990/10528
f 5984/10524 5990/10526 5989/10525
f 5983/10527 5990/10528 5984/10529
f 5984/10524 5989/10525 5983/10523
f 5986/10534 5988/10535 5991/10536
f 5986/10538 5992/10539 5988/10540
f 5986/10538 5991/10541 5992/10539
f 5988/10542 5992/10543 5991/10544
f 5991/10536 5988/10535 5992/10537
f 5995/10548 5994/10549 5996/10550
f 5996/10550 5994/10549 5997/10551
f 5994/10549 5993/10552 5997/10551
f 5993/10545 5994/10546 5995/10547
f 5997/10554 5993/10556 5995/10555
f 5996/10553 5997/10554 5995/10555
f 5991/10557 5992/10558 5998/10559
f 5991/10561 5999/10562 5992/10563
f 5991/10561 5998/10564 5999/10562
f 5992/10558 5999/10560 5998/10559
f 6000/10565 6001/10566 6002/10567
f 6000/10569 6003/10570 6001/10571
f 6000/10569 6002/10572 6003/10570
f 6001/10566 6003/10568 6002/10567
f 6004/10573 6005/10574 6006/10575
f 6004/10577 6007/10578 6005/10579
f 6004/10577 6006/10580 6007/10578
f 6005/10574 6007/10576 6006/10575
f 6008/10581 6009/10582 6010/10583
f 6008/10585 6011/10586 6009/10587
f 6008/10585 6010/10588 6011/10586
f 6009/10582 6011/10584 6010/10583
f 6012/10589 6013/10590 6014/10591
f 6013/10590 6015/10592 6014/10591
f 6012/10595 6014/10596 6015/10593
f 6015/10593 6013/10594 6012/10595
f 6015/10597 6016/10598 6017/10599
f 6020/10603 6019/10604 6021/10605
f 6021/10605 6019/10604 6022/10606
f 6019/10604 6018/10607 6022/10606
f 6018/10600 6019/10601 6020/10602
f 6020/10608 6021/10609 6022/10610
f 6018/10611 6020/10608 6022/10610
f 6023/10612 6024/10613 6025/10614
f 6025/10619 6026/10620 6024/10621
f 6023/10615 6025/10618 6026/10616
f 6023/10615 6026/10616 6024/10617
f 6027/10622 6028/10623 6029/10624
f 6029/10624 6028/10623 6030/10625
f 6027/10628 6029/10629 6030/10626
f 6030/10626 6028/10627 6027/10628
f 6036/10636 6035/10637 6031/10638
f 6031/10638 6035/10637 6032/10639
f 6035/10637 6034/10640 6032/10639
f 6032/10639 6034/10640 6033/10641
f 6031/10630 6032/10631 6033/10632
f 6034/10633 6035/10634 6036/10635
f 6031/10642 6033/10645 6034/10643
f 6031/10642 6034/10643 6036/10644
f 6048/10666 6047/10667 6037/10668
f 6037/10668 6047/10667 6038/10669
f 6047/10667 6046/10670 6038/10669
f 6038/10669 6046/10670 6039/10671
f 6046/10670 6052/10672 6039/10671
f 6039/10671 6052/10672 6040/10673
f 6052/10672 6051/10674 6040/10673
f 6040/10673 6051/10674 6041/10675
f 6051/10674 6045/10676 6041/10675
f 6041/10675 6045/10676 6042/10677
f 6045/10676 6044/10678 6042/10677
f 6042/10677 6044/10678 6056/10679
f 6044/10678 6043/10680 6056/10679
f 6056/10679 6043/10680 6053/10681
f 6043/10680 6050/10682 6053/10681
f 6053/10681 6050/10682 6054/10683
f 6050/10682 6049/10684 6054/10683
f 6054/10683 6049/10684 6055/10685
f 6037/10646 6038/10647 6039/10648
f 6040/10649 6041/10650 6042/10651
f 6043/10652 6044/10653 6045/10654
f 6046/10655 6047/10656 6048/10657
f 6049/10658 6050/10659 6043/10652
f 6051/10660 6052/10661 6046/10655
f 6053/10662 6054/10663 6055/10664
f 6042/10651 6056/10665 6053/10662
f 6053/10689 6055/10690 6049/10691
f 6046/10686 6048/10687 6037/10688
f 6057/10692 5999/10693 6058/10694
f 6057/10696 6058/10697 6060/10698
f 6057/10700 6061/10701 6058/10702
f 6057/10700 6060/10703 6061/10701
f 5999/10693 6059/10695 6058/10694
f 6058/10697 6061/10699 6060/10698
f 5999/10707 6057/10708 6060/10709
f 6060/10704 6058/10705 6059/10706
f 5999/10710 6060/10711 6059/10712
f 6062/10713 6063/10714 6064/10715
f 6064/10715 6063/10714 6065/10716
f 6064/10718 6066/10719 6063/10720
f 6064/10718 6065/10721 6066/10719
f 6063/10714 6066/10717 6065/10716
f 6067/10725 6070/10726 6068/10727
f 6070/10726 6071/10728 6068/10727
f 6068/10727 6071/10728 6069/10729
f 6067/10722 6068/10723 6069/10724
f 6070/10730 6067/10731 6069/10732
f 6071/10733 6070/10730 6069/10732
f 6072/10753 6077/10755 6086/10754
f 6072/10753 6084/10751 6073/10750
f 6072/10753 6086/10754 6084/10751
f 6077/10766 6087/10764 6086/10767
f 6077/10766 6076/10762 6087/10764
f 6073/10750 6084/10751 6085/10752
f 6073/10750 6085/10752 6078/10756
f 6084/10751 6086/10754 6085/10752
f 6085/10752 6086/10754 6087/10758
f 6085/10752 6083/10757 6078/10756
f 6085/10752 6087/10758 6083/10757
f 6076/10762 6082/10763 6087/10764
f 6076/10762 6075/10765 6082/10763
f 6078/10749 6083/10748 6079/10745
f 6087/10758 6082/10759 6083/10757
f 6083/10757 6082/10759 6080/10760
f 6083/10748 6080/10742 6079/10745
f 6080/10760 6082/10759 6081/10761
f 6080/10742 6081/10743 6074/10744
f 6080/10742 6074/10744 6079/10745
f 6082/10747 6075/10746 6081/10743
f 6075/10746 6074/10744 6081/10743
f 6078/10740 6079/10741 6074/10736
f 6073/10735 6078/10740 6074/10736
f 6072/10734 6073/10735 6074/10736
f 6072/10734 6074/10736 6075/10737
f 6072/10734 6075/10737 6076/10738
f 6072/10734 6076/10738 6077/10739
f 6098/10790 6095/10792 6100/10794
f 6098/10790 6092/10791 6095/10792
f 6098/10790 6103/10793 6092/10791
f 6100/10794 6095/10792 6091/10795
f 6100/10802 6091/10803 6102/10804
f 6095/10775 6092/10772 6091/10771
f 6091/10771 6092/10772 6089/10769
f 6091/10803 6088/10805 6102/10804
f 6091/10771 6089/10769 6088/10768
f 6103/10788 6089/10784 6092/10789
f 6103/10788 6101/10785 6089/10784
f 6102/10804 6088/10805 6096/10806
f 6088/10768 6089/10769 6090/10770
f 6088/10805 6093/10807 6096/10806
f 6088/10768 6090/10770 6093/10773
f 6089/10784 6101/10785 6090/10786
f 6101/10785 6099/10787 6090/10786
f 6093/10796 6097/10798 6096/10799
f 6093/10773 6090/10770 6094/10774
f 6093/10796 6094/10797 6097/10798
f 6090/10801 6099/10800 6094/10797
f 6094/10797 6099/10800 6097/10798
f 6101/10781 6103/10783 6098/10778
f 6099/10779 6101/10781 6098/10778
f 6097/10777 6099/10779 6098/10778
f 6096/10776 6097/10777 6098/10778
f 6096/10776 6098/10778 6100/10780
f 6096/10776 6100/10780 6102/10782
f 6002/10811 6003/10812 6105/10813
f 6002/10815 6104/10817 6003/10818
f 6002/10815 6105/10816 6104/10817
f 6003/10812 6104/10814 6105/10813
f 6001/10808 6003/10809 6104/10810
f 6002/10819 6001/10820 6104/10821
f 6006/10826 6007/10827 6107/10828
f 6006/10832 6108/10833 6007/10834
f 6006/10832 6107/10835 6108/10833
f 6007/10827 6108/10829 6107/10828
f 6107/10828 6108/10829 6106/10830
f 6107/10839 6109/10840 6108/10841
f 6107/10839 6106/10842 6109/10840
f 6108/10829 6109/10831 6106/10830
f 6107/10836 6007/10837 6004/10838
f 6106/10822 6107/10823 6004/10824
f 6106/10822 6004/10824 6006/10825
f 6010/10846 6011/10847 6111/10848
f 6010/10850 6110/10852 6011/10853
f 6010/10850 6111/10851 6110/10852
f 6011/10847 6110/10849 6111/10848
f 6009/10843 6011/10844 6110/10845
f 6010/10854 6009/10855 6110/10856
f 6112/10857 6113/10858 6114/10859
f 6112/10861 6115/10862 6113/10863
f 6112/10861 6114/10864 6115/10862
f 6113/10858 6115/10860 6114/10859
f 6105/10865 6104/10866 6116/10867
f 6105/10869 6117/10870 6104/10871
f 6105/10869 6116/10872 6117/10870
f 6104/10866 6117/10868 6116/10867
f 6111/10873 6110/10874 6118/10875
f 6111/10877 6119/10878 6110/10879
f 6111/10877 6118/10880 6119/10878
f 6110/10881 6119/10882 6118/10883
f 6118/10875 6110/10874 6119/10876
f 6114/10887 6115/10888 6120/10889
f 6114/10891 6121/10892 6115/10893
f 6114/10891 6120/10894 6121/10892
f 6115/10888 6121/10890 6120/10889
f 6112/10884 6114/10885 6120/10886
f 6115/10895 6112/10896 6120/10897
f 6065/10901 6066/10902 6124/10903
f 6065/10907 6122/10908 6066/10909
f 6065/10907 6124/10910 6122/10908
f 6066/10902 6122/10904 6124/10903
f 6124/10903 6122/10904 6125/10905
f 6124/10911 6123/10912 6122/10913
f 6124/10911 6125/10914 6123/10912
f 6122/10904 6123/10906 6125/10905
f 6066/10898 6122/10899 6123/10900
f 6124/10915 6066/10916 6123/10917
f 6106/10918 6109/10919 6126/10920
f 6106/10922 6127/10923 6109/10924
f 6106/10922 6126/10925 6127/10923
f 6109/10919 6127/10921 6126/10920
f 6118/10926 6119/10927 6128/10928
f 6118/10930 6129/10931 6119/10932
f 6118/10930 6128/10933 6129/10931
f 6119/10927 6129/10929 6128/10928
f 6120/10934 6121/10935 6130/10936
f 6120/10938 6131/10939 6121/10940
f 6120/10938 6130/10941 6131/10939
f 6121/10935 6131/10937 6130/10936
f 6126/10945 6127/10946 6134/10947
f 6126/10949 6132/10950 6127/10951
f 6126/10949 6134/10952 6132/10950
f 6127/10946 6132/10948 6134/10947
f 6134/10956 6133/10957 6132/10958
f 6127/10942 6132/10943 6133/10944
f 6134/10953 6127/10954 6133/10955
f 6128/10959 6129/10960 6135/10961
f 6128/10967 6136/10968 6129/10969
f 6128/10963 6135/10966 6136/10964
f 6129/10960 6136/10962 6135/10961
f 6128/10963 6136/10964 6129/10965
f 6129/10960 6135/10961 6128/10959
f 6137/10970 6138/10971 6139/10972
f 6137/10974 6140/10975 6138/10976
f 6137/10974 6139/10977 6140/10975
f 6138/10971 6140/10973 6139/10972
f 6125/10978 6123/10979 6141/10980
f 6125/10984 6143/10985 6123/10986
f 6125/10984 6141/10987 6143/10985
f 6123/10993 6143/10994 6141/10995
f 6141/10990 6143/10991 6142/10992
f 6141/10987 6144/10988 6143/10985
f 6141/10987 6142/10989 6144/10988
f 6143/10982 6144/10983 6142/10981
f 6123/10979 6143/10982 6142/10981
f 6123/10979 6142/10981 6141/10980
f 6139/10996 6140/10997 6145/10998
f 6139/11000 6146/11001 6140/11002
f 6139/11000 6145/11003 6146/11001
f 6140/10997 6146/10999 6145/10998
f 6145/11004 6146/11005 6147/11006
f 6145/11008 6148/11009 6146/11010
f 6145/11008 6147/11011 6148/11009
f 6146/11005 6148/11007 6147/11006
f 6147/11012 6148/11013 6149/11014
f 6147/11020 6150/11021 6148/11022
f 6147/11016 6149/11019 6150/11017
f 6148/11013 6150/11015 6149/11014
f 6147/11016 6150/11017 6148/11018
f 6147/11012 6148/11013 6149/11014
f 6149/11023 6150/11024 6151/11025
f 6149/11031 6152/11032 6150/11033
f 6149/11027 6151/11030 6152/11028
f 6150/11024 6152/11026 6151/11025
f 6149/11027 6152/11028 6150/11029
f 6149/11023 6150/11024 6151/11025
f 6160/11050 6154/11053 6166/11051
f 6160/11050 6166/11051 6167/11052
f 6160/11050 6167/11052 6156/11054
f 6154/11066 6161/11064 6166/11067
f 6154/11066 6153/11062 6161/11064
f 6167/11048 6166/11047 6165/11046
f 6167/11052 6165/11055 6156/11054
f 6166/11047 6161/11042 6165/11046
f 6156/11059 6165/11056 6155/11058
f 6153/11062 6162/11063 6161/11064
f 6153/11062 6157/11065 6162/11063
f 6165/11046 6161/11042 6163/11044
f 6165/11056 6163/11057 6155/11058
f 6161/11042 6162/11043 6163/11044
f 6163/11057 6159/11060 6155/11058
f 6163/11044 6162/11043 6164/11045
f 6163/11057 6164/11061 6159/11060
f 6162/11073 6157/11072 6168/11069
f 6162/11043 6168/11049 6164/11045
f 6157/11072 6158/11070 6168/11069
f 6164/11068 6168/11069 6158/11070
f 6164/11068 6158/11070 6159/11071
f 6154/11035 6160/11041 6156/11037
f 6154/11035 6156/11037 6155/11036
f 6153/11034 6154/11035 6155/11036
f 6157/11038 6153/11034 6155/11036
f 6158/11039 6157/11038 6155/11036
f 6159/11040 6158/11039 6155/11036
f 6171/11099 6183/11097 6172/11096
f 6171/11112 6180/11110 6183/11113
f 6171/11112 6170/11108 6180/11110
f 6172/11096 6183/11097 6182/11098
f 6172/11096 6182/11098 6175/11100
f 6183/11092 6180/11088 6182/11091
f 6182/11091 6180/11088 6181/11090
f 6182/11098 6181/11101 6175/11100
f 6170/11108 6179/11109 6180/11110
f 6170/11108 6174/11111 6179/11109
f 6180/11088 6179/11089 6181/11090
f 6181/11102 6176/11104 6175/11105
f 6181/11090 6179/11089 6184/11093
f 6181/11102 6184/11103 6176/11104
f 6179/11087 6174/11086 6177/11082
f 6179/11089 6177/11094 6184/11093
f 6174/11086 6173/11083 6177/11082
f 6184/11093 6177/11094 6178/11095
f 6184/11103 6178/11107 6169/11106
f 6184/11103 6169/11106 6176/11104
f 6177/11082 6173/11083 6178/11084
f 6178/11084 6173/11083 6169/11085
f 6173/11078 6174/11079 6170/11075
f 6169/11074 6173/11078 6170/11075
f 6169/11074 6170/11075 6171/11076
f 6169/11074 6171/11076 6172/11077
f 6169/11074 6172/11077 6175/11080
f 6169/11074 6175/11080 6176/11081
f 6188/11128 6189/11129 6185/11130
f 6188/11117 6185/11114 6187/11116
f 6188/11125 6187/11126 6189/11127
f 6185/11130 6189/11129 6190/11131
f 6185/11122 6190/11123 6186/11124
f 6185/11114 6186/11115 6187/11116
f 6189/11118 6186/11119 6190/11120
f 6189/11118 6187/11121 6186/11119
f 6196/11149 6191/11147 6195/11146
f 6196/11139 6195/11136 6194/11138
f 6196/11143 6194/11144 6191/11145
f 6195/11146 6191/11147 6193/11148
f 6195/11140 6193/11141 6192/11142
f 6195/11136 6192/11137 6194/11138
f 6191/11132 6192/11133 6193/11134
f 6191/11132 6194/11135 6192/11133
f 6200/11161 6198/11162 6199/11163
f 6200/11161 5551/11165 6198/11162
f 6200/11160 6199/11157 5551/11159
f 6198/11162 6197/11164 6199/11163
f 6198/11153 6187/11155 6197/11156
f 6198/11153 5551/11154 6187/11155
f 6199/11157 6197/11158 5551/11159
f 6197/11150 6187/11151 5551/11152
f 6203/11177 6204/11178 6201/11179
f 6203/11177 6202/11181 6204/11178
f 6203/11169 6201/11166 6202/11168
f 6204/11178 6205/11180 6201/11179
f 6204/11170 6194/11171 6205/11172
f 6204/11170 6202/11173 6194/11171
f 6201/11174 6205/11175 6194/11176
f 6201/11166 6194/11167 6202/11168
f 6208/11193 6209/11194 6206/11195
f 6208/11193 6186/11197 6209/11194
f 6208/11185 6206/11182 6186/11184
f 6209/11194 6210/11196 6206/11195
f 6209/11186 6207/11187 6210/11188
f 6209/11186 6186/11189 6207/11187
f 6206/11190 6210/11191 6207/11192
f 6206/11182 6207/11183 6186/11184
f 6213/11213 6214/11210 6211/11212
f 6213/11201 6207/11202 6214/11203
f 6213/11204 6211/11205 6207/11206
f 6214/11210 6212/11211 6211/11212
f 6214/11207 6207/11208 6212/11209
f 6211/11198 6212/11199 6207/11200
f 6219/11225 6221/11222 6215/11224
f 6219/11229 6223/11231 6221/11232
f 6219/11218 6215/11214 6217/11216
f 6219/11229 6217/11230 6223/11231
f 6221/11222 6222/11223 6215/11224
f 6221/11222 6216/11226 6222/11223
f 6221/11222 6223/11227 6216/11226
f 6215/11224 6222/11223 6216/11226
f 6215/11214 6216/11215 6217/11216
f 6217/11230 6220/11233 6223/11231
f 6217/11230 6218/11234 6220/11233
f 6217/11216 6216/11215 6218/11217
f 6220/11228 6216/11226 6223/11227
f 6220/11219 6218/11220 6216/11221
f 6224/11243 6227/11244 6225/11245
f 6224/11243 6207/11247 6227/11244
f 6224/11235 6225/11236 6207/11237
f 6227/11244 6228/11246 6225/11245
f 6227/11239 6226/11240 6228/11241
f 6227/11239 6207/11242 6226/11240
f 6225/11248 6228/11249 6226/11250
f 6225/11236 6226/11238 6207/11237
f 6234/11270 6244/11271 6233/11272
f 6234/11270 6231/11275 6242/11274
f 6234/11270 6242/11274 6244/11271
f 6233/11272 6244/11271 6243/11273
f 6233/11272 6243/11273 6232/11276
f 6231/11284 6238/11280 6242/11285
f 6231/11284 6235/11278 6238/11280
f 6244/11266 6242/11264 6243/11265
f 6243/11265 6242/11264 6237/11259
f 6243/11273 6237/11277 6232/11276
f 6242/11264 6238/11260 6237/11259
f 6232/11268 6237/11259 6229/11267
f 6237/11259 6238/11260 6239/11261
f 6237/11259 6239/11261 6229/11267
f 6235/11278 6240/11279 6238/11280
f 6235/11278 6236/11281 6240/11279
f 6238/11260 6240/11262 6239/11261
f 6239/11261 6230/11269 6229/11267
f 6239/11261 6240/11262 6241/11263
f 6239/11261 6241/11263 6230/11269
f 6240/11279 6236/11281 6241/11282
f 6241/11282 6236/11281 6230/11283
f 6230/11252 6236/11258 6235/11257
f 6230/11252 6235/11257 6231/11253
f 6229/11251 6230/11252 6231/11253
f 6232/11254 6229/11251 6231/11253
f 6233/11255 6232/11254 6231/11253
f 6233/11255 6231/11253 6234/11256
f 6245/11298 6248/11300 6246/11302
f 6245/11298 6249/11299 6248/11300
f 6245/11286 6246/11287 6247/11288
f 6245/11298 6247/11301 6249/11299
f 6248/11300 6255/11303 6246/11302
f 6248/11313 6250/11314 6255/11315
f 6248/11289 6249/11290 6250/11291
f 6246/11302 6255/11303 6250/11306
f 6246/11302 6250/11306 6247/11301
f 6247/11301 6251/11304 6249/11299
f 6247/11301 6250/11306 6256/11305
f 6247/11301 6256/11305 6251/11304
f 6249/11290 6251/11292 6250/11291
f 6250/11306 6252/11307 6256/11305
f 6250/11291 6251/11292 6252/11293
f 6256/11309 6253/11311 6251/11312
f 6256/11309 6254/11310 6253/11311
f 6256/11305 6252/11307 6254/11308
f 6251/11292 6253/11294 6252/11293
f 6254/11295 6252/11296 6253/11297
f 6260/11333 6261/11335 6267/11334
f 6260/11333 6267/11334 6268/11330
f 6260/11333 6268/11330 6259/11332
f 6261/11328 6266/11326 6267/11329
f 6261/11328 6258/11324 6266/11326
f 6268/11343 6267/11342 6269/11341
f 6268/11330 6269/11331 6259/11332
f 6267/11342 6266/11336 6269/11341
f 6259/11349 6269/11348 6262/11347
f 6269/11341 6266/11336 6270/11338
f 6269/11348 6270/11344 6262/11347
f 6258/11324 6265/11325 6266/11326
f 6258/11324 6257/11327 6265/11325
f 6266/11336 6265/11337 6270/11338
f 6270/11344 6263/11346 6262/11347
f 6270/11338 6265/11337 6271/11339
f 6270/11344 6271/11345 6263/11346
f 6265/11350 6257/11351 6272/11352
f 6265/11337 6272/11340 6271/11339
f 6257/11351 6264/11353 6272/11352
f 6271/11354 6272/11352 6264/11353
f 6271/11354 6264/11353 6263/11355
f 6258/11317 6261/11320 6260/11319
f 6258/11317 6260/11319 6259/11318
f 6257/11316 6258/11317 6259/11318
f 6257/11316 6259/11318 6262/11321
f 6257/11316 6262/11321 6263/11322
f 6257/11316 6263/11322 6264/11323
f 6280/11376 6275/11381 6287/11380
f 6280/11376 6288/11377 6278/11378
f 6280/11376 6287/11380 6288/11377
f 6275/11388 6285/11386 6287/11389
f 6275/11388 6274/11384 6285/11386
f 6288/11377 6286/11379 6278/11378
f 6288/11371 6287/11370 6286/11369
f 6278/11378 6286/11379 6273/11382
f 6287/11370 6285/11368 6286/11369
f 6286/11369 6285/11368 6281/11364
f 6286/11379 6281/11383 6273/11382
f 6274/11384 6282/11385 6285/11386
f 6274/11384 6279/11387 6282/11385
f 6285/11368 6282/11365 6281/11364
f 6281/11364 6276/11374 6273/11375
f 6281/11364 6282/11365 6283/11366
f 6281/11364 6283/11366 6276/11374
f 6282/11365 6284/11367 6283/11366
f 6282/11365 6279/11373 6284/11367
f 6283/11366 6284/11367 6277/11372
f 6283/11366 6277/11372 6276/11374
f 6279/11373 6277/11372 6284/11367
f 6277/11360 6279/11362 6274/11357
f 6276/11359 6277/11360 6274/11357
f 6273/11356 6276/11359 6274/11357
f 6273/11356 6274/11357 6275/11358
f 6278/11361 6273/11356 6275/11358
f 6278/11361 6275/11358 6280/11363
f 6316/11441 6304/11442 6317/11443
f 6316/11441 6302/11445 6304/11442
f 6316/11441 6317/11443 6318/11446
f 6316/11441 6318/11446 6302/11445
f 6304/11442 6301/11444 6317/11443
f 6317/11443 6301/11444 6290/11449
f 6317/11443 6290/11449 6318/11446
f 6301/11444 6303/11450 6290/11449
f 6318/11446 6291/11447 6302/11445
f 6318/11446 6289/11448 6291/11447
f 6318/11446 6290/11449 6289/11448
f 6289/11390 6290/11391 6291/11392
f 6291/11457 6290/11456 6319/11451
f 6291/11457 6319/11451 6306/11458
f 6291/11457 6306/11458 6299/11459
f 6290/11456 6303/11455 6319/11451
f 6303/11455 6294/11452 6319/11451
f 6319/11451 6294/11452 6320/11453
f 6319/11451 6320/11453 6306/11458
f 6294/11452 6293/11454 6320/11453
f 6306/11413 6307/11414 6299/11415
f 6306/11464 6293/11466 6307/11467
f 6306/11464 6320/11465 6293/11466
f 6307/11414 6308/11416 6299/11415
f 6299/11434 6308/11431 6314/11433
f 6299/11428 6314/11429 6312/11422
f 6299/11428 6312/11422 6309/11430
f 6308/11431 6292/11432 6314/11433
f 6314/11471 6292/11468 6313/11470
f 6314/11429 6313/11427 6312/11422
f 6292/11468 6305/11469 6313/11470
f 6313/11427 6305/11426 6312/11422
f 6305/11426 6297/11423 6312/11422
f 6309/11473 6295/11475 6298/11474
f 6309/11430 6312/11422 6310/11424
f 6309/11440 6311/11435 6295/11439
f 6309/11419 6310/11420 6311/11421
f 6312/11422 6297/11423 6310/11424
f 6297/11423 6300/11425 6310/11424
f 6311/11435 6296/11438 6295/11439
f 6311/11435 6315/11437 6296/11438
f 6311/11435 6310/11436 6315/11437
f 6315/11460 6300/11461 6296/11462
f 6315/11460 6310/11463 6300/11461
f 6299/11472 6309/11473 6298/11474
f 6292/11417 6308/11416 6307/11414
f 6292/11417 6307/11414 6293/11418
f 6301/11402 6304/11408 6302/11403
f 6302/11403 6291/11405 6299/11404
f 6296/11397 6300/11401 6297/11398
f 6295/11396 6296/11397 6297/11398
f 6298/11399 6295/11396 6297/11398
f 6292/11393 6293/11394 6294/11395
f 6305/11409 6292/11410 6294/11411
f 6297/11412 6305/11409 6294/11411
f 6301/11402 6302/11403 6299/11404
f 6299/11400 6298/11399 6297/11398
f 6303/11406 6301/11402 6299/11404
f 6294/11407 6303/11406 6299/11404
f 6341/11532 6348/11533 6340/11534
f 6341/11532 6350/11536 6348/11533
f 6341/11497 6340/11496 6339/11495
f 6341/11532 6339/11537 6350/11536
f 6348/11533 6349/11535 6340/11534
f 6340/11563 6349/11562 6338/11559
f 6340/11496 6338/11494 6339/11495
f 6349/11562 6342/11560 6338/11559
f 6339/11546 6352/11547 6350/11548
f 6339/11495 6338/11494 6336/11492
f 6339/11546 6336/11549 6352/11547
f 6338/11559 6342/11560 6252/11561
f 6338/11494 6252/11487 6336/11492
f 6252/11487 6335/11491 6336/11492
f 6252/11487 6332/11488 6335/11491
f 6252/11487 6326/11481 6332/11488
f 6336/11549 6351/11550 6352/11547
f 6336/11549 6335/11551 6351/11550
f 6335/11538 6346/11539 6351/11540
f 6335/11491 6332/11488 6337/11493
f 6335/11538 6337/11541 6346/11539
f 6332/11506 6345/11507 6343/11508
f 6332/11506 6343/11508 6337/11510
f 6332/11506 6326/11509 6345/11507
f 6343/11508 6346/11511 6337/11510
f 6326/11528 6344/11529 6345/11530
f 6326/11528 6330/11531 6344/11529
f 6326/11481 6328/11483 6330/11485
f 6326/11481 6327/11482 6328/11483
f 6330/11521 6321/11522 6344/11523
f 6330/11521 6331/11524 6321/11522
f 6330/11485 6328/11483 6331/11486
f 6331/11555 6324/11556 6321/11557
f 6331/11555 6328/11558 6324/11556
f 6327/11519 6323/11518 6329/11512
f 6327/11482 6329/11484 6328/11483
f 6323/11518 6347/11513 6329/11512
f 6328/11542 6322/11543 6324/11544
f 6328/11483 6329/11484 6333/11489
f 6328/11542 6333/11545 6322/11543
f 6329/11512 6347/11513 6334/11514
f 6329/11484 6334/11490 6333/11489
f 6347/11513 6325/11515 6334/11514
f 6334/11514 6325/11515 6333/11516
f 6325/11515 6322/11517 6333/11516
f 6327/11482 6326/11481 6252/11487
f 6343/11501 6345/11504 6344/11502
f 6343/11501 6344/11502 6321/11503
f 6346/11505 6343/11501 6321/11503
f 6352/11547 6351/11550 6346/11553
f 6350/11548 6352/11547 6346/11553
f 6348/11552 6350/11548 6346/11553
f 6321/11476 6324/11479 6322/11477
f 6323/11518 6327/11519 6252/11520
f 6325/11525 6347/11526 6323/11527
f 6322/11477 6325/11480 6323/11478
f 6321/11476 6322/11477 6323/11478
f 6323/11498 6252/11499 6342/11500
f 6349/11554 6348/11552 6346/11553
f 6353/11564 6354/11565 6355/11566
f 6353/11574 6356/11575 6355/11576
f 6353/11570 6355/11571 6357/11572
f 6353/11570 6357/11572 6356/11573
f 6355/11576 6356/11575 6357/11577
f 6354/11567 6353/11568 6356/11569
f 6354/11578 6356/11579 6355/11580
f 6358/11581 6359/11582 6354/11583
f 6358/11592 6354/11593 6362/11594
f 6358/11584 6360/11585 6359/11586
f 6358/11592 6362/11594 6360/11595
f 6354/11588 6359/11589 6361/11590
f 6354/11588 6361/11590 6362/11591
f 6359/11586 6360/11585 6361/11587
f 6360/11596 6362/11597 6361/11598
f 6363/11599 6364/11600 6365/11601
f 6363/11610 6365/11611 6368/11612
f 6363/11602 6366/11603 6364/11604
f 6363/11610 6368/11612 6366/11613
f 6365/11606 6364/11607 6367/11608
f 6365/11606 6367/11608 6368/11609
f 6364/11604 6366/11603 6367/11605
f 6366/11614 6368/11615 6367/11616
f 6369/11617 6370/11618 6371/11619
f 6369/11630 6371/11631 6374/11632
f 6369/11620 6372/11621 6370/11622
f 6369/11630 6374/11632 6372/11633
f 6371/11624 6370/11625 6373/11626
f 6371/11624 6373/11626 6374/11627
f 6377/11641 6376/11642 6370/11643
f 6377/11637 6370/11638 6373/11639
f 6377/11647 6378/11648 6376/11649
f 6377/11637 6373/11639 6378/11640
f 6370/11625 6376/11629 6375/11628
f 6370/11622 6372/11621 6373/11623
f 6370/11625 6375/11628 6373/11626
f 6376/11649 6378/11648 6375/11650
f 6372/11634 6374/11635 6373/11636
f 6378/11644 6373/11645 6375/11646
f 6379/11651 6380/11652 6381/11653
f 6379/11661 6381/11666 6383/11665
f 6379/11661 6384/11662 6380/11663
f 6379/11661 6383/11665 6384/11662
f 6381/11654 6380/11655 6382/11656
f 6381/11654 6382/11656 6383/11657
f 6380/11663 6384/11662 6382/11664
f 6384/11658 6383/11659 6382/11660
f 6385/11667 6386/11668 6387/11669
f 6385/11678 6387/11679 6390/11680
f 6385/11670 6388/11671 6386/11672
f 6385/11678 6390/11680 6388/11681
f 6387/11674 6386/11675 6389/11676
f 6387/11674 6389/11676 6390/11677
f 6386/11672 6388/11671 6389/11673
f 6388/11682 6390/11683 6389/11684
f 6391/11685 6392/11686 6393/11687
f 6391/11696 6393/11697 6396/11698
f 6391/11688 6394/11689 6392/11690
f 6391/11696 6396/11698 6394/11699
f 6393/11692 6392/11693 6395/11694
f 6393/11692 6395/11694 6396/11695
f 6392/11690 6394/11689 6395/11691
f 6394/11700 6396/11701 6395/11702
f 6397/11703 6398/11704 6399/11705
f 6397/11706 6400/11707 6398/11708
f 6397/11714 6399/11715 6402/11716
f 6397/11714 6402/11716 6400/11717
f 6398/11710 6401/11711 6399/11712
f 6398/11708 6400/11707 6401/11709
f 6399/11712 6401/11711 6402/11713
f 6400/11718 6402/11719 6401/11720
f 6403/11721 6404/11722 6405/11723
f 6403/11732 6405/11733 6408/11734
f 6403/11724 6406/11725 6404/11726
f 6403/11732 6408/11734 6406/11735
f 6405/11728 6404/11729 6407/11730
f 6405/11728 6407/11730 6408/11731
f 6404/11726 6406/11725 6407/11727
f 6406/11736 6408/11737 6407/11738
f 6409/11739 6410/11740 6411/11741
f 6409/11750 6411/11751 6414/11752
f 6409/11742 6412/11743 6410/11744
f 6409/11750 6414/11752 6412/11753
f 6411/11746 6410/11747 6413/11748
f 6411/11746 6413/11748 6414/11749
f 6410/11744 6412/11743 6413/11745
f 6412/11754 6414/11755 6413/11756
f 6415/11757 6416/11758 6417/11759
f 6415/11768 6417/11769 6420/11770
f 6415/11760 6418/11761 6416/11762
f 6415/11768 6420/11770 6418/11771
f 6417/11764 6416/11765 6419/11766
f 6417/11764 6419/11766 6420/11767
f 6416/11762 6418/11761 6419/11763
f 6418/11772 6420/11773 6419/11774
f 6421/11775 6422/11776 6423/11777
f 6421/11786 6423/11787 6426/11788
f 6421/11778 6424/11779 6422/11780
f 6421/11786 6426/11788 6424/11789
f 6423/11782 6422/11783 6425/11784
f 6423/11782 6425/11784 6426/11785
f 6422/11780 6424/11779 6425/11781
f 6424/11790 6426/11791 6425/11792
f 6427/11793 6428/11794 6429/11795
f 6427/11804 6429/11805 6432/11806
f 6427/11796 6430/11797 6428/11798
f 6427/11804 6432/11806 6430/11807
f 6429/11800 6428/11801 6431/11802
f 6429/11800 6431/11802 6432/11803
f 6428/11798 6430/11797 6431/11799
f 6430/11808 6432/11809 6431/11810
f 6356/11811 6362/11812 6357/11813
f 6433/11814 6434/11815 6435/11816
f 6433/11825 6435/11826 6438/11827
f 6433/11817 6436/11818 6434/11819
f 6433/11825 6438/11827 6436/11828
f 6435/11821 6434/11822 6437/11823
f 6435/11821 6437/11823 6438/11824
f 6434/11819 6436/11818 6437/11820
f 6436/11829 6438/11830 6437/11831
f 6439/11832 6440/11833 6441/11834
f 6439/11845 6443/11843 6440/11842
f 6439/11835 6441/11836 6442/11837
f 6439/11835 6442/11837 6443/11838
f 6440/11842 6444/11844 6441/11846
f 6440/11842 6443/11843 6444/11844
f 6441/11846 6444/11844 6442/11847
f 6443/11839 6442/11840 6444/11841
f 6445/11848 6446/11849 6447/11850
f 6445/11859 6447/11860 6450/11861
f 6445/11851 6448/11852 6446/11853
f 6445/11859 6450/11861 6448/11862
f 6447/11855 6446/11856 6449/11857
f 6447/11855 6449/11857 6450/11858
f 6446/11853 6448/11852 6449/11854
f 6448/11863 6450/11864 6449/11865
f 6451/11866 6452/11867 6453/11868
f 6451/11877 6453/11878 6456/11879
f 6451/11869 6454/11870 6452/11871
f 6451/11877 6456/11879 6454/11880
f 6453/11873 6452/11874 6455/11875
f 6453/11873 6455/11875 6456/11876
f 6452/11871 6454/11870 6455/11872
f 6454/11881 6456/11882 6455/11883
f 6457/11884 6458/11885 6459/11886
f 6457/11895 6459/11896 6462/11897
f 6457/11887 6460/11888 6458/11889
f 6457/11895 6462/11897 6460/11898
f 6459/11891 6458/11892 6461/11893
f 6459/11891 6461/11893 6462/11894
f 6458/11889 6460/11888 6461/11890
f 6460/11899 6462/11900 6461/11901
f 6468/11921 6467/11924 6476/11922
f 6468/11921 6476/11922 6477/11923
f 6468/11921 6477/11923 6463/11925
f 6467/11931 6474/11929 6476/11932
f 6467/11931 6465/11927 6474/11929
f 6477/11916 6476/11915 6475/11914
f 6477/11923 6475/11926 6463/11925
f 6476/11915 6474/11913 6475/11914
f 6463/11920 6475/11914 6464/11918
f 6465/11927 6472/11928 6474/11929
f 6465/11927 6466/11930 6472/11928
f 6475/11914 6474/11913 6471/11910
f 6475/11914 6471/11910 6464/11918
f 6474/11913 6472/11911 6471/11910
f 6471/11910 6469/11919 6464/11918
f 6471/11910 6472/11911 6473/11912
f 6471/11910 6473/11912 6469/11919
f 6472/11936 6466/11933 6478/11935
f 6472/11911 6478/11917 6473/11912
f 6466/11933 6470/11934 6478/11935
f 6473/11937 6478/11935 6470/11934
f 6473/11937 6470/11934 6469/11938
f 6469/11908 6470/11909 6466/11905
f 6464/11903 6469/11908 6466/11905
f 6464/11903 6466/11905 6465/11904
f 6463/11902 6464/11903 6465/11904
f 6463/11902 6465/11904 6467/11906
f 6463/11902 6467/11906 6468/11907
f 6493/11967 6490/11970 6483/11968
f 6493/11967 6483/11968 6484/11969
f 6493/11967 6484/11969 6494/11971
f 6490/11950 6479/11939 6483/11943
f 6490/11950 6489/11949 6479/11939
f 6484/11944 6483/11943 6482/11942
f 6484/11969 6482/11972 6494/11971
f 6483/11943 6479/11939 6482/11942
f 6494/11966 6482/11965 6491/11961
f 6489/11949 6480/11940 6479/11939
f 6489/11949 6487/11947 6480/11940
f 6482/11942 6479/11939 6481/11941
f 6482/11965 6481/11959 6491/11961
f 6479/11939 6480/11940 6481/11941
f 6481/11959 6492/11960 6491/11961
f 6481/11941 6480/11940 6485/11945
f 6481/11959 6485/11962 6492/11960
f 6480/11940 6487/11947 6486/11946
f 6480/11940 6486/11946 6485/11945
f 6487/11947 6488/11948 6486/11946
f 6485/11962 6486/11964 6488/11963
f 6485/11962 6488/11963 6492/11960
f 6493/11957 6494/11958 6491/11953
f 6490/11954 6493/11957 6491/11953
f 6489/11952 6490/11954 6491/11953
f 6487/11951 6489/11952 6491/11953
f 6488/11955 6487/11951 6491/11953
f 6492/11956 6488/11955 6491/11953
f 6495/11981 6502/11984 6503/11982
f 6495/11981 6503/11982 6504/11983
f 6495/11981 6504/11983 6496/11987
f 6502/11984 6505/11985 6503/11982
f 6502/11984 6500/11986 6505/11985
f 6504/12002 6503/11999 6506/11998
f 6504/11983 6506/11988 6496/11987
f 6503/11999 6505/11995 6506/11998
f 6500/11993 6507/11989 6505/11994
f 6500/11993 6499/11990 6507/11989
f 6496/12006 6506/12003 6498/12005
f 6506/11998 6505/11995 6509/11997
f 6506/12003 6509/12004 6498/12005
f 6505/11995 6507/11996 6509/11997
f 6509/11997 6507/11996 6510/12000
f 6509/12004 6501/12007 6498/12005
f 6509/12004 6510/12008 6501/12007
f 6507/11989 6499/11990 6508/11991
f 6507/11996 6508/12001 6510/12000
f 6499/11990 6497/11992 6508/11991
f 6510/12009 6508/12012 6497/12010
f 6510/12009 6497/12010 6501/12011
f 6498/11976 6501/11979 6497/11975
f 6496/11974 6498/11976 6497/11975
f 6495/11973 6496/11974 6497/11975
f 6495/11973 6497/11975 6499/11977
f 6495/11973 6499/11977 6500/11978
f 6502/11980 6495/11973 6500/11978
f 6513/12025 6512/12021 6520/12023
f 6513/12025 6520/12023 6521/12026
f 6513/12046 6521/12043 6516/12045
f 6512/12021 6519/12022 6520/12023
f 6512/12021 6515/12024 6519/12022
f 6521/12032 6520/12030 6522/12027
f 6521/12043 6522/12044 6516/12045
f 6520/12030 6519/12028 6522/12027
f 6515/12051 6524/12047 6519/12052
f 6515/12051 6514/12048 6524/12047
f 6516/12040 6522/12039 6517/12038
f 6522/12027 6519/12028 6523/12029
f 6522/12039 6523/12035 6517/12038
f 6519/12028 6524/12031 6523/12029
f 6523/12029 6524/12031 6525/12033
f 6523/12035 6518/12037 6517/12038
f 6523/12035 6525/12036 6518/12037
f 6524/12047 6514/12048 6526/12049
f 6524/12031 6526/12034 6525/12033
f 6514/12048 6511/12050 6526/12049
f 6525/12036 6526/12042 6511/12041
f 6525/12036 6511/12041 6518/12037
f 6514/12016 6515/12017 6512/12014
f 6511/12013 6514/12016 6512/12014
f 6511/12013 6512/12014 6513/12015
f 6511/12013 6513/12015 6516/12018
f 6511/12013 6516/12018 6517/12019
f 6518/12020 6511/12013 6517/12019
f 6537/12066 6535/12064 6529/12063
f 6537/12077 6529/12081 6531/12078
f 6537/12077 6531/12078 6535/12079
f 6529/12063 6535/12064 6530/12065
f 6535/12064 6527/12067 6530/12065
f 6535/12064 6532/12068 6527/12067
f 6535/12061 6533/12059 6532/12058
f 6535/12061 6536/12062 6533/12059
f 6535/12079 6531/12078 6536/12080
f 6532/12073 6528/12074 6527/12075
f 6532/12058 6533/12059 6534/12060
f 6532/12073 6534/12076 6528/12074
f 6533/12059 6536/12062 6534/12060
f 6536/12069 6531/12070 6534/12071
f 6531/12070 6528/12072 6534/12071
f 6528/12054 6531/12057 6529/12055
f 6527/12053 6528/12054 6529/12055
f 6527/12053 6529/12055 6530/12056
f 6542/12090 6539/12093 6546/12091
f 6542/12090 6546/12091 6547/12092
f 6542/12090 6547/12092 6544/12094
f 6539/12102 6550/12098 6546/12103
f 6539/12102 6538/12096 6550/12098
f 6547/12115 6546/12114 6548/12105
f 6547/12092 6548/12095 6544/12094
f 6546/12114 6550/12113 6548/12105
f 6544/12104 6548/12105 6540/12106
f 6538/12096 6549/12097 6550/12098
f 6538/12096 6545/12099 6549/12097
f 6548/12105 6550/12113 6552/12107
f 6548/12105 6552/12107 6540/12106
f 6550/12113 6549/12112 6552/12107
f 6552/12107 6541/12108 6540/12106
f 6552/12107 6549/12112 6553/12109
f 6552/12107 6553/12109 6541/12108
f 6549/12097 6545/12099 6551/12100
f 6549/12112 6551/12111 6553/12109
f 6545/12099 6543/12101 6551/12100
f 6553/12109 6551/12111 6543/12110
f 6553/12109 6543/12110 6541/12108
f 6542/12086 6544/12088 6540/12084
f 6539/12083 6542/12086 6540/12084
f 6538/12082 6539/12083 6540/12084
f 6538/12082 6540/12084 6541/12085
f 6538/12082 6541/12085 6543/12087
f 6545/12089 6538/12082 6543/12087
f 6559/12133 6556/12135 6566/12134
f 6559/12133 6566/12134 6565/12130
f 6559/12133 6565/12130 6561/12132
f 6556/12135 6567/12136 6566/12134
f 6556/12135 6555/12137 6567/12136
f 6565/12149 6566/12148 6564/12147
f 6565/12130 6564/12131 6561/12132
f 6566/12148 6567/12145 6564/12147
f 6561/12129 6564/12128 6560/12127
f 6555/12144 6569/12141 6567/12145
f 6555/12144 6558/12138 6569/12141
f 6564/12147 6567/12145 6562/12146
f 6564/12128 6562/12124 6560/12127
f 6567/12145 6569/12141 6562/12146
f 6562/12124 6554/12126 6560/12127
f 6562/12146 6569/12141 6563/12142
f 6562/12124 6563/12125 6554/12126
f 6569/12141 6558/12138 6568/12140
f 6569/12141 6568/12140 6563/12142
f 6558/12138 6557/12139 6568/12140
f 6563/12142 6568/12140 6557/12139
f 6563/12142 6557/12139 6554/12143
f 6557/12119 6558/12120 6555/12117
f 6554/12116 6557/12119 6555/12117
f 6554/12116 6555/12117 6556/12118
f 6554/12116 6556/12118 6559/12121
f 6560/12122 6554/12116 6559/12121
f 6561/12123 6560/12122 6559/12121
f 6580/12184 6583/12189 6574/12188
f 6580/12184 6574/12188 6575/12185
f 6580/12184 6575/12185 6582/12186
f 6583/12179 6570/12180 6574/12181
f 6583/12179 6585/12182 6570/12180
f 6575/12155 6574/12154 6573/12153
f 6575/12185 6573/12187 6582/12186
f 6574/12154 6570/12150 6573/12153
f 6582/12176 6573/12173 6584/12175
f 6585/12182 6571/12183 6570/12180
f 6585/12170 6579/12167 6571/12166
f 6573/12153 6570/12150 6572/12152
f 6573/12173 6572/12174 6584/12175
f 6570/12150 6571/12151 6572/12152
f 6572/12174 6581/12177 6584/12175
f 6572/12152 6571/12151 6576/12156
f 6572/12174 6576/12178 6581/12177
f 6571/12166 6579/12167 6577/12168
f 6571/12151 6577/12157 6576/12156
f 6579/12167 6578/12169 6577/12168
f 6576/12171 6577/12168 6578/12169
f 6576/12171 6578/12169 6581/12172
f 6579/12159 6585/12165 6583/12163
f 6579/12159 6583/12163 6580/12160
f 6578/12158 6579/12159 6580/12160
f 6581/12161 6578/12158 6580/12160
f 6581/12161 6580/12160 6582/12162
f 6581/12161 6582/12162 6584/12164
f 6599/12206 6591/12208 6598/12209
f 6599/12206 6596/12210 6590/12207
f 6599/12206 6590/12207 6591/12208
f 6598/12228 6591/12229 6588/12225
f 6598/12228 6588/12225 6594/12224
f 6596/12210 6586/12211 6590/12207
f 6596/12221 6595/12219 6586/12218
f 6590/12194 6588/12192 6591/12195
f 6590/12194 6586/12190 6588/12192
f 6586/12218 6595/12219 6589/12220
f 6586/12190 6587/12191 6588/12192
f 6586/12190 6589/12193 6587/12191
f 6594/12224 6588/12225 6587/12226
f 6594/12224 6587/12226 6600/12227
f 6595/12219 6597/12222 6589/12220
f 6589/12220 6597/12222 6593/12223
f 6589/12193 6592/12196 6587/12191
f 6589/12193 6593/12197 6592/12196
f 6600/12216 6587/12217 6592/12213
f 6600/12216 6592/12213 6601/12212
f 6597/12215 6601/12212 6593/12214
f 6601/12212 6592/12213 6593/12214
f 6600/12204 6601/12205 6597/12201
f 6594/12198 6600/12204 6597/12201
f 6594/12198 6597/12201 6595/12199
f 6594/12198 6595/12199 6596/12200
f 6598/12202 6594/12198 6596/12200
f 6598/12202 6596/12200 6599/12203
f 6602/12255 6615/12256 6605/12257
f 6602/12255 6609/12252 6617/12254
f 6602/12255 6617/12254 6615/12256
f 6605/12268 6610/12265 6608/12264
f 6605/12268 6615/12269 6610/12265
f 6609/12252 6616/12253 6617/12254
f 6609/12263 6607/12261 6616/12262
f 6617/12245 6616/12244 6615/12243
f 6608/12264 6613/12266 6603/12267
f 6608/12264 6610/12265 6613/12266
f 6607/12261 6611/12260 6616/12262
f 6607/12261 6606/12258 6611/12260
f 6615/12243 6616/12244 6611/12239
f 6615/12243 6611/12239 6610/12238
f 6603/12250 6614/12247 6604/12246
f 6603/12250 6613/12251 6614/12247
f 6606/12258 6612/12259 6611/12260
f 6606/12249 6604/12246 6612/12248
f 6610/12238 6611/12239 6612/12240
f 6610/12238 6612/12240 6613/12241
f 6604/12246 6614/12247 6612/12248
f 6613/12241 6612/12240 6614/12242
f 6605/12233 6608/12236 6603/12231
f 6602/12230 6605/12233 6603/12231
f 6602/12230 6603/12231 6604/12232
f 6602/12230 6604/12232 6606/12234
f 6602/12230 6606/12234 6607/12235
f 6602/12230 6607/12235 6609/12237
f 6621/12305 6624/12301 6645/12302
f 6621/12305 6631/12313 6618/12314
f 6621/12305 6645/12302 6631/12313
f 6624/12301 6625/12300 6643/12298
f 6624/12301 6643/12298 6645/12302
f 6625/12336 6620/12328 6644/12335
f 6625/12300 6644/12299 6643/12298
f 6620/12328 6622/12323 6656/12327
f 6620/12328 6656/12327 6644/12335
f 6618/12285 6632/12284 6619/12286
f 6618/12285 6631/12283 6632/12284
f 6619/12286 6633/12287 6623/12288
f 6619/12286 6632/12284 6633/12287
f 6622/12323 6623/12322 6653/12321
f 6622/12323 6653/12321 6656/12327
f 6623/12322 6633/12320 6653/12321
f 6643/12298 6642/12297 6645/12302
f 6643/12298 6644/12299 6637/12292
f 6643/12298 6637/12292 6642/12297
f 6645/12302 6626/12312 6631/12313
f 6645/12302 6642/12297 6626/12312
f 6644/12335 6656/12327 6638/12334
f 6644/12299 6638/12293 6637/12292
f 6631/12283 6628/12280 6632/12284
f 6631/12283 6626/12278 6628/12280
f 6656/12327 6655/12326 6638/12334
f 6656/12327 6653/12321 6655/12326
f 6632/12284 6634/12289 6633/12287
f 6632/12284 6628/12280 6634/12289
f 6642/12297 6637/12292 6641/12296
f 6642/12297 6629/12307 6626/12312
f 6642/12297 6641/12296 6629/12307
f 6637/12292 6638/12293 6639/12294
f 6637/12292 6639/12294 6641/12296
f 6638/12334 6655/12326 6640/12331
f 6638/12293 6640/12295 6639/12294
f 6653/12321 6633/12320 6651/12315
f 6653/12321 6651/12315 6655/12326
f 6626/12278 6627/12279 6628/12280
f 6626/12278 6629/12281 6627/12279
f 6633/12320 6634/12316 6651/12315
f 6655/12326 6651/12315 6654/12324
f 6655/12326 6654/12324 6640/12331
f 6628/12280 6635/12290 6634/12289
f 6628/12280 6627/12279 6635/12290
f 6651/12315 6634/12316 6652/12317
f 6651/12315 6652/12317 6654/12324
f 6634/12316 6635/12318 6652/12317
f 6641/12296 6639/12294 6648/12306
f 6641/12296 6649/12308 6629/12307
f 6641/12296 6648/12306 6649/12308
f 6639/12294 6640/12295 6646/12303
f 6639/12294 6646/12303 6648/12306
f 6640/12331 6654/12324 6647/12330
f 6640/12295 6647/12304 6646/12303
f 6629/12281 6630/12282 6627/12279
f 6629/12307 6649/12308 6630/12309
f 6654/12324 6652/12317 6657/12329
f 6654/12324 6657/12329 6647/12330
f 6627/12279 6636/12291 6635/12290
f 6627/12279 6630/12282 6636/12291
f 6635/12318 6650/12319 6652/12317
f 6635/12318 6636/12325 6650/12319
f 6652/12317 6650/12319 6657/12329
f 6649/12308 6648/12306 6650/12311
f 6649/12308 6636/12310 6630/12309
f 6649/12308 6650/12311 6636/12310
f 6648/12333 6646/12332 6657/12329
f 6648/12333 6657/12329 6650/12319
f 6646/12332 6647/12330 6657/12329
f 6619/12271 6623/12275 6622/12274
f 6619/12271 6622/12274 6620/12272
f 6618/12270 6619/12271 6620/12272
f 6621/12273 6618/12270 6620/12272
f 6624/12276 6621/12273 6620/12272
f 6624/12276 6620/12272 6625/12277
f 3815/12337 1865/12338 1847/12339
f 3230/12340 1858/12341 3815/12342
f 3232/12343 3230/12344 3815/12345
f 5840/12346 5839/12347 5841/12348
f 5840/12349 5841/12350 5838/12351
f 5876/12352 5874/12353 5871/12354
f 5945/12355 5944/12356 5946/12357
f 5946/12358 5943/12359 5945/12360
f 5991/12361 5992/12362 5986/12363
f 6065/12364 6063/12365 6066/12366
f 6066/12367 6064/12368 6065/12369
f 6118/12370 6119/12371 6111/12372
f 4241/12373 3833/12374 2267/12375
